ISO-10303-21;
HEADER;
/* Generated by software containing ST-Developer
 * from STEP Tools, Inc. (www.steptools.com) 
 */

FILE_DESCRIPTION(
/* description */ (''),
/* implementation_level */ '2;1');

FILE_NAME(
/* name */ 'XO5_Lid_V4.0.step',
/* time_stamp */ '2026-10-01T17:08:58+03:00',
/* author */ (''),
/* organization */ (''),
/* preprocessor_version */ 'ST-DEVELOPER v20.2',
/* originating_system */ 'Autodesk Translation Framework v15.15.0.0',
/* authorisation */ '');

FILE_SCHEMA (('AUTOMOTIVE_DESIGN { 1 0 10303 214 3 1 1 }'));
ENDSEC;

DATA;
#10=MECHANICAL_DESIGN_GEOMETRIC_PRESENTATION_REPRESENTATION('',(#13),#2206);
#11=SHAPE_REPRESENTATION_RELATIONSHIP('SRR','None',#2213,#12);
#12=ADVANCED_BREP_SHAPE_REPRESENTATION('',(#14),#2205);
#13=STYLED_ITEM('',(#2222),#14);
#14=MANIFOLD_SOLID_BREP('Body1',#656);
#15=TOROIDAL_SURFACE('',#707,35.,14.);
#16=FACE_BOUND('',#115,.T.);
#17=FACE_BOUND('',#118,.T.);
#18=B_SPLINE_SURFACE_WITH_KNOTS('',3,3,((#1334,#1335,#1336,#1337),(#1338,
#1339,#1340,#1341),(#1342,#1343,#1344,#1345),(#1346,#1347,#1348,#1349),
(#1350,#1351,#1352,#1353),(#1354,#1355,#1356,#1357)),.UNSPECIFIED.,.F.,
 .F.,.F.,(4,1,1,4),(4,4),(0.,0.285714285714286,0.571428571428571,1.),(1.29172682663917,
2.36134847444815),.UNSPECIFIED.);
#19=B_SPLINE_SURFACE_WITH_KNOTS('',3,3,((#1377,#1378,#1379,#1380,#1381,
#1382,#1383,#1384),(#1385,#1386,#1387,#1388,#1389,#1390,#1391,#1392),(#1393,
#1394,#1395,#1396,#1397,#1398,#1399,#1400),(#1401,#1402,#1403,#1404,#1405,
#1406,#1407,#1408),(#1409,#1410,#1411,#1412,#1413,#1414,#1415,#1416)),
 .UNSPECIFIED.,.F.,.F.,.F.,(4,1,4),(4,2,1,1,4),(0.,0.571428571428571,1.),
(-0.00119706986614198,0.,0.327008219470709,0.490512329206064,0.817520548676773),
 .UNSPECIFIED.);
#20=B_SPLINE_SURFACE_WITH_KNOTS('',3,3,((#1425,#1426,#1427,#1428,#1429,
#1430,#1431,#1432,#1433,#1434,#1435,#1436,#1437,#1438,#1439,#1440,#1441,
#1442,#1443),(#1444,#1445,#1446,#1447,#1448,#1449,#1450,#1451,#1452,#1453,
#1454,#1455,#1456,#1457,#1458,#1459,#1460,#1461,#1462),(#1463,#1464,#1465,
#1466,#1467,#1468,#1469,#1470,#1471,#1472,#1473,#1474,#1475,#1476,#1477,
#1478,#1479,#1480,#1481),(#1482,#1483,#1484,#1485,#1486,#1487,#1488,#1489,
#1490,#1491,#1492,#1493,#1494,#1495,#1496,#1497,#1498,#1499,#1500),(#1501,
#1502,#1503,#1504,#1505,#1506,#1507,#1508,#1509,#1510,#1511,#1512,#1513,
#1514,#1515,#1516,#1517,#1518,#1519),(#1520,#1521,#1522,#1523,#1524,#1525,
#1526,#1527,#1528,#1529,#1530,#1531,#1532,#1533,#1534,#1535,#1536,#1537,
#1538)),.UNSPECIFIED.,.F.,.F.,.F.,(4,1,1,4),(4,1,1,1,1,1,1,1,1,1,1,1,1,
1,1,1,4),(0.,0.285714285714286,0.571428571428571,1.),(1.21416042726721,
2.12618166311487,3.03820289896254,3.34220997757843,3.64621705619431,3.79822059550226,
3.9502241348102,4.25423121342609,4.33023298308006,4.40623475273403,4.55823829204198,
4.71024183134992,4.86224537065787,5.3182559885817,5.77426660650553,6.6862878423532,
7.59830907820086),.UNSPECIFIED.);
#21=B_SPLINE_SURFACE_WITH_KNOTS('',3,3,((#1586,#1587,#1588,#1589,#1590,
#1591,#1592,#1593),(#1594,#1595,#1596,#1597,#1598,#1599,#1600,#1601),(#1602,
#1603,#1604,#1605,#1606,#1607,#1608,#1609),(#1610,#1611,#1612,#1613,#1614,
#1615,#1616,#1617),(#1618,#1619,#1620,#1621,#1622,#1623,#1624,#1625)),
 .UNSPECIFIED.,.F.,.F.,.F.,(4,1,4),(4,2,1,1,4),(0.,0.571428571428571,1.),
(-1.08899576638616,-1.08776432748719,-0.597276301820188,-0.43378029326452,
-0.270284284708851),.UNSPECIFIED.);
#22=B_SPLINE_SURFACE_WITH_KNOTS('',3,3,((#1634,#1635,#1636,#1637),(#1638,
#1639,#1640,#1641),(#1642,#1643,#1644,#1645),(#1646,#1647,#1648,#1649),
(#1650,#1651,#1652,#1653),(#1654,#1655,#1656,#1657)),.UNSPECIFIED.,.F.,
 .F.,.F.,(4,1,1,4),(4,4),(0.,0.285714285714286,0.571428571428571,1.),(0.463563242246412,
1.53299452582859),.UNSPECIFIED.);
#23=B_SPLINE_SURFACE_WITH_KNOTS('',3,1,((#1662,#1663),(#1664,#1665),(#1666,
#1667),(#1668,#1669),(#1670,#1671),(#1672,#1673),(#1674,#1675),(#1676,#1677),
(#1678,#1679),(#1680,#1681),(#1682,#1683),(#1684,#1685),(#1686,#1687),(#1688,
#1689),(#1690,#1691),(#1692,#1693),(#1694,#1695),(#1696,#1697),(#1698,#1699),
(#1700,#1701),(#1702,#1703),(#1704,#1705),(#1706,#1707),(#1708,#1709),(#1710,
#1711),(#1712,#1713),(#1714,#1715),(#1716,#1717),(#1718,#1719),(#1720,#1721),
(#1722,#1723),(#1724,#1725),(#1726,#1727),(#1728,#1729),(#1730,#1731),(#1732,
#1733),(#1734,#1735),(#1736,#1737),(#1738,#1739),(#1740,#1741),(#1742,#1743),
(#1744,#1745),(#1746,#1747),(#1748,#1749),(#1750,#1751),(#1752,#1753),(#1754,
#1755),(#1756,#1757),(#1758,#1759),(#1760,#1761),(#1762,#1763),(#1764,#1765),
(#1766,#1767),(#1768,#1769),(#1770,#1771),(#1772,#1773),(#1774,#1775),(#1776,
#1777),(#1778,#1779),(#1780,#1781),(#1782,#1783),(#1784,#1785),(#1786,#1787),
(#1788,#1789),(#1790,#1791),(#1792,#1793),(#1794,#1795),(#1796,#1797),(#1798,
#1799),(#1800,#1801),(#1802,#1803),(#1804,#1805),(#1806,#1807),(#1808,#1809),
(#1810,#1811),(#1812,#1813),(#1814,#1815),(#1816,#1817),(#1818,#1819)),
 .UNSPECIFIED.,.F.,.F.,.F.,(4,2,3,2,2,2,3,2,2,2,2,2,2,2,2,2,2,2,3,2,2,2,
2,2,2,2,2,2,2,2,3,2,2,2,3,2,4),(2,2),(-11.6732832188629,-11.4643874764355,
-11.2554917340082,-10.6805901309881,-9.97706250060417,-9.29331483438346,
-8.81243036963445,-7.96878358068759,-7.4287128618647,-6.79695822414823,
-6.22518000291473,-5.78535060196587,-5.49282915051672,-5.18387960371944,
-4.92518743019414,-4.74401363591018,-4.58672824191863,-4.47565532530111,
-4.40623475241517,-4.33681417952921,-4.22574126291169,-4.06845586891957,
-3.88728207464857,-3.62858990110845,-3.31964035454873,-3.02711890298022,
-2.58728950202921,-2.01551128079289,-1.38375664296398,-0.843685924141236,
0.,0.480882873721371,1.16463473501785,1.86815518488283,2.44302223139846,
2.65191797382579,2.86081371625312),(-0.48,0.48),.UNSPECIFIED.);
#24=B_SPLINE_SURFACE_WITH_KNOTS('',3,3,((#1821,#1822,#1823,#1824,#1825,
#1826,#1827,#1828),(#1829,#1830,#1831,#1832,#1833,#1834,#1835,#1836),(#1837,
#1838,#1839,#1840,#1841,#1842,#1843,#1844),(#1845,#1846,#1847,#1848,#1849,
#1850,#1851,#1852)),.UNSPECIFIED.,.F.,.F.,.F.,(4,4),(4,1,1,1,1,4),(0.578320539865845,
1.),(2.83476214260273,3.18507876691033,3.53539539121792,3.71055370337172,
3.88571201552551,4.06087032767931),.UNSPECIFIED.);
#25=B_SPLINE_SURFACE_WITH_KNOTS('',3,3,((#1863,#1864,#1865,#1866,#1867,
#1868,#1869,#1870,#1871,#1872,#1873,#1874,#1875,#1876,#1877,#1878,#1879,
#1880,#1881,#1882,#1883,#1884,#1885,#1886,#1887,#1888,#1889,#1890,#1891,
#1892,#1893,#1894,#1895,#1896,#1897,#1898,#1899,#1900,#1901,#1902,#1903),
(#1904,#1905,#1906,#1907,#1908,#1909,#1910,#1911,#1912,#1913,#1914,#1915,
#1916,#1917,#1918,#1919,#1920,#1921,#1922,#1923,#1924,#1925,#1926,#1927,
#1928,#1929,#1930,#1931,#1932,#1933,#1934,#1935,#1936,#1937,#1938,#1939,
#1940,#1941,#1942,#1943,#1944),(#1945,#1946,#1947,#1948,#1949,#1950,#1951,
#1952,#1953,#1954,#1955,#1956,#1957,#1958,#1959,#1960,#1961,#1962,#1963,
#1964,#1965,#1966,#1967,#1968,#1969,#1970,#1971,#1972,#1973,#1974,#1975,
#1976,#1977,#1978,#1979,#1980,#1981,#1982,#1983,#1984,#1985),(#1986,#1987,
#1988,#1989,#1990,#1991,#1992,#1993,#1994,#1995,#1996,#1997,#1998,#1999,
#2000,#2001,#2002,#2003,#2004,#2005,#2006,#2007,#2008,#2009,#2010,#2011,
#2012,#2013,#2014,#2015,#2016,#2017,#2018,#2019,#2020,#2021,#2022,#2023,
#2024,#2025,#2026),(#2027,#2028,#2029,#2030,#2031,#2032,#2033,#2034,#2035,
#2036,#2037,#2038,#2039,#2040,#2041,#2042,#2043,#2044,#2045,#2046,#2047,
#2048,#2049,#2050,#2051,#2052,#2053,#2054,#2055,#2056,#2057,#2058,#2059,
#2060,#2061,#2062,#2063,#2064,#2065,#2066,#2067),(#2068,#2069,#2070,#2071,
#2072,#2073,#2074,#2075,#2076,#2077,#2078,#2079,#2080,#2081,#2082,#2083,
#2084,#2085,#2086,#2087,#2088,#2089,#2090,#2091,#2092,#2093,#2094,#2095,
#2096,#2097,#2098,#2099,#2100,#2101,#2102,#2103,#2104,#2105,#2106,#2107,
#2108)),.UNSPECIFIED.,.F.,.F.,.F.,(4,1,1,4),(4,1,1,1,1,1,1,1,1,1,1,1,1,
1,1,1,1,1,1,1,1,1,1,1,1,1,1,1,1,1,1,1,1,1,1,1,1,1,4),(0.,0.285714285714286,
0.571428571428571,1.),(8.83718354137932,8.84705644717195,8.85692935296458,
8.87667516454985,8.91616678772038,8.93591259930565,8.99515003406145,9.0214777828418,
9.03464165723198,9.05438746881724,9.07413328040251,9.08400618619514,9.09387909198778,
9.11362490357304,9.12678877796322,9.1399526523534,9.14653458954849,9.15311652674357,
9.16189244300369,9.17066835926381,9.17944427552393,9.18602621271902,9.19260814991411,
9.20577202430428,9.21893589869446,9.23209977308464,9.23539074168218,9.23868171027973,
9.24526364747481,9.25842752186499,9.27159139625517,9.27488236485271,9.28475527064535,
9.29791914503552,9.3110830194257,9.35057464259623,9.3703204541815,9.38019335997413,
9.39006626576676),.UNSPECIFIED.);
#26=B_SPLINE_SURFACE_WITH_KNOTS('',3,3,((#2166,#2167,#2168,#2169,#2170,
#2171),(#2172,#2173,#2174,#2175,#2176,#2177),(#2178,#2179,#2180,#2181,#2182,
#2183),(#2184,#2185,#2186,#2187,#2188,#2189)),.UNSPECIFIED.,.F.,.F.,.F.,
(4,4),(4,1,1,4),(0.679442065498129,1.),(0.,0.193495958711782,0.386991917423563,
0.677235855491236),.UNSPECIFIED.);
#27=(
BOUNDED_SURFACE()
B_SPLINE_SURFACE(2,2,((#1112,#1113,#1114,#1115,#1116),(#1117,#1118,#1119,
#1120,#1121),(#1122,#1123,#1124,#1125,#1126)),.UNSPECIFIED.,.F.,.F.,.F.)
B_SPLINE_SURFACE_WITH_KNOTS((3,3),(3,2,3),(-3.07833655471464,-1.5707963267949),
(-3.14159265358979,-2.33933167088988,-1.53707068818997),.UNSPECIFIED.)
GEOMETRIC_REPRESENTATION_ITEM()
RATIONAL_B_SPLINE_SURFACE(((1.,0.920620171466325,1.,0.920620171466325,1.),
(0.729113819138386,0.671236889193648,0.729113819138386,0.671236889193648,
0.729113819138386),(1.,0.920620171466325,1.,0.920620171466325,1.)))
REPRESENTATION_ITEM('')
SURFACE()
);
#28=(
BOUNDED_SURFACE()
B_SPLINE_SURFACE(2,2,((#1318,#1319,#1320,#1321,#1322),(#1323,#1324,#1325,
#1326,#1327),(#1328,#1329,#1330,#1331,#1332)),.UNSPECIFIED.,.F.,.F.,.F.)
B_SPLINE_SURFACE_WITH_KNOTS((3,3),(3,2,3),(-3.07833655471465,-1.5707963267949),
(1.53707068818997,2.33933167088988,3.14159265358979),.UNSPECIFIED.)
GEOMETRIC_REPRESENTATION_ITEM()
RATIONAL_B_SPLINE_SURFACE(((1.,0.920620171466325,1.,0.920620171466325,1.),
(0.729113819138383,0.671236889193646,0.729113819138383,0.671236889193646,
0.729113819138383),(1.,0.920620171466325,1.,0.920620171466325,1.)))
REPRESENTATION_ITEM('')
SURFACE()
);
#29=CYLINDRICAL_SURFACE('',#684,38.7);
#30=CYLINDRICAL_SURFACE('',#685,18.6);
#31=CYLINDRICAL_SURFACE('',#692,5.);
#32=CYLINDRICAL_SURFACE('',#698,70.);
#33=CYLINDRICAL_SURFACE('',#700,5.);
#34=CYLINDRICAL_SURFACE('',#704,38.7);
#35=ELLIPSE('',#679,149.525317909547,38.7);
#36=ELLIPSE('',#680,149.525317909547,38.7);
#37=ELLIPSE('',#687,19.2561369556275,18.6);
#38=ELLIPSE('',#688,19.2561369556275,18.6);
#39=ELLIPSE('',#710,18.3717661050999,18.2922645009529);
#40=ELLIPSE('',#712,18.3717661050999,18.2922645009529);
#41=CONICAL_SURFACE('',#673,19.,0.78539816339745);
#42=CONICAL_SURFACE('',#708,29.3757236853625,0.354379919123438);
#43=CONICAL_SURFACE('',#711,27.0310690786594,0.354379919123438);
#44=CIRCLE('',#672,20.4);
#45=CIRCLE('',#674,18.);
#46=CIRCLE('',#675,20.4);
#47=CIRCLE('',#682,70.);
#48=CIRCLE('',#683,5.);
#49=CIRCLE('',#686,18.6);
#50=CIRCLE('',#693,5.);
#51=CIRCLE('',#694,5.);
#52=CIRCLE('',#697,5.);
#53=CIRCLE('',#699,70.);
#54=CIRCLE('',#701,5.);
#55=CIRCLE('',#702,5.);
#56=CIRCLE('',#705,20.);
#57=CIRCLE('',#706,20.);
#58=FACE_OUTER_BOUND('',#93,.T.);
#59=FACE_OUTER_BOUND('',#94,.T.);
#60=FACE_OUTER_BOUND('',#95,.T.);
#61=FACE_OUTER_BOUND('',#96,.T.);
#62=FACE_OUTER_BOUND('',#97,.T.);
#63=FACE_OUTER_BOUND('',#98,.T.);
#64=FACE_OUTER_BOUND('',#99,.T.);
#65=FACE_OUTER_BOUND('',#100,.T.);
#66=FACE_OUTER_BOUND('',#101,.T.);
#67=FACE_OUTER_BOUND('',#102,.T.);
#68=FACE_OUTER_BOUND('',#103,.T.);
#69=FACE_OUTER_BOUND('',#104,.T.);
#70=FACE_OUTER_BOUND('',#105,.T.);
#71=FACE_OUTER_BOUND('',#106,.T.);
#72=FACE_OUTER_BOUND('',#107,.T.);
#73=FACE_OUTER_BOUND('',#108,.T.);
#74=FACE_OUTER_BOUND('',#109,.T.);
#75=FACE_OUTER_BOUND('',#110,.T.);
#76=FACE_OUTER_BOUND('',#111,.T.);
#77=FACE_OUTER_BOUND('',#112,.T.);
#78=FACE_OUTER_BOUND('',#113,.T.);
#79=FACE_OUTER_BOUND('',#114,.T.);
#80=FACE_OUTER_BOUND('',#116,.T.);
#81=FACE_OUTER_BOUND('',#117,.T.);
#82=FACE_OUTER_BOUND('',#119,.T.);
#83=FACE_OUTER_BOUND('',#120,.T.);
#84=FACE_OUTER_BOUND('',#121,.T.);
#85=FACE_OUTER_BOUND('',#122,.T.);
#86=FACE_OUTER_BOUND('',#123,.T.);
#87=FACE_OUTER_BOUND('',#124,.T.);
#88=FACE_OUTER_BOUND('',#125,.T.);
#89=FACE_OUTER_BOUND('',#126,.T.);
#90=FACE_OUTER_BOUND('',#127,.T.);
#91=FACE_OUTER_BOUND('',#128,.T.);
#92=FACE_OUTER_BOUND('',#129,.T.);
#93=EDGE_LOOP('',(#407,#408,#409,#410,#411,#412,#413,#414,#415,#416,#417,
#418,#419,#420,#421,#422,#423,#424,#425,#426,#427,#428,#429,#430));
#94=EDGE_LOOP('',(#431,#432,#433,#434,#435));
#95=EDGE_LOOP('',(#436,#437,#438,#439,#440,#441,#442,#443));
#96=EDGE_LOOP('',(#444,#445,#446,#447,#448));
#97=EDGE_LOOP('',(#449,#450,#451,#452,#453,#454,#455,#456));
#98=EDGE_LOOP('',(#457,#458,#459,#460,#461,#462,#463,#464,#465,#466));
#99=EDGE_LOOP('',(#467,#468,#469,#470,#471,#472,#473));
#100=EDGE_LOOP('',(#474,#475,#476));
#101=EDGE_LOOP('',(#477,#478,#479,#480,#481,#482,#483));
#102=EDGE_LOOP('',(#484,#485,#486,#487,#488));
#103=EDGE_LOOP('',(#489,#490));
#104=EDGE_LOOP('',(#491,#492,#493,#494,#495));
#105=EDGE_LOOP('',(#496,#497,#498,#499,#500,#501,#502,#503));
#106=EDGE_LOOP('',(#504,#505,#506));
#107=EDGE_LOOP('',(#507,#508,#509,#510));
#108=EDGE_LOOP('',(#511,#512,#513,#514));
#109=EDGE_LOOP('',(#515,#516,#517,#518,#519,#520,#521,#522));
#110=EDGE_LOOP('',(#523,#524,#525,#526,#527,#528,#529,#530));
#111=EDGE_LOOP('',(#531,#532,#533));
#112=EDGE_LOOP('',(#534,#535,#536,#537,#538));
#113=EDGE_LOOP('',(#539,#540,#541,#542,#543,#544,#545));
#114=EDGE_LOOP('',(#546,#547,#548));
#115=EDGE_LOOP('',(#549,#550,#551));
#116=EDGE_LOOP('',(#552,#553,#554,#555,#556,#557));
#117=EDGE_LOOP('',(#558,#559,#560));
#118=EDGE_LOOP('',(#561,#562,#563));
#119=EDGE_LOOP('',(#564,#565,#566,#567,#568));
#120=EDGE_LOOP('',(#569,#570,#571,#572));
#121=EDGE_LOOP('',(#573,#574,#575));
#122=EDGE_LOOP('',(#576,#577,#578));
#123=EDGE_LOOP('',(#579,#580,#581,#582,#583,#584));
#124=EDGE_LOOP('',(#585,#586,#587));
#125=EDGE_LOOP('',(#588,#589,#590,#591,#592,#593,#594,#595));
#126=EDGE_LOOP('',(#596,#597));
#127=EDGE_LOOP('',(#598,#599,#600));
#128=EDGE_LOOP('',(#601,#602,#603));
#129=EDGE_LOOP('',(#604,#605,#606));
#130=B_SPLINE_CURVE_WITH_KNOTS('',3,(#852,#853,#854,#855,#856,#857,#858,
#859),.UNSPECIFIED.,.F.,.F.,(4,2,2,4),(-0.95741720264267,-0.665038722165657,
-0.366287549664645,0.),.UNSPECIFIED.);
#131=B_SPLINE_CURVE_WITH_KNOTS('',3,(#861,#862,#863,#864,#865,#866,#867,
#868,#869,#870),.UNSPECIFIED.,.F.,.F.,(4,2,2,2,4),(4.82284390697733,5.0234861027335,
5.29117035598979,5.56872852706737,5.59906798231179),.UNSPECIFIED.);
#132=B_SPLINE_CURVE_WITH_KNOTS('',3,(#872,#873,#874,#875),.UNSPECIFIED.,
 .F.,.F.,(4,4),(-0.378924328508328,0.),.UNSPECIFIED.);
#133=B_SPLINE_CURVE_WITH_KNOTS('',3,(#877,#878,#879,#880,#881,#882,#883,
#884),.UNSPECIFIED.,.F.,.F.,(4,2,2,4),(-1.19686705402183,-0.504624840426946,
-0.203049383899686,0.),.UNSPECIFIED.);
#134=B_SPLINE_CURVE_WITH_KNOTS('',3,(#890,#891,#892,#893,#894,#895,#896,
#897),.UNSPECIFIED.,.F.,.F.,(4,2,2,4),(-0.736076807176363,-0.587847554041832,
-0.416474156179711,0.),.UNSPECIFIED.);
#135=B_SPLINE_CURVE_WITH_KNOTS('',3,(#899,#900,#901,#902),.UNSPECIFIED.,
 .F.,.F.,(4,4),(-0.593320315925244,0.),.UNSPECIFIED.);
#136=B_SPLINE_CURVE_WITH_KNOTS('',3,(#904,#905,#906,#907,#908,#909,#910,
#911),.UNSPECIFIED.,.F.,.F.,(4,2,2,4),(2.90741227634002,2.93775173158541,
3.21530990266299,3.43237454104057),.UNSPECIFIED.);
#137=B_SPLINE_CURVE_WITH_KNOTS('',3,(#913,#914,#915,#916,#917,#918,#919,
#920),.UNSPECIFIED.,.F.,.F.,(4,2,2,4),(-0.95669613564337,-0.649021716863467,
-0.351741717346903,0.),.UNSPECIFIED.);
#138=B_SPLINE_CURVE_WITH_KNOTS('',3,(#950,#951,#952,#953),.UNSPECIFIED.,
 .F.,.F.,(4,4),(0.0774481344683639,0.0777084080147594),.UNSPECIFIED.);
#139=B_SPLINE_CURVE_WITH_KNOTS('',3,(#957,#958,#959,#960,#961,#962,#963,
#964,#965,#966),.UNSPECIFIED.,.F.,.F.,(4,2,2,2,4),(-4.52844281994095,-4.43567474205469,
-4.090041825534,-3.75160305560259,-3.54113510644547),.UNSPECIFIED.);
#140=B_SPLINE_CURVE_WITH_KNOTS('',3,(#969,#970,#971,#972,#973,#974,#975,
#976,#977,#978),.UNSPECIFIED.,.F.,.F.,(4,2,2,2,4),(-1.9314383851713,-1.72097043601418,
-1.38253166608277,-1.03689874956208,-0.94413067169269),.UNSPECIFIED.);
#141=B_SPLINE_CURVE_WITH_KNOTS('',3,(#988,#989,#990,#991),.UNSPECIFIED.,
 .F.,.F.,(4,4),(0.0606270357527558,0.0608865876560301),.UNSPECIFIED.);
#142=B_SPLINE_CURVE_WITH_KNOTS('',3,(#995,#996,#997,#998),.UNSPECIFIED.,
 .F.,.F.,(4,4),(0.0632067470380721,0.0634598194344145),.UNSPECIFIED.);
#143=B_SPLINE_CURVE_WITH_KNOTS('',3,(#1005,#1006,#1007,#1008),
 .UNSPECIFIED.,.F.,.F.,(4,4),(0.0739572027179374,0.0742090491624563),
 .UNSPECIFIED.);
#144=B_SPLINE_CURVE_WITH_KNOTS('',3,(#1030,#1031,#1032,#1033),
 .UNSPECIFIED.,.F.,.F.,(4,4),(0.648494186159866,1.35429071684227),
 .UNSPECIFIED.);
#145=B_SPLINE_CURVE_WITH_KNOTS('',3,(#1035,#1036,#1037,#1038),
 .UNSPECIFIED.,.F.,.F.,(4,4),(17.9399472943126,17.9532445988265),
 .UNSPECIFIED.);
#146=B_SPLINE_CURVE_WITH_KNOTS('',3,(#1045,#1046,#1047,#1048),
 .UNSPECIFIED.,.F.,.F.,(4,4),(0.0763647608662499,0.0765429484818872),
 .UNSPECIFIED.);
#147=B_SPLINE_CURVE_WITH_KNOTS('',3,(#1051,#1052,#1053,#1054),
 .UNSPECIFIED.,.F.,.F.,(4,4),(0.0757848476251477,0.0760013195068415),
 .UNSPECIFIED.);
#148=B_SPLINE_CURVE_WITH_KNOTS('',3,(#1062,#1063,#1064,#1065,#1066,#1067,
#1068,#1069,#1070,#1071,#1072,#1073,#1074),.UNSPECIFIED.,.F.,.F.,(4,3,3,
3,4),(-0.474515081325462,-0.46921458648836,-0.460811693309729,-0.44229316824531,
-0.441710518680693),.UNSPECIFIED.);
#149=B_SPLINE_CURVE_WITH_KNOTS('',3,(#1076,#1077,#1078,#1079,#1080,#1081,
#1082,#1083,#1084,#1085,#1086,#1087,#1088,#1089),.UNSPECIFIED.,.F.,.F.,
(4,2,2,2,2,2,4),(-1.46957712876782,-1.44220254463852,-1.41529174793733,
-1.36640057167409,-1.29155020154454,-1.1607893245021,-0.994556758009293),
 .UNSPECIFIED.);
#150=B_SPLINE_CURVE_WITH_KNOTS('',3,(#1091,#1092,#1093,#1094,#1095,#1096,
#1097,#1098,#1099,#1100,#1101,#1102),.UNSPECIFIED.,.F.,.F.,(4,2,2,2,2,4),
(-0.273368246503163,-0.21951164143846,-0.173093272530763,-0.114097338454309,
-0.0589376305563169,-3.21707038786201E-9),.UNSPECIFIED.);
#151=B_SPLINE_CURVE_WITH_KNOTS('',3,(#1103,#1104,#1105,#1106,#1107,#1108,
#1109,#1110),.UNSPECIFIED.,.F.,.F.,(4,2,2,4),(-0.380212315170762,-0.31175644633351,
0.,0.00145417119047908),.UNSPECIFIED.);
#152=B_SPLINE_CURVE_WITH_KNOTS('',3,(#1127,#1128,#1129,#1130,#1131,#1132,
#1133,#1134,#1135,#1136,#1137,#1138,#1139,#1140,#1141,#1142,#1143,#1144,
#1145,#1146,#1147,#1148,#1149,#1150,#1151,#1152,#1153,#1154),
 .UNSPECIFIED.,.F.,.F.,(4,2,2,2,2,2,2,2,2,2,2,2,2,4),(0.,0.195068780041981,
0.390065069667141,0.585236981740859,0.702418217993341,0.723930483933702,
0.739321539977536,0.758608391482097,0.763279825219193,0.765168062682201,
0.766019994415403,0.766379061328037,0.766535016100798,0.766644926656051),
 .UNSPECIFIED.);
#153=B_SPLINE_CURVE_WITH_KNOTS('',3,(#1160,#1161,#1162,#1163,#1164,#1165,
#1166,#1167,#1168,#1169,#1170,#1171,#1172,#1173,#1174,#1175,#1176,#1177,
#1178,#1179,#1180,#1181,#1182,#1183,#1184,#1185,#1186,#1187,#1188,#1189,
#1190,#1191,#1192,#1193,#1194,#1195,#1196,#1197,#1198,#1199,#1200,#1201,
#1202,#1203,#1204,#1205,#1206,#1207,#1208,#1209,#1210,#1211,#1212,#1213,
#1214,#1215,#1216,#1217,#1218,#1219,#1220),.UNSPECIFIED.,.F.,.F.,(4,3,3,
3,3,3,3,3,3,3,3,3,3,3,3,3,3,3,3,3,4),(-7.39497254646143,-6.79695822414823,
-6.22518000291473,-5.78535060196587,-5.49282915051672,-5.18387960371944,
-4.92518743019414,-4.74401363591018,-4.58672824191863,-4.47565532530111,
-4.40623475241517,-4.33681417952921,-4.22574126291169,-4.06845586891957,
-3.88728207464857,-3.62858990110845,-3.31964035454873,-3.02711890298022,
-2.58728950202921,-2.01551128079289,-1.41749695839341),.UNSPECIFIED.);
#154=B_SPLINE_CURVE_WITH_KNOTS('',3,(#1227,#1228,#1229,#1230),
 .UNSPECIFIED.,.F.,.F.,(4,4),(5.88522574909751,5.89852305361137),
 .UNSPECIFIED.);
#155=B_SPLINE_CURVE_WITH_KNOTS('',3,(#1233,#1234,#1235,#1236,#1237,#1238,
#1239,#1240,#1241,#1242,#1243,#1244,#1245,#1246,#1247,#1248,#1249,#1250,
#1251,#1252,#1253,#1254,#1255,#1256,#1257,#1258,#1259,#1260),
 .UNSPECIFIED.,.F.,.F.,(4,2,2,2,2,2,2,2,2,2,2,2,2,4),(0.,2.55382750381677E-5,
5.89927200191142E-5,0.000122712161651772,0.000293959136327297,0.000878124632875445,
0.00376727316363234,0.00579843235323221,0.00865562708660811,0.0169229640339211,
0.0424206773156929,0.0681114610601026,0.0845401723460385,0.100973104693895),
 .UNSPECIFIED.);
#156=B_SPLINE_CURVE_WITH_KNOTS('',3,(#1263,#1264,#1265,#1266,#1267,#1268,
#1269,#1270,#1271,#1272,#1273,#1274,#1275),.UNSPECIFIED.,.F.,.F.,(4,3,3,
3,4),(-0.520347494416487,-0.506058204755469,-0.495505583335791,-0.488692181514874,
-0.487543713021766),.UNSPECIFIED.);
#157=B_SPLINE_CURVE_WITH_KNOTS('',3,(#1281,#1282,#1283,#1284,#1285,#1286,
#1287,#1288),.UNSPECIFIED.,.F.,.F.,(4,2,2,4),(-1.30541236612735,-1.30399933963463,
-0.998198339298477,-0.929001048672634),.UNSPECIFIED.);
#158=B_SPLINE_CURVE_WITH_KNOTS('',3,(#1290,#1291,#1292,#1293,#1294,#1295,
#1296,#1297,#1298,#1299,#1300,#1301),.UNSPECIFIED.,.F.,.F.,(4,2,2,2,2,4),
(-0.313701487390684,-0.265684710825986,-0.222603077752715,-0.15319144102402,
-0.0795365773154753,-3.72566205664171E-9),.UNSPECIFIED.);
#159=B_SPLINE_CURVE_WITH_KNOTS('',3,(#1302,#1303,#1304,#1305,#1306,#1307,
#1308,#1309,#1310,#1311,#1312,#1313,#1314,#1315,#1316,#1317),
 .UNSPECIFIED.,.F.,.F.,(4,2,2,2,2,2,2,4),(-0.221456892466167,-0.153667943469245,
-0.0948051366059868,-0.0549193467254501,-0.0289578553123999,-0.0146949695715937,
-0.00621930181836258,0.),.UNSPECIFIED.);
#160=B_SPLINE_CURVE_WITH_KNOTS('',3,(#1359,#1360,#1361,#1362),
 .UNSPECIFIED.,.F.,.F.,(4,4),(-2.36134847444815,-1.88421689194985),
 .UNSPECIFIED.);
#161=B_SPLINE_CURVE_WITH_KNOTS('',3,(#1363,#1364,#1365,#1366,#1367,#1368,
#1369,#1370),.UNSPECIFIED.,.F.,.F.,(4,1,1,2,4),(-0.796317116994902,-0.490512329206064,
-0.327008219470709,0.,0.00119706986614198),.UNSPECIFIED.);
#162=B_SPLINE_CURVE_WITH_KNOTS('',3,(#1371,#1372,#1373,#1374),
 .UNSPECIFIED.,.F.,.F.,(4,4),(1.47055275058193,2.17643059307629),
 .UNSPECIFIED.);
#163=B_SPLINE_CURVE_WITH_KNOTS('',3,(#1417,#1418,#1419,#1420,#1421,#1422,
#1423,#1424),.UNSPECIFIED.,.F.,.F.,(4,2,1,1,4),(-0.00119706986614198,0.,
0.327008219470709,0.490512329206064,0.817520546571153),.UNSPECIFIED.);
#164=B_SPLINE_CURVE_WITH_KNOTS('',3,(#1539,#1540,#1541,#1542,#1543,#1544,
#1545,#1546,#1547,#1548,#1549,#1550,#1551,#1552,#1553,#1554,#1555,#1556,
#1557),.UNSPECIFIED.,.F.,.F.,(4,1,1,1,1,1,1,1,1,1,1,1,1,1,1,1,4),(1.38472369860026,
2.12618166311487,3.03820289896254,3.34220997757843,3.64621705619431,3.79822059550226,
3.9502241348102,4.25423121342609,4.33023298308006,4.40623475273403,4.55823829204198,
4.71024183134992,4.86224537065787,5.3182559885817,5.77426660650553,6.6862878423532,
7.427742246082),.UNSPECIFIED.);
#165=B_SPLINE_CURVE_WITH_KNOTS('',3,(#1559,#1560,#1561,#1562,#1563,#1564,
#1565,#1566,#1567,#1568,#1569,#1570,#1571,#1572,#1573,#1574,#1575,#1576,
#1577),.UNSPECIFIED.,.F.,.F.,(4,1,1,1,1,1,1,1,1,1,1,1,1,1,1,1,4),(-6.96962095468028,
-6.6862878423532,-5.77426660650553,-5.3182559885817,-4.86224537065787,-4.71024183134992,
-4.55823829204198,-4.40623475273403,-4.33023298308006,-4.25423121342609,
-3.9502241348102,-3.79822059550226,-3.64621705619431,-3.34220997757843,
-3.03820289896254,-2.12618166311487,-1.84283010494966),.UNSPECIFIED.);
#166=B_SPLINE_CURVE_WITH_KNOTS('',3,(#1578,#1579,#1580,#1581,#1582,#1583,
#1584,#1585),.UNSPECIFIED.,.F.,.F.,(4,1,1,2,4),(0.270284286951343,0.43378029326452,
0.597276301820188,1.08776432748719,1.08899576638616),.UNSPECIFIED.);
#167=B_SPLINE_CURVE_WITH_KNOTS('',3,(#1626,#1627,#1628,#1629,#1630,#1631,
#1632,#1633),.UNSPECIFIED.,.F.,.F.,(4,2,1,1,4),(-1.08899576638616,-1.08776432748719,
-0.597276301820188,-0.43378029326452,-0.291471174081473),.UNSPECIFIED.);
#168=B_SPLINE_CURVE_WITH_KNOTS('',3,(#1658,#1659,#1660,#1661),
 .UNSPECIFIED.,.F.,.F.,(4,4),(-0.940717006491682,-0.463563242246412),
 .UNSPECIFIED.);
#169=B_SPLINE_CURVE_WITH_KNOTS('',3,(#1855,#1856,#1857,#1858,#1859,#1860,
#1861,#1862),.UNSPECIFIED.,.F.,.F.,(4,1,1,1,1,4),(-4.06087032767931,-3.88571201552551,
-3.71055370337172,-3.53539539121792,-3.18507876691033,-2.83476214260273),
 .UNSPECIFIED.);
#170=B_SPLINE_CURVE_WITH_KNOTS('',3,(#2111,#2112,#2113,#2114,#2115,#2116,
#2117,#2118,#2119,#2120,#2121,#2122,#2123,#2124,#2125,#2126,#2127,#2128,
#2129,#2130,#2131,#2132,#2133,#2134,#2135,#2136,#2137,#2138,#2139,#2140,
#2141,#2142,#2143,#2144,#2145,#2146,#2147,#2148,#2149,#2150,#2151),
 .UNSPECIFIED.,.F.,.F.,(4,1,1,1,1,1,1,1,1,1,1,1,1,1,1,1,1,1,1,1,1,1,1,1,
1,1,1,1,1,1,1,1,1,1,1,1,1,1,4),(-9.39006626576676,-9.38019335997413,-9.3703204541815,
-9.35057464259623,-9.3110830194257,-9.29791914503552,-9.28475527064535,
-9.27488236485271,-9.27159139625517,-9.25842752186499,-9.24526364747481,
-9.23868171027973,-9.23539074168218,-9.23209977308464,-9.21893589869446,
-9.20577202430428,-9.19260814991411,-9.18602621271902,-9.17944427552393,
-9.17066835926381,-9.16189244300369,-9.15311652674357,-9.14653458954849,
-9.1399526523534,-9.12678877796322,-9.11362490357304,-9.09387909198778,
-9.08400618619514,-9.07413328040251,-9.05438746881724,-9.03464165723198,
-9.0214777828418,-8.99515003406145,-8.93591259930565,-8.91616678772038,
-8.87667516454985,-8.85692935296458,-8.84705644717195,-8.83718354137932),
 .UNSPECIFIED.);
#171=B_SPLINE_CURVE_WITH_KNOTS('',3,(#2152,#2153,#2154,#2155,#2156,#2157,
#2158,#2159,#2160,#2161,#2162,#2163,#2164,#2165),.UNSPECIFIED.,.F.,.F.,
(4,1,1,1,1,1,1,1,1,1,1,4),(9.10612835446765,9.11362490357304,9.12678877796322,
9.1399526523534,9.14653458954849,9.15311652674357,9.16189244300369,9.17066835926381,
9.17944427552393,9.18602621271902,9.19260814991411,9.20276456242398),
 .UNSPECIFIED.);
#172=B_SPLINE_CURVE_WITH_KNOTS('',3,(#2190,#2191,#2192,#2193,#2194,#2195),
 .UNSPECIFIED.,.F.,.F.,(4,1,1,4),(-0.677235855491236,-0.386991917423563,
-0.193495958711782,0.),.UNSPECIFIED.);
#173=LINE('',#844,#205);
#174=LINE('',#846,#206);
#175=LINE('',#848,#207);
#176=LINE('',#850,#208);
#177=LINE('',#922,#209);
#178=LINE('',#924,#210);
#179=LINE('',#926,#211);
#180=LINE('',#928,#212);
#181=LINE('',#934,#213);
#182=LINE('',#936,#214);
#183=LINE('',#942,#215);
#184=LINE('',#943,#216);
#185=LINE('',#948,#217);
#186=LINE('',#954,#218);
#187=LINE('',#986,#219);
#188=LINE('',#992,#220);
#189=LINE('',#1000,#221);
#190=LINE('',#1002,#222);
#191=LINE('',#1004,#223);
#192=LINE('',#1012,#224);
#193=LINE('',#1015,#225);
#194=LINE('',#1016,#226);
#195=LINE('',#1017,#227);
#196=LINE('',#1019,#228);
#197=LINE('',#1023,#229);
#198=LINE('',#1029,#230);
#199=LINE('',#1060,#231);
#200=LINE('',#1157,#232);
#201=LINE('',#1159,#233);
#202=LINE('',#1223,#234);
#203=LINE('',#1279,#235);
#204=LINE('',#1376,#236);
#205=VECTOR('',#718,10.);
#206=VECTOR('',#719,10.);
#207=VECTOR('',#720,10.);
#208=VECTOR('',#721,10.);
#209=VECTOR('',#722,10.);
#210=VECTOR('',#723,10.);
#211=VECTOR('',#724,10.);
#212=VECTOR('',#725,10.);
#213=VECTOR('',#726,10.);
#214=VECTOR('',#727,10.);
#215=VECTOR('',#728,10.);
#216=VECTOR('',#729,10.);
#217=VECTOR('',#734,10.);
#218=VECTOR('',#735,10.);
#219=VECTOR('',#744,10.);
#220=VECTOR('',#745,10.);
#221=VECTOR('',#748,10.);
#222=VECTOR('',#749,10.);
#223=VECTOR('',#750,10.);
#224=VECTOR('',#753,10.);
#225=VECTOR('',#756,10.);
#226=VECTOR('',#757,10.);
#227=VECTOR('',#758,10.);
#228=VECTOR('',#759,10.);
#229=VECTOR('',#764,38.7);
#230=VECTOR('',#769,10.);
#231=VECTOR('',#790,10.);
#232=VECTOR('',#795,10.);
#233=VECTOR('',#796,10.);
#234=VECTOR('',#799,10.);
#235=VECTOR('',#810,10.);
#236=VECTOR('',#815,38.7);
#237=(
BOUNDED_CURVE()
B_SPLINE_CURVE(2,(#840,#841,#842),.UNSPECIFIED.,.F.,.F.)
B_SPLINE_CURVE_WITH_KNOTS((3,3),(0.432048155609231,0.742587979198014),
 .UNSPECIFIED.)
CURVE()
GEOMETRIC_REPRESENTATION_ITEM()
RATIONAL_B_SPLINE_CURVE((1.02053384563457,1.02502950649521,1.02537961549745))
REPRESENTATION_ITEM('')
);
#238=(
BOUNDED_CURVE()
B_SPLINE_CURVE(2,(#886,#887,#888),.UNSPECIFIED.,.F.,.F.)
B_SPLINE_CURVE_WITH_KNOTS((3,3),(0.651165688132476,4.79107663251991),
 .UNSPECIFIED.)
CURVE()
GEOMETRIC_REPRESENTATION_ITEM()
RATIONAL_B_SPLINE_CURVE((1.00142806959577,1.00535415178604,1.001478949115))
REPRESENTATION_ITEM('')
);
#239=(
BOUNDED_CURVE()
B_SPLINE_CURVE(2,(#930,#931,#932),.UNSPECIFIED.,.F.,.F.)
B_SPLINE_CURVE_WITH_KNOTS((3,3),(0.0914758478711252,0.419292190932567),
 .UNSPECIFIED.)
CURVE()
GEOMETRIC_REPRESENTATION_ITEM()
RATIONAL_B_SPLINE_CURVE((1.00148474596135,1.00357806339506,1.0016069707517))
REPRESENTATION_ITEM('')
);
#240=(
BOUNDED_CURVE()
B_SPLINE_CURVE(2,(#938,#939,#940),.UNSPECIFIED.,.F.,.F.)
B_SPLINE_CURVE_WITH_KNOTS((3,3),(0.559963626063607,5.03889533393109),
 .UNSPECIFIED.)
CURVE()
GEOMETRIC_REPRESENTATION_ITEM()
RATIONAL_B_SPLINE_CURVE((1.00142594424848,1.00649499076758,1.00142594424848))
REPRESENTATION_ITEM('')
);
#241=(
BOUNDED_CURVE()
B_SPLINE_CURVE(2,(#981,#982,#983),.UNSPECIFIED.,.F.,.F.)
B_SPLINE_CURVE_WITH_KNOTS((3,3),(0.160381196429786,1.84604110329361),
 .UNSPECIFIED.)
CURVE()
GEOMETRIC_REPRESENTATION_ITEM()
RATIONAL_B_SPLINE_CURVE((1.01868124776241,1.1083251975655,1.01868124776241))
REPRESENTATION_ITEM('')
);
#242=VERTEX_POINT('',#838);
#243=VERTEX_POINT('',#839);
#244=VERTEX_POINT('',#843);
#245=VERTEX_POINT('',#845);
#246=VERTEX_POINT('',#847);
#247=VERTEX_POINT('',#849);
#248=VERTEX_POINT('',#851);
#249=VERTEX_POINT('',#860);
#250=VERTEX_POINT('',#871);
#251=VERTEX_POINT('',#876);
#252=VERTEX_POINT('',#885);
#253=VERTEX_POINT('',#889);
#254=VERTEX_POINT('',#898);
#255=VERTEX_POINT('',#903);
#256=VERTEX_POINT('',#912);
#257=VERTEX_POINT('',#921);
#258=VERTEX_POINT('',#923);
#259=VERTEX_POINT('',#925);
#260=VERTEX_POINT('',#927);
#261=VERTEX_POINT('',#929);
#262=VERTEX_POINT('',#933);
#263=VERTEX_POINT('',#935);
#264=VERTEX_POINT('',#937);
#265=VERTEX_POINT('',#941);
#266=VERTEX_POINT('',#945);
#267=VERTEX_POINT('',#947);
#268=VERTEX_POINT('',#949);
#269=VERTEX_POINT('',#956);
#270=VERTEX_POINT('',#967);
#271=VERTEX_POINT('',#979);
#272=VERTEX_POINT('',#985);
#273=VERTEX_POINT('',#987);
#274=VERTEX_POINT('',#994);
#275=VERTEX_POINT('',#999);
#276=VERTEX_POINT('',#1001);
#277=VERTEX_POINT('',#1003);
#278=VERTEX_POINT('',#1010);
#279=VERTEX_POINT('',#1011);
#280=VERTEX_POINT('',#1013);
#281=VERTEX_POINT('',#1018);
#282=VERTEX_POINT('',#1022);
#283=VERTEX_POINT('',#1024);
#284=VERTEX_POINT('',#1026);
#285=VERTEX_POINT('',#1028);
#286=VERTEX_POINT('',#1041);
#287=VERTEX_POINT('',#1056);
#288=VERTEX_POINT('',#1057);
#289=VERTEX_POINT('',#1059);
#290=VERTEX_POINT('',#1061);
#291=VERTEX_POINT('',#1075);
#292=VERTEX_POINT('',#1090);
#293=VERTEX_POINT('',#1156);
#294=VERTEX_POINT('',#1158);
#295=VERTEX_POINT('',#1222);
#296=VERTEX_POINT('',#1226);
#297=VERTEX_POINT('',#1231);
#298=VERTEX_POINT('',#1262);
#299=VERTEX_POINT('',#1276);
#300=VERTEX_POINT('',#1278);
#301=VERTEX_POINT('',#1280);
#302=VERTEX_POINT('',#1289);
#303=VERTEX_POINT('',#1358);
#304=VERTEX_POINT('',#1558);
#305=VERTEX_POINT('',#1853);
#306=VERTEX_POINT('',#2109);
#307=EDGE_CURVE('',#242,#243,#237,.F.);
#308=EDGE_CURVE('',#244,#243,#173,.T.);
#309=EDGE_CURVE('',#245,#244,#174,.T.);
#310=EDGE_CURVE('',#245,#246,#175,.T.);
#311=EDGE_CURVE('',#247,#246,#176,.T.);
#312=EDGE_CURVE('',#248,#247,#130,.T.);
#313=EDGE_CURVE('',#249,#248,#131,.T.);
#314=EDGE_CURVE('',#250,#249,#132,.T.);
#315=EDGE_CURVE('',#251,#250,#133,.T.);
#316=EDGE_CURVE('',#252,#251,#238,.T.);
#317=EDGE_CURVE('',#253,#252,#134,.T.);
#318=EDGE_CURVE('',#254,#253,#135,.T.);
#319=EDGE_CURVE('',#255,#254,#136,.T.);
#320=EDGE_CURVE('',#256,#255,#137,.T.);
#321=EDGE_CURVE('',#257,#256,#177,.T.);
#322=EDGE_CURVE('',#257,#258,#178,.T.);
#323=EDGE_CURVE('',#259,#258,#179,.T.);
#324=EDGE_CURVE('',#260,#259,#180,.T.);
#325=EDGE_CURVE('',#260,#261,#239,.F.);
#326=EDGE_CURVE('',#262,#261,#181,.T.);
#327=EDGE_CURVE('',#263,#262,#182,.T.);
#328=EDGE_CURVE('',#264,#263,#240,.T.);
#329=EDGE_CURVE('',#265,#264,#183,.T.);
#330=EDGE_CURVE('',#242,#265,#184,.T.);
#331=EDGE_CURVE('',#266,#243,#44,.T.);
#332=EDGE_CURVE('',#267,#266,#185,.T.);
#333=EDGE_CURVE('',#268,#267,#138,.T.);
#334=EDGE_CURVE('',#244,#268,#186,.T.);
#335=EDGE_CURVE('',#269,#242,#139,.F.);
#336=EDGE_CURVE('',#269,#270,#45,.T.);
#337=EDGE_CURVE('',#270,#261,#140,.T.);
#338=EDGE_CURVE('',#260,#271,#46,.T.);
#339=EDGE_CURVE('',#266,#271,#241,.T.);
#340=EDGE_CURVE('',#272,#259,#187,.T.);
#341=EDGE_CURVE('',#273,#272,#141,.T.);
#342=EDGE_CURVE('',#271,#273,#188,.T.);
#343=EDGE_CURVE('',#274,#273,#142,.T.);
#344=EDGE_CURVE('',#275,#274,#189,.T.);
#345=EDGE_CURVE('',#275,#276,#190,.T.);
#346=EDGE_CURVE('',#276,#277,#191,.T.);
#347=EDGE_CURVE('',#267,#277,#143,.T.);
#348=EDGE_CURVE('',#278,#279,#192,.T.);
#349=EDGE_CURVE('',#280,#278,#35,.T.);
#350=EDGE_CURVE('',#246,#280,#193,.T.);
#351=EDGE_CURVE('',#276,#245,#194,.T.);
#352=EDGE_CURVE('',#258,#275,#195,.T.);
#353=EDGE_CURVE('',#281,#257,#196,.T.);
#354=EDGE_CURVE('',#279,#281,#36,.T.);
#355=EDGE_CURVE('',#282,#280,#197,.T.);
#356=EDGE_CURVE('',#282,#283,#47,.T.);
#357=EDGE_CURVE('',#284,#283,#48,.T.);
#358=EDGE_CURVE('',#285,#284,#198,.T.);
#359=EDGE_CURVE('',#247,#285,#144,.T.);
#360=EDGE_CURVE('',#278,#282,#145,.T.);
#361=EDGE_CURVE('',#270,#269,#49,.T.);
#362=EDGE_CURVE('',#286,#265,#37,.T.);
#363=EDGE_CURVE('',#262,#286,#38,.T.);
#364=EDGE_CURVE('',#272,#274,#146,.T.);
#365=EDGE_CURVE('',#277,#268,#147,.T.);
#366=EDGE_CURVE('',#287,#288,#50,.T.);
#367=EDGE_CURVE('',#288,#289,#199,.T.);
#368=EDGE_CURVE('',#289,#290,#148,.T.);
#369=EDGE_CURVE('',#290,#291,#149,.T.);
#370=EDGE_CURVE('',#291,#292,#150,.T.);
#371=EDGE_CURVE('',#292,#285,#151,.T.);
#372=EDGE_CURVE('',#284,#287,#51,.T.);
#373=EDGE_CURVE('',#283,#287,#152,.T.);
#374=EDGE_CURVE('',#288,#293,#200,.T.);
#375=EDGE_CURVE('',#294,#293,#201,.T.);
#376=EDGE_CURVE('',#294,#289,#153,.T.);
#377=EDGE_CURVE('',#295,#287,#202,.T.);
#378=EDGE_CURVE('',#293,#295,#52,.T.);
#379=EDGE_CURVE('',#279,#296,#154,.T.);
#380=EDGE_CURVE('',#297,#296,#53,.T.);
#381=EDGE_CURVE('',#295,#297,#155,.T.);
#382=EDGE_CURVE('',#298,#294,#156,.T.);
#383=EDGE_CURVE('',#295,#299,#54,.T.);
#384=EDGE_CURVE('',#299,#300,#203,.T.);
#385=EDGE_CURVE('',#300,#301,#157,.T.);
#386=EDGE_CURVE('',#301,#302,#158,.T.);
#387=EDGE_CURVE('',#302,#298,#159,.T.);
#388=EDGE_CURVE('',#297,#299,#55,.T.);
#389=EDGE_CURVE('',#255,#303,#160,.T.);
#390=EDGE_CURVE('',#301,#303,#161,.T.);
#391=EDGE_CURVE('',#300,#256,#162,.T.);
#392=EDGE_CURVE('',#281,#296,#204,.T.);
#393=EDGE_CURVE('',#303,#302,#163,.T.);
#394=EDGE_CURVE('',#290,#298,#164,.T.);
#395=EDGE_CURVE('',#303,#304,#165,.T.);
#396=EDGE_CURVE('',#291,#304,#166,.T.);
#397=EDGE_CURVE('',#304,#292,#167,.T.);
#398=EDGE_CURVE('',#304,#248,#168,.T.);
#399=EDGE_CURVE('',#253,#305,#56,.T.);
#400=EDGE_CURVE('',#305,#254,#169,.T.);
#401=EDGE_CURVE('',#250,#306,#57,.T.);
#402=EDGE_CURVE('',#306,#305,#170,.T.);
#403=EDGE_CURVE('',#252,#251,#171,.T.);
#404=EDGE_CURVE('',#249,#306,#172,.T.);
#405=EDGE_CURVE('',#264,#286,#39,.T.);
#406=EDGE_CURVE('',#286,#263,#40,.T.);
#407=ORIENTED_EDGE('',*,*,#307,.T.);
#408=ORIENTED_EDGE('',*,*,#308,.F.);
#409=ORIENTED_EDGE('',*,*,#309,.F.);
#410=ORIENTED_EDGE('',*,*,#310,.T.);
#411=ORIENTED_EDGE('',*,*,#311,.F.);
#412=ORIENTED_EDGE('',*,*,#312,.F.);
#413=ORIENTED_EDGE('',*,*,#313,.F.);
#414=ORIENTED_EDGE('',*,*,#314,.F.);
#415=ORIENTED_EDGE('',*,*,#315,.F.);
#416=ORIENTED_EDGE('',*,*,#316,.F.);
#417=ORIENTED_EDGE('',*,*,#317,.F.);
#418=ORIENTED_EDGE('',*,*,#318,.F.);
#419=ORIENTED_EDGE('',*,*,#319,.F.);
#420=ORIENTED_EDGE('',*,*,#320,.F.);
#421=ORIENTED_EDGE('',*,*,#321,.F.);
#422=ORIENTED_EDGE('',*,*,#322,.T.);
#423=ORIENTED_EDGE('',*,*,#323,.F.);
#424=ORIENTED_EDGE('',*,*,#324,.F.);
#425=ORIENTED_EDGE('',*,*,#325,.T.);
#426=ORIENTED_EDGE('',*,*,#326,.F.);
#427=ORIENTED_EDGE('',*,*,#327,.F.);
#428=ORIENTED_EDGE('',*,*,#328,.F.);
#429=ORIENTED_EDGE('',*,*,#329,.F.);
#430=ORIENTED_EDGE('',*,*,#330,.F.);
#431=ORIENTED_EDGE('',*,*,#331,.F.);
#432=ORIENTED_EDGE('',*,*,#332,.F.);
#433=ORIENTED_EDGE('',*,*,#333,.F.);
#434=ORIENTED_EDGE('',*,*,#334,.F.);
#435=ORIENTED_EDGE('',*,*,#308,.T.);
#436=ORIENTED_EDGE('',*,*,#307,.F.);
#437=ORIENTED_EDGE('',*,*,#335,.F.);
#438=ORIENTED_EDGE('',*,*,#336,.T.);
#439=ORIENTED_EDGE('',*,*,#337,.T.);
#440=ORIENTED_EDGE('',*,*,#325,.F.);
#441=ORIENTED_EDGE('',*,*,#338,.T.);
#442=ORIENTED_EDGE('',*,*,#339,.F.);
#443=ORIENTED_EDGE('',*,*,#331,.T.);
#444=ORIENTED_EDGE('',*,*,#338,.F.);
#445=ORIENTED_EDGE('',*,*,#324,.T.);
#446=ORIENTED_EDGE('',*,*,#340,.F.);
#447=ORIENTED_EDGE('',*,*,#341,.F.);
#448=ORIENTED_EDGE('',*,*,#342,.F.);
#449=ORIENTED_EDGE('',*,*,#339,.T.);
#450=ORIENTED_EDGE('',*,*,#342,.T.);
#451=ORIENTED_EDGE('',*,*,#343,.F.);
#452=ORIENTED_EDGE('',*,*,#344,.F.);
#453=ORIENTED_EDGE('',*,*,#345,.T.);
#454=ORIENTED_EDGE('',*,*,#346,.T.);
#455=ORIENTED_EDGE('',*,*,#347,.F.);
#456=ORIENTED_EDGE('',*,*,#332,.T.);
#457=ORIENTED_EDGE('',*,*,#348,.F.);
#458=ORIENTED_EDGE('',*,*,#349,.F.);
#459=ORIENTED_EDGE('',*,*,#350,.F.);
#460=ORIENTED_EDGE('',*,*,#310,.F.);
#461=ORIENTED_EDGE('',*,*,#351,.F.);
#462=ORIENTED_EDGE('',*,*,#345,.F.);
#463=ORIENTED_EDGE('',*,*,#352,.F.);
#464=ORIENTED_EDGE('',*,*,#322,.F.);
#465=ORIENTED_EDGE('',*,*,#353,.F.);
#466=ORIENTED_EDGE('',*,*,#354,.F.);
#467=ORIENTED_EDGE('',*,*,#350,.T.);
#468=ORIENTED_EDGE('',*,*,#355,.F.);
#469=ORIENTED_EDGE('',*,*,#356,.T.);
#470=ORIENTED_EDGE('',*,*,#357,.F.);
#471=ORIENTED_EDGE('',*,*,#358,.F.);
#472=ORIENTED_EDGE('',*,*,#359,.F.);
#473=ORIENTED_EDGE('',*,*,#311,.T.);
#474=ORIENTED_EDGE('',*,*,#349,.T.);
#475=ORIENTED_EDGE('',*,*,#360,.T.);
#476=ORIENTED_EDGE('',*,*,#355,.T.);
#477=ORIENTED_EDGE('',*,*,#326,.T.);
#478=ORIENTED_EDGE('',*,*,#337,.F.);
#479=ORIENTED_EDGE('',*,*,#361,.T.);
#480=ORIENTED_EDGE('',*,*,#335,.T.);
#481=ORIENTED_EDGE('',*,*,#330,.T.);
#482=ORIENTED_EDGE('',*,*,#362,.F.);
#483=ORIENTED_EDGE('',*,*,#363,.F.);
#484=ORIENTED_EDGE('',*,*,#323,.T.);
#485=ORIENTED_EDGE('',*,*,#352,.T.);
#486=ORIENTED_EDGE('',*,*,#344,.T.);
#487=ORIENTED_EDGE('',*,*,#364,.F.);
#488=ORIENTED_EDGE('',*,*,#340,.T.);
#489=ORIENTED_EDGE('',*,*,#336,.F.);
#490=ORIENTED_EDGE('',*,*,#361,.F.);
#491=ORIENTED_EDGE('',*,*,#309,.T.);
#492=ORIENTED_EDGE('',*,*,#334,.T.);
#493=ORIENTED_EDGE('',*,*,#365,.F.);
#494=ORIENTED_EDGE('',*,*,#346,.F.);
#495=ORIENTED_EDGE('',*,*,#351,.T.);
#496=ORIENTED_EDGE('',*,*,#366,.T.);
#497=ORIENTED_EDGE('',*,*,#367,.T.);
#498=ORIENTED_EDGE('',*,*,#368,.T.);
#499=ORIENTED_EDGE('',*,*,#369,.T.);
#500=ORIENTED_EDGE('',*,*,#370,.T.);
#501=ORIENTED_EDGE('',*,*,#371,.T.);
#502=ORIENTED_EDGE('',*,*,#358,.T.);
#503=ORIENTED_EDGE('',*,*,#372,.T.);
#504=ORIENTED_EDGE('',*,*,#373,.T.);
#505=ORIENTED_EDGE('',*,*,#372,.F.);
#506=ORIENTED_EDGE('',*,*,#357,.T.);
#507=ORIENTED_EDGE('',*,*,#367,.F.);
#508=ORIENTED_EDGE('',*,*,#374,.T.);
#509=ORIENTED_EDGE('',*,*,#375,.F.);
#510=ORIENTED_EDGE('',*,*,#376,.T.);
#511=ORIENTED_EDGE('',*,*,#366,.F.);
#512=ORIENTED_EDGE('',*,*,#377,.F.);
#513=ORIENTED_EDGE('',*,*,#378,.F.);
#514=ORIENTED_EDGE('',*,*,#374,.F.);
#515=ORIENTED_EDGE('',*,*,#348,.T.);
#516=ORIENTED_EDGE('',*,*,#379,.T.);
#517=ORIENTED_EDGE('',*,*,#380,.F.);
#518=ORIENTED_EDGE('',*,*,#381,.F.);
#519=ORIENTED_EDGE('',*,*,#377,.T.);
#520=ORIENTED_EDGE('',*,*,#373,.F.);
#521=ORIENTED_EDGE('',*,*,#356,.F.);
#522=ORIENTED_EDGE('',*,*,#360,.F.);
#523=ORIENTED_EDGE('',*,*,#382,.T.);
#524=ORIENTED_EDGE('',*,*,#375,.T.);
#525=ORIENTED_EDGE('',*,*,#378,.T.);
#526=ORIENTED_EDGE('',*,*,#383,.T.);
#527=ORIENTED_EDGE('',*,*,#384,.T.);
#528=ORIENTED_EDGE('',*,*,#385,.T.);
#529=ORIENTED_EDGE('',*,*,#386,.T.);
#530=ORIENTED_EDGE('',*,*,#387,.T.);
#531=ORIENTED_EDGE('',*,*,#381,.T.);
#532=ORIENTED_EDGE('',*,*,#388,.T.);
#533=ORIENTED_EDGE('',*,*,#383,.F.);
#534=ORIENTED_EDGE('',*,*,#320,.T.);
#535=ORIENTED_EDGE('',*,*,#389,.T.);
#536=ORIENTED_EDGE('',*,*,#390,.F.);
#537=ORIENTED_EDGE('',*,*,#385,.F.);
#538=ORIENTED_EDGE('',*,*,#391,.T.);
#539=ORIENTED_EDGE('',*,*,#353,.T.);
#540=ORIENTED_EDGE('',*,*,#321,.T.);
#541=ORIENTED_EDGE('',*,*,#391,.F.);
#542=ORIENTED_EDGE('',*,*,#384,.F.);
#543=ORIENTED_EDGE('',*,*,#388,.F.);
#544=ORIENTED_EDGE('',*,*,#380,.T.);
#545=ORIENTED_EDGE('',*,*,#392,.F.);
#546=ORIENTED_EDGE('',*,*,#386,.F.);
#547=ORIENTED_EDGE('',*,*,#390,.T.);
#548=ORIENTED_EDGE('',*,*,#393,.T.);
#549=ORIENTED_EDGE('',*,*,#343,.T.);
#550=ORIENTED_EDGE('',*,*,#341,.T.);
#551=ORIENTED_EDGE('',*,*,#364,.T.);
#552=ORIENTED_EDGE('',*,*,#369,.F.);
#553=ORIENTED_EDGE('',*,*,#394,.T.);
#554=ORIENTED_EDGE('',*,*,#387,.F.);
#555=ORIENTED_EDGE('',*,*,#393,.F.);
#556=ORIENTED_EDGE('',*,*,#395,.T.);
#557=ORIENTED_EDGE('',*,*,#396,.F.);
#558=ORIENTED_EDGE('',*,*,#370,.F.);
#559=ORIENTED_EDGE('',*,*,#396,.T.);
#560=ORIENTED_EDGE('',*,*,#397,.T.);
#561=ORIENTED_EDGE('',*,*,#333,.T.);
#562=ORIENTED_EDGE('',*,*,#347,.T.);
#563=ORIENTED_EDGE('',*,*,#365,.T.);
#564=ORIENTED_EDGE('',*,*,#312,.T.);
#565=ORIENTED_EDGE('',*,*,#359,.T.);
#566=ORIENTED_EDGE('',*,*,#371,.F.);
#567=ORIENTED_EDGE('',*,*,#397,.F.);
#568=ORIENTED_EDGE('',*,*,#398,.T.);
#569=ORIENTED_EDGE('',*,*,#368,.F.);
#570=ORIENTED_EDGE('',*,*,#376,.F.);
#571=ORIENTED_EDGE('',*,*,#382,.F.);
#572=ORIENTED_EDGE('',*,*,#394,.F.);
#573=ORIENTED_EDGE('',*,*,#354,.T.);
#574=ORIENTED_EDGE('',*,*,#392,.T.);
#575=ORIENTED_EDGE('',*,*,#379,.F.);
#576=ORIENTED_EDGE('',*,*,#318,.T.);
#577=ORIENTED_EDGE('',*,*,#399,.T.);
#578=ORIENTED_EDGE('',*,*,#400,.T.);
#579=ORIENTED_EDGE('',*,*,#315,.T.);
#580=ORIENTED_EDGE('',*,*,#401,.T.);
#581=ORIENTED_EDGE('',*,*,#402,.T.);
#582=ORIENTED_EDGE('',*,*,#399,.F.);
#583=ORIENTED_EDGE('',*,*,#317,.T.);
#584=ORIENTED_EDGE('',*,*,#403,.T.);
#585=ORIENTED_EDGE('',*,*,#314,.T.);
#586=ORIENTED_EDGE('',*,*,#404,.T.);
#587=ORIENTED_EDGE('',*,*,#401,.F.);
#588=ORIENTED_EDGE('',*,*,#313,.T.);
#589=ORIENTED_EDGE('',*,*,#398,.F.);
#590=ORIENTED_EDGE('',*,*,#395,.F.);
#591=ORIENTED_EDGE('',*,*,#389,.F.);
#592=ORIENTED_EDGE('',*,*,#319,.T.);
#593=ORIENTED_EDGE('',*,*,#400,.F.);
#594=ORIENTED_EDGE('',*,*,#402,.F.);
#595=ORIENTED_EDGE('',*,*,#404,.F.);
#596=ORIENTED_EDGE('',*,*,#316,.T.);
#597=ORIENTED_EDGE('',*,*,#403,.F.);
#598=ORIENTED_EDGE('',*,*,#329,.T.);
#599=ORIENTED_EDGE('',*,*,#405,.T.);
#600=ORIENTED_EDGE('',*,*,#362,.T.);
#601=ORIENTED_EDGE('',*,*,#328,.T.);
#602=ORIENTED_EDGE('',*,*,#406,.F.);
#603=ORIENTED_EDGE('',*,*,#405,.F.);
#604=ORIENTED_EDGE('',*,*,#327,.T.);
#605=ORIENTED_EDGE('',*,*,#363,.T.);
#606=ORIENTED_EDGE('',*,*,#406,.T.);
#607=PLANE('',#670);
#608=PLANE('',#671);
#609=PLANE('',#676);
#610=PLANE('',#677);
#611=PLANE('',#678);
#612=PLANE('',#681);
#613=PLANE('',#689);
#614=PLANE('',#690);
#615=PLANE('',#691);
#616=PLANE('',#695);
#617=PLANE('',#696);
#618=PLANE('',#703);
#619=PLANE('',#709);
#620=PLANE('',#713);
#621=ADVANCED_FACE('',(#58),#607,.F.);
#622=ADVANCED_FACE('',(#59),#608,.F.);
#623=ADVANCED_FACE('',(#60),#41,.F.);
#624=ADVANCED_FACE('',(#61),#609,.F.);
#625=ADVANCED_FACE('',(#62),#610,.T.);
#626=ADVANCED_FACE('',(#63),#611,.F.);
#627=ADVANCED_FACE('',(#64),#612,.T.);
#628=ADVANCED_FACE('',(#65),#29,.F.);
#629=ADVANCED_FACE('',(#66),#30,.F.);
#630=ADVANCED_FACE('',(#67),#613,.T.);
#631=ADVANCED_FACE('',(#68),#614,.F.);
#632=ADVANCED_FACE('',(#69),#615,.T.);
#633=ADVANCED_FACE('',(#70),#31,.T.);
#634=ADVANCED_FACE('',(#71),#27,.T.);
#635=ADVANCED_FACE('',(#72),#616,.T.);
#636=ADVANCED_FACE('',(#73),#617,.T.);
#637=ADVANCED_FACE('',(#74),#32,.F.);
#638=ADVANCED_FACE('',(#75),#33,.T.);
#639=ADVANCED_FACE('',(#76),#28,.T.);
#640=ADVANCED_FACE('',(#77),#18,.F.);
#641=ADVANCED_FACE('',(#78),#618,.T.);
#642=ADVANCED_FACE('',(#79,#16),#19,.F.);
#643=ADVANCED_FACE('',(#80),#20,.F.);
#644=ADVANCED_FACE('',(#81,#17),#21,.F.);
#645=ADVANCED_FACE('',(#82),#22,.F.);
#646=ADVANCED_FACE('',(#83),#23,.T.);
#647=ADVANCED_FACE('',(#84),#34,.F.);
#648=ADVANCED_FACE('',(#85),#24,.F.);
#649=ADVANCED_FACE('',(#86),#25,.F.);
#650=ADVANCED_FACE('',(#87),#26,.F.);
#651=ADVANCED_FACE('',(#88),#15,.F.);
#652=ADVANCED_FACE('',(#89),#42,.T.);
#653=ADVANCED_FACE('',(#90),#619,.F.);
#654=ADVANCED_FACE('',(#91),#43,.F.);
#655=ADVANCED_FACE('',(#92),#620,.T.);
#656=CLOSED_SHELL('',(#621,#622,#623,#624,#625,#626,#627,#628,#629,#630,
#631,#632,#633,#634,#635,#636,#637,#638,#639,#640,#641,#642,#643,#644,#645,
#646,#647,#648,#649,#650,#651,#652,#653,#654,#655));
#657=DERIVED_UNIT_ELEMENT(#659,1.);
#658=DERIVED_UNIT_ELEMENT(#2208,-3.);
#659=(
MASS_UNIT()
NAMED_UNIT(*)
SI_UNIT(.KILO.,.GRAM.)
);
#660=DERIVED_UNIT((#657,#658));
#661=MEASURE_REPRESENTATION_ITEM('density measure',
POSITIVE_RATIO_MEASURE(7850.),#660);
#662=PROPERTY_DEFINITION_REPRESENTATION(#667,#664);
#663=PROPERTY_DEFINITION_REPRESENTATION(#668,#665);
#664=REPRESENTATION('material name',(#666),#2205);
#665=REPRESENTATION('density',(#661),#2205);
#666=DESCRIPTIVE_REPRESENTATION_ITEM('Steel','Steel');
#667=PROPERTY_DEFINITION('material property','material name',#2215);
#668=PROPERTY_DEFINITION('material property','density of part',#2215);
#669=AXIS2_PLACEMENT_3D('',#836,#714,#715);
#670=AXIS2_PLACEMENT_3D('',#837,#716,#717);
#671=AXIS2_PLACEMENT_3D('',#944,#730,#731);
#672=AXIS2_PLACEMENT_3D('',#946,#732,#733);
#673=AXIS2_PLACEMENT_3D('',#955,#736,#737);
#674=AXIS2_PLACEMENT_3D('',#968,#738,#739);
#675=AXIS2_PLACEMENT_3D('',#980,#740,#741);
#676=AXIS2_PLACEMENT_3D('',#984,#742,#743);
#677=AXIS2_PLACEMENT_3D('',#993,#746,#747);
#678=AXIS2_PLACEMENT_3D('',#1009,#751,#752);
#679=AXIS2_PLACEMENT_3D('',#1014,#754,#755);
#680=AXIS2_PLACEMENT_3D('',#1020,#760,#761);
#681=AXIS2_PLACEMENT_3D('',#1021,#762,#763);
#682=AXIS2_PLACEMENT_3D('',#1025,#765,#766);
#683=AXIS2_PLACEMENT_3D('',#1027,#767,#768);
#684=AXIS2_PLACEMENT_3D('',#1034,#770,#771);
#685=AXIS2_PLACEMENT_3D('',#1039,#772,#773);
#686=AXIS2_PLACEMENT_3D('',#1040,#774,#775);
#687=AXIS2_PLACEMENT_3D('',#1042,#776,#777);
#688=AXIS2_PLACEMENT_3D('',#1043,#778,#779);
#689=AXIS2_PLACEMENT_3D('',#1044,#780,#781);
#690=AXIS2_PLACEMENT_3D('',#1049,#782,#783);
#691=AXIS2_PLACEMENT_3D('',#1050,#784,#785);
#692=AXIS2_PLACEMENT_3D('',#1055,#786,#787);
#693=AXIS2_PLACEMENT_3D('',#1058,#788,#789);
#694=AXIS2_PLACEMENT_3D('',#1111,#791,#792);
#695=AXIS2_PLACEMENT_3D('',#1155,#793,#794);
#696=AXIS2_PLACEMENT_3D('',#1221,#797,#798);
#697=AXIS2_PLACEMENT_3D('',#1224,#800,#801);
#698=AXIS2_PLACEMENT_3D('',#1225,#802,#803);
#699=AXIS2_PLACEMENT_3D('',#1232,#804,#805);
#700=AXIS2_PLACEMENT_3D('',#1261,#806,#807);
#701=AXIS2_PLACEMENT_3D('',#1277,#808,#809);
#702=AXIS2_PLACEMENT_3D('',#1333,#811,#812);
#703=AXIS2_PLACEMENT_3D('',#1375,#813,#814);
#704=AXIS2_PLACEMENT_3D('',#1820,#816,#817);
#705=AXIS2_PLACEMENT_3D('',#1854,#818,#819);
#706=AXIS2_PLACEMENT_3D('',#2110,#820,#821);
#707=AXIS2_PLACEMENT_3D('',#2196,#822,#823);
#708=AXIS2_PLACEMENT_3D('',#2197,#824,#825);
#709=AXIS2_PLACEMENT_3D('',#2198,#826,#827);
#710=AXIS2_PLACEMENT_3D('',#2199,#828,#829);
#711=AXIS2_PLACEMENT_3D('',#2200,#830,#831);
#712=AXIS2_PLACEMENT_3D('',#2201,#832,#833);
#713=AXIS2_PLACEMENT_3D('',#2202,#834,#835);
#714=DIRECTION('axis',(0.,0.,1.));
#715=DIRECTION('refdir',(1.,0.,0.));
#716=DIRECTION('center_axis',(0.,1.,-2.22044604925031E-16));
#717=DIRECTION('ref_axis',(1.,0.,0.));
#718=DIRECTION('',(1.,0.,0.));
#719=DIRECTION('',(0.,-2.22044604925031E-16,-1.));
#720=DIRECTION('',(-1.,0.,0.));
#721=DIRECTION('',(0.,2.22044604925031E-16,1.));
#722=DIRECTION('',(0.,-2.22044604925031E-16,-1.));
#723=DIRECTION('',(-1.,0.,0.));
#724=DIRECTION('',(0.,2.22044604925031E-16,1.));
#725=DIRECTION('',(1.,0.,0.));
#726=DIRECTION('',(0.,2.22044604925031E-16,1.));
#727=DIRECTION('',(1.,-3.85185988877447E-34,-1.73472347597681E-18));
#728=DIRECTION('',(-1.,3.85185988877447E-34,1.73472347597681E-18));
#729=DIRECTION('',(0.,-2.22044604925031E-16,-1.));
#730=DIRECTION('center_axis',(0.,-2.22044604925031E-16,-1.));
#731=DIRECTION('ref_axis',(-1.,0.,0.));
#732=DIRECTION('center_axis',(0.,2.22044604925031E-16,1.));
#733=DIRECTION('ref_axis',(1.,0.,0.));
#734=DIRECTION('',(1.,0.,0.));
#735=DIRECTION('',(0.,1.,-2.22044604925031E-16));
#736=DIRECTION('center_axis',(0.,2.22044604925031E-16,1.));
#737=DIRECTION('ref_axis',(1.,0.,0.));
#738=DIRECTION('center_axis',(0.,-2.22044604925031E-16,-1.));
#739=DIRECTION('ref_axis',(1.,0.,0.));
#740=DIRECTION('center_axis',(0.,2.22044604925031E-16,1.));
#741=DIRECTION('ref_axis',(1.,0.,0.));
#742=DIRECTION('center_axis',(0.,-2.22044604925031E-16,-1.));
#743=DIRECTION('ref_axis',(-1.,0.,0.));
#744=DIRECTION('',(0.,-1.,2.22044604925031E-16));
#745=DIRECTION('',(1.,0.,0.));
#746=DIRECTION('center_axis',(0.,-1.,2.22044604925031E-16));
#747=DIRECTION('ref_axis',(-1.,0.,0.));
#748=DIRECTION('',(0.,-2.22044604925031E-16,-1.));
#749=DIRECTION('',(-1.,0.,0.));
#750=DIRECTION('',(0.,-2.22044604925031E-16,-1.));
#751=DIRECTION('center_axis',(0.,-2.22044604925031E-16,-1.));
#752=DIRECTION('ref_axis',(0.,1.,-2.22044604925031E-16));
#753=DIRECTION('',(1.,0.,0.));
#754=DIRECTION('center_axis',(0.,2.22044604925031E-16,1.));
#755=DIRECTION('ref_axis',(0.,-1.,2.22044604925031E-16));
#756=DIRECTION('',(0.,1.,-2.22044604925031E-16));
#757=DIRECTION('',(0.,-1.,2.22044604925031E-16));
#758=DIRECTION('',(0.,1.,-2.22044604925031E-16));
#759=DIRECTION('',(0.,-1.,2.22044604925031E-16));
#760=DIRECTION('center_axis',(0.,2.22044604925031E-16,1.));
#761=DIRECTION('ref_axis',(0.,-1.,2.22044604925031E-16));
#762=DIRECTION('center_axis',(-1.,0.,0.));
#763=DIRECTION('ref_axis',(0.,1.,-2.22044604925031E-16));
#764=DIRECTION('',(0.,-0.965925826289068,0.258819045102522));
#765=DIRECTION('center_axis',(1.,0.,0.));
#766=DIRECTION('ref_axis',(0.,-0.99144486137381,0.130526192220052));
#767=DIRECTION('center_axis',(-1.,0.,0.));
#768=DIRECTION('ref_axis',(0.,1.,-2.22044604925031E-16));
#769=DIRECTION('',(0.,2.22044604925031E-16,1.));
#770=DIRECTION('center_axis',(0.,-0.965925826289068,0.258819045102522));
#771=DIRECTION('ref_axis',(-1.,0.,0.));
#772=DIRECTION('center_axis',(0.,-2.22044604925031E-16,-1.));
#773=DIRECTION('ref_axis',(1.,0.,0.));
#774=DIRECTION('center_axis',(0.,2.22044604925031E-16,1.));
#775=DIRECTION('ref_axis',(1.,0.,0.));
#776=DIRECTION('center_axis',(1.67561420691594E-18,0.258819045102521,0.965925826289068));
#777=DIRECTION('ref_axis',(0.,-0.965925826289068,0.258819045102521));
#778=DIRECTION('center_axis',(1.67561420691594E-18,0.258819045102521,0.965925826289068));
#779=DIRECTION('ref_axis',(0.,-0.965925826289068,0.258819045102521));
#780=DIRECTION('center_axis',(-1.,0.,0.));
#781=DIRECTION('ref_axis',(0.,1.,-2.22044604925031E-16));
#782=DIRECTION('center_axis',(0.,-2.22044604925031E-16,-1.));
#783=DIRECTION('ref_axis',(1.,0.,0.));
#784=DIRECTION('center_axis',(1.,0.,0.));
#785=DIRECTION('ref_axis',(0.,-1.,2.22044604925031E-16));
#786=DIRECTION('center_axis',(0.,2.22044604925031E-16,1.));
#787=DIRECTION('ref_axis',(-0.707106781186547,0.707106781186547,-1.57009245868377E-16));
#788=DIRECTION('center_axis',(0.,-2.22044604925031E-16,-1.));
#789=DIRECTION('ref_axis',(-0.707106781186547,0.707106781186547,-1.57009245868377E-16));
#790=DIRECTION('',(0.,-2.22044604925031E-16,-1.));
#791=DIRECTION('center_axis',(0.,-2.22044604925031E-16,-1.));
#792=DIRECTION('ref_axis',(-1.,0.,0.));
#793=DIRECTION('center_axis',(0.,1.,-2.22044604925031E-16));
#794=DIRECTION('ref_axis',(1.,0.,0.));
#795=DIRECTION('',(1.,0.,0.));
#796=DIRECTION('',(0.,2.22044604925031E-16,1.));
#797=DIRECTION('center_axis',(0.,2.22044604925031E-16,1.));
#798=DIRECTION('ref_axis',(1.,0.,0.));
#799=DIRECTION('',(-1.,0.,0.));
#800=DIRECTION('center_axis',(0.,-2.22044604925031E-16,-1.));
#801=DIRECTION('ref_axis',(0.707106781186547,0.707106781186547,-1.57009245868377E-16));
#802=DIRECTION('center_axis',(1.,0.,0.));
#803=DIRECTION('ref_axis',(0.,-0.99144486137381,0.130526192220052));
#804=DIRECTION('center_axis',(-1.,0.,0.));
#805=DIRECTION('ref_axis',(0.,-0.99144486137381,0.130526192220052));
#806=DIRECTION('center_axis',(0.,-2.22044604925031E-16,-1.));
#807=DIRECTION('ref_axis',(0.707106781186547,0.707106781186547,-1.57009245868377E-16));
#808=DIRECTION('center_axis',(0.,-2.22044604925031E-16,-1.));
#809=DIRECTION('ref_axis',(0.,1.,-2.22044604925031E-16));
#810=DIRECTION('',(0.,-2.22044604925031E-16,-1.));
#811=DIRECTION('center_axis',(1.,0.,0.));
#812=DIRECTION('ref_axis',(0.,1.,-2.22044604925031E-16));
#813=DIRECTION('center_axis',(1.,0.,0.));
#814=DIRECTION('ref_axis',(0.,-1.,2.22044604925031E-16));
#815=DIRECTION('',(0.,0.965925826289068,-0.258819045102522));
#816=DIRECTION('center_axis',(0.,0.965925826289068,-0.258819045102522));
#817=DIRECTION('ref_axis',(1.,0.,0.));
#818=DIRECTION('center_axis',(0.301312343868243,0.106825575822162,0.94752264763587));
#819=DIRECTION('ref_axis',(0.915131018336241,-0.311538751942143,-0.255888306331506));
#820=DIRECTION('center_axis',(0.272399746816159,-0.0634570944506263,-0.960089357871639));
#821=DIRECTION('ref_axis',(-0.892418463046693,-0.389690667008408,-0.227443335492424));
#822=DIRECTION('center_axis',(0.,-2.22044604925031E-16,-1.));
#823=DIRECTION('ref_axis',(0.,1.,-1.45008721583694E-16));
#824=DIRECTION('center_axis',(1.63010684947949E-18,0.342020143325669,0.939692620785908));
#825=DIRECTION('ref_axis',(1.,5.75395780113925E-17,-2.26774171643618E-17));
#826=DIRECTION('center_axis',(1.67561420691594E-18,0.258819045102521,0.965925826289068));
#827=DIRECTION('ref_axis',(0.,-0.965925826289068,0.258819045102521));
#828=DIRECTION('center_axis',(-1.67561420691594E-18,-0.258819045102521,
-0.965925826289068));
#829=DIRECTION('ref_axis',(1.02423345902767E-13,0.965925826289068,-0.258819045102521));
#830=DIRECTION('center_axis',(1.63010684947949E-18,0.342020143325669,0.939692620785908));
#831=DIRECTION('ref_axis',(1.,5.75395780113925E-17,-2.26774171643618E-17));
#832=DIRECTION('center_axis',(-1.67561420691594E-18,-0.258819045102521,
-0.965925826289068));
#833=DIRECTION('ref_axis',(1.02423345902767E-13,0.965925826289068,-0.258819045102521));
#834=DIRECTION('center_axis',(1.67561420691594E-18,0.258819045102521,0.965925826289068));
#835=DIRECTION('ref_axis',(4.48979473569243E-19,-0.965925826289068,0.258819045102521));
#836=CARTESIAN_POINT('',(0.,0.,0.));
#837=CARTESIAN_POINT('Origin',(0.00635986172141223,0.356856524110096,63.413132773517));
#838=CARTESIAN_POINT('',(-15.6831108815845,0.356856523993709,-46.1121220007054));
#839=CARTESIAN_POINT('',(-18.1414194593477,0.356856524110096,-43.9606525420869));
#840=CARTESIAN_POINT('Ctrl Pts',(-18.141419459346,0.356856524110096,-43.9606525420885));
#841=CARTESIAN_POINT('Ctrl Pts',(-16.8438411482176,0.356856524110061,-45.1145698177517));
#842=CARTESIAN_POINT('Ctrl Pts',(-15.6831108815241,0.356856524110061,-46.1121220006384));
#843=CARTESIAN_POINT('',(-27.5,0.356856524110096,-43.9606525420869));
#844=CARTESIAN_POINT('',(-8.61174643252367,0.356856524110096,-43.9606525420869));
#845=CARTESIAN_POINT('',(-27.5,0.356856524110132,98.6393474579131));
#846=CARTESIAN_POINT('',(-27.5,0.356856524110096,81.0262401157151));
#847=CARTESIAN_POINT('',(-29.9,0.356856524110132,98.6393474579131));
#848=CARTESIAN_POINT('',(0.00635986172141223,0.356856524110132,98.6393474579131));
#849=CARTESIAN_POINT('',(-29.9,0.356856524110096,-40.6367773017065));
#850=CARTESIAN_POINT('',(-29.9,0.356856524110096,81.0262401157151));
#851=CARTESIAN_POINT('',(-25.4700230597802,0.356856524097484,-48.6272397269019));
#852=CARTESIAN_POINT('Ctrl Pts',(-25.4700230597756,0.356856524110072,-48.6272397268987));
#853=CARTESIAN_POINT('Ctrl Pts',(-26.3029630379746,0.356856524110072,-48.1225862447799));
#854=CARTESIAN_POINT('Ctrl Pts',(-27.0474403683349,0.35685652410324,-47.4854280841748));
#855=CARTESIAN_POINT('Ctrl Pts',(-28.3219706108528,0.35685652410324,-45.9838650470105));
#856=CARTESIAN_POINT('Ctrl Pts',(-28.8383734688,0.356856523927522,-45.1250518401128));
#857=CARTESIAN_POINT('Ctrl Pts',(-29.6671497904894,0.356856523927522,-43.0694705327619));
#858=CARTESIAN_POINT('Ctrl Pts',(-29.9,0.356856524110073,-41.8577358005886));
#859=CARTESIAN_POINT('Ctrl Pts',(-29.9,0.356856524110073,-40.6367773017065));
#860=CARTESIAN_POINT('',(-19.8777162561695,0.356856524362694,-54.575107589951));
#861=CARTESIAN_POINT('Ctrl Pts',(-19.8777162563715,0.35685652411007,-54.5751075900536));
#862=CARTESIAN_POINT('Ctrl Pts',(-20.1926532431311,0.35685652411007,-53.9551636204741));
#863=CARTESIAN_POINT('Ctrl Pts',(-20.5719065775548,0.356856524110096,-53.3298767572878));
#864=CARTESIAN_POINT('Ctrl Pts',(-21.5654812908934,0.356856524110096,-51.9480037506443));
#865=CARTESIAN_POINT('Ctrl Pts',(-22.2177719111831,0.356856524110096,-51.2181484746396));
#866=CARTESIAN_POINT('Ctrl Pts',(-23.5399106389538,0.356856524110096,-49.9710864700283));
#867=CARTESIAN_POINT('Ctrl Pts',(-24.3366746753991,0.356856524110096,-49.3429175423463));
#868=CARTESIAN_POINT('Ctrl Pts',(-25.2819609164834,0.356856524110096,-48.7425414203766));
#869=CARTESIAN_POINT('Ctrl Pts',(-25.3757354328001,0.356856524110071,-48.6843657870223));
#870=CARTESIAN_POINT('Ctrl Pts',(-25.4700230597775,0.356856524110071,-48.6272397268976));
#871=CARTESIAN_POINT('',(-18.4552329835606,0.356856524110096,-58.0830160237633));
#872=CARTESIAN_POINT('Ctrl Pts',(-18.4552329835604,0.356856524110075,-58.0830160237638));
#873=CARTESIAN_POINT('Ctrl Pts',(-18.8332172023346,0.356856524110075,-56.8888739021045));
#874=CARTESIAN_POINT('Ctrl Pts',(-19.305645755486,0.356856524110068,-55.7012111348293));
#875=CARTESIAN_POINT('Ctrl Pts',(-19.8777162565646,0.356856524110069,-54.5751075896736));
#876=CARTESIAN_POINT('',(-15.2653343276912,0.356856524235933,-64.8837962721322));
#877=CARTESIAN_POINT('Ctrl Pts',(-15.2653343279096,0.356856524110104,-64.8837962720322));
#878=CARTESIAN_POINT('Ctrl Pts',(-16.114277030895,0.356856524110105,-63.6964587144076));
#879=CARTESIAN_POINT('Ctrl Pts',(-16.8092559312815,0.356856524109777,-62.4391546274737));
#880=CARTESIAN_POINT('Ctrl Pts',(-17.6373603352148,0.356856524109777,-60.4889263492045));
#881=CARTESIAN_POINT('Ctrl Pts',(-17.8535941267573,0.356856524109563,-59.9093412534205));
#882=CARTESIAN_POINT('Ctrl Pts',(-18.2051021512407,0.356856524109563,-58.8729801950489));
#883=CARTESIAN_POINT('Ctrl Pts',(-18.2509822017252,0.356856524110052,-58.7282928629985));
#884=CARTESIAN_POINT('Ctrl Pts',(-18.4552329835606,0.356856524110052,-58.0830160237633));
#885=CARTESIAN_POINT('',(14.9804112889477,0.356856534951451,-64.6050198719472));
#886=CARTESIAN_POINT('Ctrl Pts',(14.9804112889477,0.356856534951451,-64.6050198719472));
#887=CARTESIAN_POINT('Ctrl Pts',(-0.143228358379213,0.356856532228296,-86.0336857854855));
#888=CARTESIAN_POINT('Ctrl Pts',(-15.2653343276912,0.356856524235933,-64.8837962721322));
#889=CARTESIAN_POINT('',(18.2336699621364,0.356856524110096,-58.0218411966418));
#890=CARTESIAN_POINT('Ctrl Pts',(18.2336699621674,0.356856524110083,-58.0218411965584));
#891=CARTESIAN_POINT('Ctrl Pts',(18.0390314533697,0.356856524110083,-58.5450143655664));
#892=CARTESIAN_POINT('Ctrl Pts',(17.8868634061061,0.356856524109634,-58.9516945550688));
#893=CARTESIAN_POINT('Ctrl Pts',(17.488063255915,0.356856524109634,-59.9623136300424));
#894=CARTESIAN_POINT('Ctrl Pts',(17.2692899832637,0.356856524110274,-60.484692471664));
#895=CARTESIAN_POINT('Ctrl Pts',(16.443287365701,0.356856524110274,-62.2890381005525));
#896=CARTESIAN_POINT('Ctrl Pts',(15.7809026100623,0.356856524110153,-63.4708047471312));
#897=CARTESIAN_POINT('Ctrl Pts',(14.9804113079036,0.356856524110153,-64.6050198625829));
#898=CARTESIAN_POINT('',(21.3279294554723,0.356856524124165,-52.2963693030799));
#899=CARTESIAN_POINT('Ctrl Pts',(21.3279294555067,0.356856524110071,-52.2963693030527));
#900=CARTESIAN_POINT('Ctrl Pts',(19.8758064695831,0.356856524110071,-54.1621820061229));
#901=CARTESIAN_POINT('Ctrl Pts',(18.9232774544729,0.35685652411007,-56.1682299078932));
#902=CARTESIAN_POINT('Ctrl Pts',(18.2336699621404,0.356856524110069,-58.0218411966312));
#903=CARTESIAN_POINT('',(25.4700230598015,0.356856524039113,-48.6272397269168));
#904=CARTESIAN_POINT('Ctrl Pts',(25.4700230597865,0.356856524110071,-48.6272397268921));
#905=CARTESIAN_POINT('Ctrl Pts',(25.3757354328061,0.356856524110071,-48.6843657870185));
#906=CARTESIAN_POINT('Ctrl Pts',(25.2819609164864,0.356856524110096,-48.7425414203747));
#907=CARTESIAN_POINT('Ctrl Pts',(24.3366746753991,0.356856524110096,-49.3429175423463));
#908=CARTESIAN_POINT('Ctrl Pts',(23.5399106389538,0.356856524110096,-49.9710864700283));
#909=CARTESIAN_POINT('Ctrl Pts',(22.340517593157,0.356856524110096,-51.1023728203874));
#910=CARTESIAN_POINT('Ctrl Pts',(21.8111617466589,0.356856524110071,-51.6754708281227));
#911=CARTESIAN_POINT('Ctrl Pts',(21.3279294554806,0.356856524110071,-52.2963693030863));
#912=CARTESIAN_POINT('',(29.9,0.356856523997013,-40.636777301765));
#913=CARTESIAN_POINT('Ctrl Pts',(29.9,0.356856524110073,-40.6367773017064));
#914=CARTESIAN_POINT('Ctrl Pts',(29.9,0.356856524110073,-41.6631848827741));
#915=CARTESIAN_POINT('Ctrl Pts',(29.7354436936095,0.356856524111908,-42.6841845831951));
#916=CARTESIAN_POINT('Ctrl Pts',(29.0970650028019,0.356856524111908,-44.5984847637034));
#917=CARTESIAN_POINT('Ctrl Pts',(28.6373582524047,0.356856524110487,-45.4844358260211));
#918=CARTESIAN_POINT('Ctrl Pts',(27.3456647766847,0.356856524110487,-47.2211794893396));
#919=CARTESIAN_POINT('Ctrl Pts',(26.4728035442781,0.356856524110071,-48.0196849491833));
#920=CARTESIAN_POINT('Ctrl Pts',(25.4700230597756,0.356856524110071,-48.6272397268987));
#921=CARTESIAN_POINT('',(29.9,0.356856524110132,98.6393474579131));
#922=CARTESIAN_POINT('',(29.9,0.356856524110096,81.0262401157151));
#923=CARTESIAN_POINT('',(27.5,0.356856524110132,98.6393474579131));
#924=CARTESIAN_POINT('',(0.00635986172141223,0.356856524110132,98.6393474579131));
#925=CARTESIAN_POINT('',(27.5,0.356856524110096,-43.9606525420869));
#926=CARTESIAN_POINT('',(27.5,0.356856524110096,81.0262401157151));
#927=CARTESIAN_POINT('',(18.1414194593477,0.356856524110096,-43.9606525420869));
#928=CARTESIAN_POINT('',(8.61810629424508,0.356856524110096,-43.9606525420869));
#929=CARTESIAN_POINT('',(15.6831108814361,0.356856524110096,-46.112122000714));
#930=CARTESIAN_POINT('Ctrl Pts',(15.6831108814361,0.356856524110096,-46.112122000714));
#931=CARTESIAN_POINT('Ctrl Pts',(16.8438411481695,0.356856524110096,-45.1145698177945));
#932=CARTESIAN_POINT('Ctrl Pts',(18.1414194593477,0.356856524110096,-43.9606525420869));
#933=CARTESIAN_POINT('',(15.6831108814361,0.356856524110096,-58.86577960944));
#934=CARTESIAN_POINT('',(15.6831108814361,0.356856524110096,-46.3606525420869));
#935=CARTESIAN_POINT('',(15.5342145622857,0.356856524110096,-58.86577960944));
#936=CARTESIAN_POINT('',(-0.117616201234271,0.356856524110096,-58.86577960944));
#937=CARTESIAN_POINT('',(-16.0171668549724,0.356856524110096,-58.86577960944));
#938=CARTESIAN_POINT('Ctrl Pts',(-16.0171668549724,0.356856524110096,-58.86577960944));
#939=CARTESIAN_POINT('Ctrl Pts',(-0.241476146343311,0.356856524110061,-84.1609697092801));
#940=CARTESIAN_POINT('Ctrl Pts',(15.5342145622857,0.356856524110096,-58.86577960944));
#941=CARTESIAN_POINT('',(-15.6831108814361,0.356856524110096,-58.86577960944));
#942=CARTESIAN_POINT('',(0.00317993086070601,0.356856524110096,-58.86577960944));
#943=CARTESIAN_POINT('',(-15.6831108814361,0.356856524110096,-46.3606525420869));
#944=CARTESIAN_POINT('Origin',(-17.2298527267688,-8.9731434758899,-43.9606525420869));
#945=CARTESIAN_POINT('',(-8.03725699477118,9.7768565241101,-43.9606525420869));
#946=CARTESIAN_POINT('Origin',(0.,-8.9731434758899,-43.9606525420869));
#947=CARTESIAN_POINT('',(-27.4978610892532,9.7768565241101,-43.9606525420869));
#948=CARTESIAN_POINT('',(5.13507363661562,9.7768565241101,-43.9606525420869));
#949=CARTESIAN_POINT('',(-27.5,9.77539754938833,-43.9606525420869));
#950=CARTESIAN_POINT('Ctrl Pts',(-27.500437818267,9.77555647417216,-43.9613997225993));
#951=CARTESIAN_POINT('Ctrl Pts',(-27.4997250731682,9.77604311343944,-43.9613993696154));
#952=CARTESIAN_POINT('Ctrl Pts',(-27.4990118808554,9.77652908827578,-43.9613990764134));
#953=CARTESIAN_POINT('Ctrl Pts',(-27.4982982873195,9.77701446424937,-43.9613987535118));
#954=CARTESIAN_POINT('',(-27.5,0.401856524110098,-43.9606525420869));
#955=CARTESIAN_POINT('Origin',(0.,-8.9731434758899,-45.3606525420869));
#956=CARTESIAN_POINT('',(-8.14251801909706,7.07987494148759,-46.3606525420869));
#957=CARTESIAN_POINT('Ctrl Pts',(-15.6831108815318,0.356856523959996,-46.1121220007084));
#958=CARTESIAN_POINT('Ctrl Pts',(-15.5076600193415,0.632018011050784,-46.1222246580735));
#959=CARTESIAN_POINT('Ctrl Pts',(-15.3254367627109,0.901810623571944,-46.1321385937148));
#960=CARTESIAN_POINT('Ctrl Pts',(-14.4351160291664,2.14864916170749,-46.1779914142946));
#961=CARTESIAN_POINT('Ctrl Pts',(-13.6461649867305,3.04813839823309,-46.2111787018046));
#962=CARTESIAN_POINT('Ctrl Pts',(-11.9935804717216,4.61819695645664,-46.2692324327196));
#963=CARTESIAN_POINT('Ctrl Pts',(-11.0753100081775,5.34684415697617,-46.2962445795915));
#964=CARTESIAN_POINT('Ctrl Pts',(-9.46121606045874,6.38769064321556,-46.3349001601782));
#965=CARTESIAN_POINT('Ctrl Pts',(-8.81274945771418,6.75353606593803,-46.3485054539539));
#966=CARTESIAN_POINT('Ctrl Pts',(-8.1425180190973,7.07987494148805,-46.3606525420869));
#967=CARTESIAN_POINT('',(8.14251801909706,7.07987494148759,-46.3606525420869));
#968=CARTESIAN_POINT('Origin',(0.,-8.9731434758899,-46.3606525420869));
#969=CARTESIAN_POINT('Ctrl Pts',(8.14251801909729,7.07987494148806,-46.3606525420869));
#970=CARTESIAN_POINT('Ctrl Pts',(8.81274945771417,6.75353606593803,-46.3485054539539));
#971=CARTESIAN_POINT('Ctrl Pts',(9.46121606045874,6.38769064321558,-46.3349001601782));
#972=CARTESIAN_POINT('Ctrl Pts',(11.0753100081775,5.34684415697617,-46.2962445795915));
#973=CARTESIAN_POINT('Ctrl Pts',(11.9935804717216,4.61819695645664,-46.2692324327197));
#974=CARTESIAN_POINT('Ctrl Pts',(13.6461649867305,3.04813839823309,-46.2111787018046));
#975=CARTESIAN_POINT('Ctrl Pts',(14.4351160291664,2.14864916170752,-46.1779914142945));
#976=CARTESIAN_POINT('Ctrl Pts',(15.3254367626766,0.901810623619878,-46.1321385937165));
#977=CARTESIAN_POINT('Ctrl Pts',(15.5076600192752,0.632018011148874,-46.1222246580771));
#978=CARTESIAN_POINT('Ctrl Pts',(15.6831108814361,0.356856524110095,-46.112122000714));
#979=CARTESIAN_POINT('',(8.03725699477118,9.7768565241101,-43.9606525420869));
#980=CARTESIAN_POINT('Origin',(0.,-8.9731434758899,-43.9606525420869));
#981=CARTESIAN_POINT('Ctrl Pts',(-8.03725699477116,9.7768565241101,-43.960652542087));
#982=CARTESIAN_POINT('Ctrl Pts',(-2.22044604925031E-15,9.77685652411013,
-47.1271966597338));
#983=CARTESIAN_POINT('Ctrl Pts',(8.03725699477115,9.7768565241101,-43.9606525420869));
#984=CARTESIAN_POINT('Origin',(17.2298527267688,-8.9731434758899,-43.9606525420869));
#985=CARTESIAN_POINT('',(27.5,9.77539754938833,-43.9606525420869));
#986=CARTESIAN_POINT('',(27.5,-18.3481434758899,-43.9606525420869));
#987=CARTESIAN_POINT('',(27.4978610892532,9.7768565241101,-43.9606525420869));
#988=CARTESIAN_POINT('Ctrl Pts',(27.5006696498395,9.77984246954699,-43.9572309294263));
#989=CARTESIAN_POINT('Ctrl Pts',(27.5013838013493,9.77935675813213,-43.9572312423879));
#990=CARTESIAN_POINT('Ctrl Pts',(27.502097606532,9.77887041862046,-43.9572315301815));
#991=CARTESIAN_POINT('Ctrl Pts',(27.5028110444364,9.77838342170423,-43.957231832725));
#992=CARTESIAN_POINT('',(22.3649263633844,9.7768565241101,-43.9606525420869));
#993=CARTESIAN_POINT('Origin',(27.5,9.77685652411013,98.6393474579131));
#994=CARTESIAN_POINT('',(27.5,9.7768565241101,-43.9592985529024));
#995=CARTESIAN_POINT('Ctrl Pts',(27.5028132541206,9.7798460347808,-43.9558724275756));
#996=CARTESIAN_POINT('Ctrl Pts',(27.5020988894104,9.77984484521968,-43.9563255664289));
#997=CARTESIAN_POINT('Ctrl Pts',(27.5013843542818,9.77984365631421,-43.9567784012106));
#998=CARTESIAN_POINT('Ctrl Pts',(27.5006696498395,9.77984246954699,-43.9572309294263));
#999=CARTESIAN_POINT('',(27.5,9.77685652411013,98.6393474579131));
#1000=CARTESIAN_POINT('',(27.5,9.77685652411013,98.6393474579131));
#1001=CARTESIAN_POINT('',(-27.5,9.77685652411013,98.6393474579131));
#1002=CARTESIAN_POINT('',(13.75,9.77685652411013,98.6393474579131));
#1003=CARTESIAN_POINT('',(-27.5,9.7768565241101,-43.9592985529024));
#1004=CARTESIAN_POINT('',(-27.5,9.77685652411013,98.6393474579131));
#1005=CARTESIAN_POINT('Ctrl Pts',(-27.4982982873195,9.77701446424937,-43.9613987535118));
#1006=CARTESIAN_POINT('Ctrl Pts',(-27.4990124804841,9.7770157152344,-43.9609473571317));
#1007=CARTESIAN_POINT('Ctrl Pts',(-27.4997265668164,9.77701706869811,-43.9604955173876));
#1008=CARTESIAN_POINT('Ctrl Pts',(-27.5004404500544,9.77701837242899,-43.9600434365232));
#1009=CARTESIAN_POINT('Origin',(0.00635986172141223,14.0122896260857,98.6393474579131));
#1010=CARTESIAN_POINT('',(-29.9002247563278,12.7790272487753,98.6393474579131));
#1011=CARTESIAN_POINT('',(29.9002247563278,12.7790272487753,98.6393474579131));
#1012=CARTESIAN_POINT('',(-14.95,12.7790272487753,98.6393474579131));
#1013=CARTESIAN_POINT('',(-29.9,12.2694270566585,98.6393474579131));
#1014=CARTESIAN_POINT('Origin',(-68.6,12.2694270566585,98.6393474579131));
#1015=CARTESIAN_POINT('',(-29.9,-8.05542692490208,98.6393474579131));
#1016=CARTESIAN_POINT('',(-27.5,0.401856421278151,98.6393474579131));
#1017=CARTESIAN_POINT('',(27.5,-18.3481435787218,98.6393474579131));
#1018=CARTESIAN_POINT('',(29.9,12.2694270566588,98.6393474579131));
#1019=CARTESIAN_POINT('',(29.9,13.0945730750979,98.6393474579131));
#1020=CARTESIAN_POINT('Origin',(68.6,12.2694270566588,98.6393474579131));
#1021=CARTESIAN_POINT('Origin',(-29.9,-30.1231434758899,98.6393474579131));
#1022=CARTESIAN_POINT('',(-29.9,12.7617393138781,98.50743279026));
#1023=CARTESIAN_POINT('',(-29.9,-16.8081489127023,106.430660456758));
#1024=CARTESIAN_POINT('',(-29.9,12.3554527521427,94.474556141563));
#1025=CARTESIAN_POINT('Origin',(-29.9,82.1768565241101,89.4773994187962));
#1026=CARTESIAN_POINT('',(-29.9,7.18685652411009,89.4773994187962));
#1027=CARTESIAN_POINT('Origin',(-29.9,12.1868565241101,89.4773994187962));
#1028=CARTESIAN_POINT('',(-29.9,7.18685652413892,-38.8591399431776));
#1029=CARTESIAN_POINT('',(-29.9,7.18685652411013,98.6393474579131));
#1030=CARTESIAN_POINT('Ctrl Pts',(-29.9,0.357403286587478,-40.6389056894133));
#1031=CARTESIAN_POINT('Ctrl Pts',(-29.9,2.63611681988765,-40.0535259427836));
#1032=CARTESIAN_POINT('Ctrl Pts',(-29.9,4.90041502560392,-39.4100359582661));
#1033=CARTESIAN_POINT('Ctrl Pts',(-29.9,7.18730911336819,-38.8610251951665));
#1034=CARTESIAN_POINT('Origin',(-68.6,-16.8081489127023,106.430660456758));
#1035=CARTESIAN_POINT('Ctrl Pts',(-29.9002247563278,12.7790272487752,98.6393474579131));
#1036=CARTESIAN_POINT('Ctrl Pts',(-29.9000748216996,12.7732198034178,98.5953585485987));
#1037=CARTESIAN_POINT('Ctrl Pts',(-29.9,12.767457175433,98.5513867839916));
#1038=CARTESIAN_POINT('Ctrl Pts',(-29.9,12.7617393133635,98.5074327863051));
#1039=CARTESIAN_POINT('Origin',(0.,-9.64314512991878,-46.3606525420869));
#1040=CARTESIAN_POINT('Origin',(0.,-9.64314512991878,-46.3606525420869));
#1041=CARTESIAN_POINT('',(11.7296733984313,4.79204665842031,-60.0541852242069));
#1042=CARTESIAN_POINT('Origin',(0.,-9.64314512991878,-56.186287241933));
#1043=CARTESIAN_POINT('Origin',(0.,-9.64314512991878,-56.186287241933));
#1044=CARTESIAN_POINT('Origin',(27.5,-27.7231434758899,98.6393474579131));
#1045=CARTESIAN_POINT('Ctrl Pts',(27.5028110444364,9.77838342170422,-43.957231832725));
#1046=CARTESIAN_POINT('Ctrl Pts',(27.50281181229,9.77887102004817,-43.9567787887653));
#1047=CARTESIAN_POINT('Ctrl Pts',(27.5028125181879,9.77935852057814,-43.9563257076371));
#1048=CARTESIAN_POINT('Ctrl Pts',(27.5028132541206,9.77984603478081,-43.9558724275756));
#1049=CARTESIAN_POINT('Origin',(0.,-9.64314512991878,-46.3606525420869));
#1050=CARTESIAN_POINT('Origin',(-27.5,9.77685652411013,98.6393474579131));
#1051=CARTESIAN_POINT('Ctrl Pts',(-27.5004404500544,9.77701837242899,-43.9600434365232));
#1052=CARTESIAN_POINT('Ctrl Pts',(-27.5004396538257,9.77653119379659,-43.9604955366045));
#1053=CARTESIAN_POINT('Ctrl Pts',(-27.5004386958453,9.77604379646871,-43.9609477736848));
#1054=CARTESIAN_POINT('Ctrl Pts',(-27.500437818267,9.77555647417216,-43.9613997225993));
#1055=CARTESIAN_POINT('Origin',(-24.9,7.18685652411013,98.6393474579131));
#1056=CARTESIAN_POINT('',(-25.2160696125856,12.1768565241101,89.4773994187962));
#1057=CARTESIAN_POINT('',(-24.9,12.1868565241101,89.4773994187962));
#1058=CARTESIAN_POINT('Origin',(-24.9,7.18685652411009,89.4773994187962));
#1059=CARTESIAN_POINT('',(-24.9,12.1868565241101,-38.4496836394359));
#1060=CARTESIAN_POINT('',(-24.9,12.1868565241101,98.6393474579131));
#1061=CARTESIAN_POINT('',(-25.2160696373569,12.1768565233271,-38.3618553335813));
#1062=CARTESIAN_POINT('Ctrl Pts',(-24.9000166198931,12.1868565241101,-38.4496902782494));
#1063=CARTESIAN_POINT('Ctrl Pts',(-24.9170230093925,12.1868565241364,-38.4448631521751));
#1064=CARTESIAN_POINT('Ctrl Pts',(-24.9340336860713,12.186769742191,-38.4400510942097));
#1065=CARTESIAN_POINT('Ctrl Pts',(-24.9510480106419,12.1865960499748,-38.4352543052316));
#1066=CARTESIAN_POINT('Ctrl Pts',(-24.9780208794529,12.1863206950914,-38.4276499387295));
#1067=CARTESIAN_POINT('Ctrl Pts',(-25.0050022133517,12.1858269257977,-38.4200841457011));
#1068=CARTESIAN_POINT('Ctrl Pts',(-25.0319894554231,12.1851142604567,-38.412557698195));
#1069=CARTESIAN_POINT('Ctrl Pts',(-25.0914646752188,12.1835436691497,-38.3959707079971));
#1070=CARTESIAN_POINT('Ctrl Pts',(-25.1509621688399,12.1809101097834,-38.3795766518923));
#1071=CARTESIAN_POINT('Ctrl Pts',(-25.210454376041,12.1772090270441,-38.363383195633));
#1072=CARTESIAN_POINT('Ctrl Pts',(-25.2123261830113,12.1770925796505,-38.3628736999238));
#1073=CARTESIAN_POINT('Ctrl Pts',(-25.2141979417814,12.1769750781128,-38.3623644144293));
#1074=CARTESIAN_POINT('Ctrl Pts',(-25.2160696515405,12.1768565233271,-38.3618553393365));
#1075=CARTESIAN_POINT('',(-27.6417257407301,11.3681170806179,-41.610766796644));
#1076=CARTESIAN_POINT('Ctrl Pts',(-25.2160696125858,12.1768565241101,-38.3618553403321));
#1077=CARTESIAN_POINT('Ctrl Pts',(-25.2160696125858,12.1768565241101,-38.4109694143278));
#1078=CARTESIAN_POINT('Ctrl Pts',(-25.2219846296027,12.1764921646117,-38.4583839435928));
#1079=CARTESIAN_POINT('Ctrl Pts',(-25.2452221672525,12.1749378133346,-38.5528994530909));
#1080=CARTESIAN_POINT('Ctrl Pts',(-25.2619251655186,12.173779880082,-38.598156082785));
#1081=CARTESIAN_POINT('Ctrl Pts',(-25.3177007469611,12.1695092145883,-38.7214607483568));
#1082=CARTESIAN_POINT('Ctrl Pts',(-25.367946971769,12.1653257910746,-38.8053832639622));
#1083=CARTESIAN_POINT('Ctrl Pts',(-25.5296883802053,12.1480231218975,-39.0418571583415));
#1084=CARTESIAN_POINT('Ctrl Pts',(-25.6598681697592,12.1311597981129,-39.2074468947202));
#1085=CARTESIAN_POINT('Ctrl Pts',(-26.0742294453812,12.0544031063195,-39.7157073709886));
#1086=CARTESIAN_POINT('Ctrl Pts',(-26.3494698497312,11.9811760949315,-40.0387223573171));
#1087=CARTESIAN_POINT('Ctrl Pts',(-26.9763010011343,11.7507046458426,-40.7878567578659));
#1088=CARTESIAN_POINT('Ctrl Pts',(-27.3184666117561,11.5800837669283,-41.2029694895156));
#1089=CARTESIAN_POINT('Ctrl Pts',(-27.6417257675474,11.3681170775278,-41.6107667737798));
#1090=CARTESIAN_POINT('',(-29.2670011875151,9.62187203048805,-41.7071356547023));
#1091=CARTESIAN_POINT('Ctrl Pts',(-27.6417257675474,11.3681170775278,-41.6107667737798));
#1092=CARTESIAN_POINT('Ctrl Pts',(-27.7450989409344,11.3003334774561,-41.7411739011934));
#1093=CARTESIAN_POINT('Ctrl Pts',(-27.8585477962604,11.2205317556047,-41.8552714666082));
#1094=CARTESIAN_POINT('Ctrl Pts',(-28.0836093059087,11.0445915070811,-42.028058499156));
#1095=CARTESIAN_POINT('Ctrl Pts',(-28.1916776427525,10.9533990279404,-42.0909729487906));
#1096=CARTESIAN_POINT('Ctrl Pts',(-28.4385384550684,10.7244061698062,-42.188444484052));
#1097=CARTESIAN_POINT('Ctrl Pts',(-28.5745641336004,10.5832791444969,-42.2095290543173));
#1098=CARTESIAN_POINT('Ctrl Pts',(-28.819939743031,10.2960985123631,-42.1782542869702));
#1099=CARTESIAN_POINT('Ctrl Pts',(-28.9272764979486,10.1547499900001,-42.1309046381257));
#1100=CARTESIAN_POINT('Ctrl Pts',(-29.120996606264,9.87282183650761,-41.9675826973781));
#1101=CARTESIAN_POINT('Ctrl Pts',(-29.201677605169,9.73902455513084,-41.8506771508015));
#1102=CARTESIAN_POINT('Ctrl Pts',(-29.2670011844681,9.6218720589383,-41.7071356300958));
#1103=CARTESIAN_POINT('Ctrl Pts',(-29.2670011844681,9.6218720589383,-41.7071356300958));
#1104=CARTESIAN_POINT('Ctrl Pts',(-29.3428812529133,9.48578736295244,-41.5403973567992));
#1105=CARTESIAN_POINT('Ctrl Pts',(-29.4118507130427,9.34713869091004,-41.3726380812371));
#1106=CARTESIAN_POINT('Ctrl Pts',(-29.7566252579822,8.56634398789891,-40.4373819812321));
#1107=CARTESIAN_POINT('Ctrl Pts',(-29.8986778611063,7.88136958039587,-39.6516022389791));
#1108=CARTESIAN_POINT('Ctrl Pts',(-29.8999969377746,7.19324628984385,-38.8664306040762));
#1109=CARTESIAN_POINT('Ctrl Pts',(-29.9,7.19005142914892,-38.8627852540466));
#1110=CARTESIAN_POINT('Ctrl Pts',(-29.9,7.18685652410592,-38.8591399431924));
#1111=CARTESIAN_POINT('Origin',(-24.9,7.18685652411009,89.4773994187962));
#1112=CARTESIAN_POINT('Ctrl Pts',(-25.2160696125856,12.1768565241101,89.4773994187962));
#1113=CARTESIAN_POINT('Ctrl Pts',(-25.2160696125856,12.1768565241101,89.4816406830747));
#1114=CARTESIAN_POINT('Ctrl Pts',(-25.2160696125856,12.1799056941079,89.4845887137741));
#1115=CARTESIAN_POINT('Ctrl Pts',(-25.2160696125856,12.1829548641057,89.4875367444736));
#1116=CARTESIAN_POINT('Ctrl Pts',(-25.2160696125856,12.1871937165662,89.4873937322417));
#1117=CARTESIAN_POINT('Ctrl Pts',(-29.9,11.8801735455674,89.4773994187962));
#1118=CARTESIAN_POINT('Ctrl Pts',(-29.9,11.8801735455674,89.6074717749687));
#1119=CARTESIAN_POINT('Ctrl Pts',(-29.9,11.9736863992678,89.6978828585429));
#1120=CARTESIAN_POINT('Ctrl Pts',(-29.9,12.0671992529682,89.7882939421171));
#1121=CARTESIAN_POINT('Ctrl Pts',(-29.9,12.1971976427869,89.7839080003928));
#1122=CARTESIAN_POINT('Ctrl Pts',(-29.9,7.18685652411009,89.4773994187962));
#1123=CARTESIAN_POINT('Ctrl Pts',(-29.9,7.18685652411009,91.5980315580588));
#1124=CARTESIAN_POINT('Ctrl Pts',(-29.9,8.71144152300323,93.0720469077833));
#1125=CARTESIAN_POINT('Ctrl Pts',(-29.9,10.2360265218964,94.5460622575078));
#1126=CARTESIAN_POINT('Ctrl Pts',(-29.9,12.3554527521426,94.4745561415629));
#1127=CARTESIAN_POINT('Ctrl Pts',(-29.9,12.3554527521426,94.4745561415629));
#1128=CARTESIAN_POINT('Ctrl Pts',(-29.9,12.309034215686,93.8259858532479));
#1129=CARTESIAN_POINT('Ctrl Pts',(-29.7733636695029,12.2724199097003,93.1830477576153));
#1130=CARTESIAN_POINT('Ctrl Pts',(-29.2807447094858,12.2190556624279,91.9809803585397));
#1131=CARTESIAN_POINT('Ctrl Pts',(-28.9196141493369,12.2026587865892,91.4334910632246));
#1132=CARTESIAN_POINT('Ctrl Pts',(-28.0074815716795,12.1828883029447,90.5066918917875));
#1133=CARTESIAN_POINT('Ctrl Pts',(-27.4651783196511,12.1794914634323,90.1365258124284));
#1134=CARTESIAN_POINT('Ctrl Pts',(-26.5078978387387,12.1771318058457,89.726745665474));
#1135=CARTESIAN_POINT('Ctrl Pts',(-26.1345511806859,12.1769619203327,89.6162471664827));
#1136=CARTESIAN_POINT('Ctrl Pts',(-25.6759880960189,12.1768805073197,89.5366454353433));
#1137=CARTESIAN_POINT('Ctrl Pts',(-25.6051680098557,12.1768726755377,89.5258847550482));
#1138=CARTESIAN_POINT('Ctrl Pts',(-25.4819817488964,12.1768636230071,89.5096441710474));
#1139=CARTESIAN_POINT('Ctrl Pts',(-25.4330765255463,12.1768613091517,89.5038966086053));
#1140=CARTESIAN_POINT('Ctrl Pts',(-25.3136089688105,12.1768575061384,89.4911122069887));
#1141=CARTESIAN_POINT('Ctrl Pts',(-25.2639702988441,12.1768570304962,89.4866075420675));
#1142=CARTESIAN_POINT('Ctrl Pts',(-25.2310793334297,12.1768566679612,89.4819770086836));
#1143=CARTESIAN_POINT('Ctrl Pts',(-25.2250499185906,12.1768566081998,89.4809868087659));
#1144=CARTESIAN_POINT('Ctrl Pts',(-25.2194236219942,12.1768565548353,89.4795161897707));
#1145=CARTESIAN_POINT('Ctrl Pts',(-25.2181218853201,12.1768565428325,89.479080294817));
#1146=CARTESIAN_POINT('Ctrl Pts',(-25.2168639035186,12.1768565313189,89.4784245093573));
#1147=CARTESIAN_POINT('Ctrl Pts',(-25.2165510572677,12.1768565284753,89.4782119381808));
#1148=CARTESIAN_POINT('Ctrl Pts',(-25.2162580860707,12.1768565258169,89.4778970914385));
#1149=CARTESIAN_POINT('Ctrl Pts',(-25.2161795852223,12.1768565251057,89.4777907266567));
#1150=CARTESIAN_POINT('Ctrl Pts',(-25.2161068983381,12.1768565244476,89.4776226593072));
#1151=CARTESIAN_POINT('Ctrl Pts',(-25.2160902003768,12.1768565242964,89.4775698937212));
#1152=CARTESIAN_POINT('Ctrl Pts',(-25.2160731856292,12.1768565241424,89.477476907619));
#1153=CARTESIAN_POINT('Ctrl Pts',(-25.2160696125862,12.1768565241101,89.4774382647311));
#1154=CARTESIAN_POINT('Ctrl Pts',(-25.2160696125862,12.1768565241101,89.4773994187962));
#1155=CARTESIAN_POINT('Origin',(-29.9,12.1868565241101,98.6393474579131));
#1156=CARTESIAN_POINT('',(24.9,12.1868565241101,89.4773994187962));
#1157=CARTESIAN_POINT('',(-14.95,12.1868565241101,89.4773994187962));
#1158=CARTESIAN_POINT('',(24.9,12.1868565241101,-38.4496836394359));
#1159=CARTESIAN_POINT('',(24.9,12.1868565241101,98.6393474579131));
#1160=CARTESIAN_POINT('Ctrl Pts',(24.9000166199865,12.1868565241101,-38.4496902782434));
#1161=CARTESIAN_POINT('Ctrl Pts',(22.9824858750601,12.1868565241101,-38.9939658672004));
#1162=CARTESIAN_POINT('Ctrl Pts',(21.1200068165673,12.1868565241101,-39.7296474030245));
#1163=CARTESIAN_POINT('Ctrl Pts',(19.3356680878211,12.1868565241101,-40.6185634160532));
#1164=CARTESIAN_POINT('Ctrl Pts',(17.6296119177045,12.1868565241101,-41.4684808808882));
#1165=CARTESIAN_POINT('Ctrl Pts',(15.9946621302721,12.1868565241101,-42.4583073176763));
#1166=CARTESIAN_POINT('Ctrl Pts',(14.4316812487992,12.1868565241101,-43.5493319301417));
#1167=CARTESIAN_POINT('Ctrl Pts',(13.2293882630508,12.1868565241101,-44.3885816320381));
#1168=CARTESIAN_POINT('Ctrl Pts',(12.069737876894,12.1868565241101,-45.2875809680567));
#1169=CARTESIAN_POINT('Ctrl Pts',(10.9438612791531,12.1868565241101,-46.2259169728976));
#1170=CARTESIAN_POINT('Ctrl Pts',(10.195064004998,12.1868565241101,-46.8499848717032));
#1171=CARTESIAN_POINT('Ctrl Pts',(9.46095373522235,12.1868565241101,-47.4916011191371));
#1172=CARTESIAN_POINT('Ctrl Pts',(8.73539271132535,12.1868565241101,-48.1432543250398));
#1173=CARTESIAN_POINT('Ctrl Pts',(7.9690839555187,12.1868565241101,-48.831504576894));
#1174=CARTESIAN_POINT('Ctrl Pts',(7.2126828661657,12.1868565241101,-49.5315691384257));
#1175=CARTESIAN_POINT('Ctrl Pts',(6.4533387731531,12.1868565241101,-50.2272343821782));
#1176=CARTESIAN_POINT('Ctrl Pts',(5.81751853677026,12.1868565241101,-50.8097345211747));
#1177=CARTESIAN_POINT('Ctrl Pts',(5.18040730249299,12.1868565241101,-51.3897720521489));
#1178=CARTESIAN_POINT('Ctrl Pts',(4.52227033028528,12.1868565241101,-51.9467678959055));
#1179=CARTESIAN_POINT('Ctrl Pts',(4.06134733138453,12.1868565241101,-52.3368572018114));
#1180=CARTESIAN_POINT('Ctrl Pts',(3.59003762696511,12.1868565241101,-52.7160942200349));
#1181=CARTESIAN_POINT('Ctrl Pts',(3.09565276586805,12.1868565241101,-53.0629286114456));
#1182=CARTESIAN_POINT('Ctrl Pts',(2.6664542828952,12.1868565241101,-53.3640316717334));
#1183=CARTESIAN_POINT('Ctrl Pts',(2.21913501343216,12.1868565241101,-53.6418249585044));
#1184=CARTESIAN_POINT('Ctrl Pts',(1.74235098345544,12.1868565241101,-53.8597301285421));
#1185=CARTESIAN_POINT('Ctrl Pts',(1.40565225090174,12.1868565241101,-54.013611949148));
#1186=CARTESIAN_POINT('Ctrl Pts',(1.05346378134197,12.1868565241101,-54.1364194530091));
#1187=CARTESIAN_POINT('Ctrl Pts',(0.689904350222657,12.1868565241101,-54.2067748702586));
#1188=CARTESIAN_POINT('Ctrl Pts',(0.462679705773087,12.1868565241101,-54.2507470060395));
#1189=CARTESIAN_POINT('Ctrl Pts',(0.231401909616612,12.1868565241101,-54.2739725461683));
#1190=CARTESIAN_POINT('Ctrl Pts',(-3.20632409511745E-12,12.1868565241101,
-54.273972546168));
#1191=CARTESIAN_POINT('Ctrl Pts',(-0.231401909623052,12.1868565241101,-54.2739725461678));
#1192=CARTESIAN_POINT('Ctrl Pts',(-0.462679705779559,12.1868565241101,-54.2507470060387));
#1193=CARTESIAN_POINT('Ctrl Pts',(-0.689904350229074,12.1868565241101,-54.2067748702573));
#1194=CARTESIAN_POINT('Ctrl Pts',(-1.0534637813483,12.1868565241101,-54.1364194530072));
#1195=CARTESIAN_POINT('Ctrl Pts',(-1.40565225090777,12.1868565241101,-54.0136119491457));
#1196=CARTESIAN_POINT('Ctrl Pts',(-1.74235098346158,12.1868565241101,-53.8597301285393));
#1197=CARTESIAN_POINT('Ctrl Pts',(-2.2191350134401,12.1868565241101,-53.6418249585001));
#1198=CARTESIAN_POINT('Ctrl Pts',(-2.666454282904,12.1868565241101,-53.3640316717278));
#1199=CARTESIAN_POINT('Ctrl Pts',(-3.0956527658781,12.1868565241101,-53.0629286114385));
#1200=CARTESIAN_POINT('Ctrl Pts',(-3.59003762693946,12.1868565241101,-52.7160942200522));
#1201=CARTESIAN_POINT('Ctrl Pts',(-4.06134733133478,12.1868565241101,-52.3368572018512));
#1202=CARTESIAN_POINT('Ctrl Pts',(-4.52227033021046,12.1868565241101,-51.9467678959688));
#1203=CARTESIAN_POINT('Ctrl Pts',(-5.18040730246722,12.1868565241101,-51.3897720521741));
#1204=CARTESIAN_POINT('Ctrl Pts',(-5.8175185367566,12.1868565241101,-50.8097345211873));
#1205=CARTESIAN_POINT('Ctrl Pts',(-6.45333877317581,12.1868565241101,-50.2272343821573));
#1206=CARTESIAN_POINT('Ctrl Pts',(-7.21268286560444,12.1868565241101,-49.5315691389397));
#1207=CARTESIAN_POINT('Ctrl Pts',(-7.96908395455246,12.1868565241101,-48.8315045777841));
#1208=CARTESIAN_POINT('Ctrl Pts',(-8.73539270998637,12.1868565241101,-48.1432543262424));
#1209=CARTESIAN_POINT('Ctrl Pts',(-9.46095373438442,12.1868565241101,-47.4916011198685));
#1210=CARTESIAN_POINT('Ctrl Pts',(-10.1950640046243,12.1868565241101,-46.8499848720201));
#1211=CARTESIAN_POINT('Ctrl Pts',(-10.9438612789443,12.1868565241101,-46.2259169730716));
#1212=CARTESIAN_POINT('Ctrl Pts',(-12.0697378764792,12.1868565241101,-45.2875809683942));
#1213=CARTESIAN_POINT('Ctrl Pts',(-13.2293882612337,12.1868565241101,-44.3885816333143));
#1214=CARTESIAN_POINT('Ctrl Pts',(-14.4316812486421,12.1868565241101,-43.5493319302513));
#1215=CARTESIAN_POINT('Ctrl Pts',(-15.994662132273,12.1868565241101,-42.4583073162695));
#1216=CARTESIAN_POINT('Ctrl Pts',(-17.6296119287572,12.1868565241101,-41.468480874485));
#1217=CARTESIAN_POINT('Ctrl Pts',(-19.3356681010023,12.1868565241101,-40.6185634094866));
#1218=CARTESIAN_POINT('Ctrl Pts',(-21.1200068322232,12.1868565241101,-39.7296473961633));
#1219=CARTESIAN_POINT('Ctrl Pts',(-22.9824858762711,12.1868565241101,-38.9939658666139));
#1220=CARTESIAN_POINT('Ctrl Pts',(-24.9000166198931,12.1868565241101,-38.4496902782494));
#1221=CARTESIAN_POINT('Origin',(-29.9,12.1768565241101,89.4773994187962));
#1222=CARTESIAN_POINT('',(25.2160696125856,12.1768565241101,89.4773994187962));
#1223=CARTESIAN_POINT('',(-14.95,12.1768565241101,89.4773994187962));
#1224=CARTESIAN_POINT('Origin',(24.9,7.18685652411009,89.4773994187962));
#1225=CARTESIAN_POINT('Origin',(-14.95,82.1768565241101,89.4773994187962));
#1226=CARTESIAN_POINT('',(29.9,12.7617393133636,98.5074327863051));
#1227=CARTESIAN_POINT('Ctrl Pts',(29.9002247563278,12.7790272487752,98.6393474579131));
#1228=CARTESIAN_POINT('Ctrl Pts',(29.9000748216996,12.7732198034178,98.5953585485987));
#1229=CARTESIAN_POINT('Ctrl Pts',(29.9,12.767457175433,98.5513867839916));
#1230=CARTESIAN_POINT('Ctrl Pts',(29.9,12.7617393133635,98.5074327863051));
#1231=CARTESIAN_POINT('',(29.9,12.3554527521427,94.474556141563));
#1232=CARTESIAN_POINT('Origin',(29.9,82.1768565241101,89.4773994187962));
#1233=CARTESIAN_POINT('Ctrl Pts',(25.2160696125862,12.1768565241101,89.4773994187962));
#1234=CARTESIAN_POINT('Ctrl Pts',(25.2160696125862,12.1768565241101,89.4774845463796));
#1235=CARTESIAN_POINT('Ctrl Pts',(25.2160867725394,12.1768565242653,89.4775668399211));
#1236=CARTESIAN_POINT('Ctrl Pts',(25.2161581097096,12.1768565249113,89.4777500757205));
#1237=CARTESIAN_POINT('Ctrl Pts',(25.2162208062257,12.1768565254791,89.4778454768263));
#1238=CARTESIAN_POINT('Ctrl Pts',(25.2164285748694,12.1768565273634,89.4780936439522));
#1239=CARTESIAN_POINT('Ctrl Pts',(25.2166110587384,12.1768565290214,89.4782369096301));
#1240=CARTESIAN_POINT('Ctrl Pts',(25.2172596608983,12.1768565349314,89.4786701138748));
#1241=CARTESIAN_POINT('Ctrl Pts',(25.2179059760913,12.1768565408573,89.478947927058));
#1242=CARTESIAN_POINT('Ctrl Pts',(25.2206995506954,12.1768565667375,89.4799660787503));
#1243=CARTESIAN_POINT('Ctrl Pts',(25.2242212299286,12.176856599753,89.4807536234379));
#1244=CARTESIAN_POINT('Ctrl Pts',(25.2524107894934,12.1768568874488,89.4855864928191));
#1245=CARTESIAN_POINT('Ctrl Pts',(25.3061080424751,12.1768572465749,89.4902968105843));
#1246=CARTESIAN_POINT('Ctrl Pts',(25.434405295839,12.1768613663933,89.5040479396826));
#1247=CARTESIAN_POINT('Ctrl Pts',(25.4833867429247,12.1768637012944,89.5098163291894));
#1248=CARTESIAN_POINT('Ctrl Pts',(25.6070232020661,12.1768728478108,89.5261481633608));
#1249=CARTESIAN_POINT('Ctrl Pts',(25.6782948849967,12.1768807931016,89.537006627627));
#1250=CARTESIAN_POINT('Ctrl Pts',(25.9569667635658,12.1769307596419,89.5855369226726));
#1251=CARTESIAN_POINT('Ctrl Pts',(26.1601761621323,12.1770048338072,89.6339892955624));
#1252=CARTESIAN_POINT('Ctrl Pts',(26.9788287078027,12.1777840420798,89.8843253317342));
#1253=CARTESIAN_POINT('Ctrl Pts',(27.5538515220937,12.1793053286939,90.1908594012323));
#1254=CARTESIAN_POINT('Ctrl Pts',(28.5599353399201,12.1924129566049,91.0091903675005));
#1255=CARTESIAN_POINT('Ctrl Pts',(28.9797888447796,12.204167474639,91.5144547059553));
#1256=CARTESIAN_POINT('Ctrl Pts',(29.4900865387963,12.2390908164068,92.4510453366017));
#1257=CARTESIAN_POINT('Ctrl Pts',(29.6426947963406,12.2564870833863,92.8396393582341));
#1258=CARTESIAN_POINT('Ctrl Pts',(29.8480720250433,12.299885931792,93.6453467078965));
#1259=CARTESIAN_POINT('Ctrl Pts',(29.9,12.325729880315,94.0592614549499));
#1260=CARTESIAN_POINT('Ctrl Pts',(29.9,12.3554527521426,94.4745561415629));
#1261=CARTESIAN_POINT('Origin',(24.9,7.18685652411013,98.6393474579131));
#1262=CARTESIAN_POINT('',(25.2160696373569,12.1768565233271,-38.3618553335813));
#1263=CARTESIAN_POINT('Ctrl Pts',(25.2160696515405,12.1768565233271,-38.3618553393365));
#1264=CARTESIAN_POINT('Ctrl Pts',(25.1701676220719,12.179763998347,-38.3743399565677));
#1265=CARTESIAN_POINT('Ctrl Pts',(25.1242587594142,12.1820360609901,-38.3869449788266));
#1266=CARTESIAN_POINT('Ctrl Pts',(25.0783557571115,12.1836745619167,-38.3996669726631));
#1267=CARTESIAN_POINT('Ctrl Pts',(25.0444564505579,12.1848845926861,-38.409062148303));
#1268=CARTESIAN_POINT('Ctrl Pts',(25.0105635754017,12.1857489727746,-38.4185202159433));
#1269=CARTESIAN_POINT('Ctrl Pts',(24.9766822065422,12.1862686260392,-38.4280396767352));
#1270=CARTESIAN_POINT('Ctrl Pts',(24.9548063738839,12.1866041451826,-38.4341860084299));
#1271=CARTESIAN_POINT('Ctrl Pts',(24.9329358853395,12.1867959471868,-38.4403577781392));
#1272=CARTESIAN_POINT('Ctrl Pts',(24.9110721004651,12.1868442993968,-38.4465545634849));
#1273=CARTESIAN_POINT('Ctrl Pts',(24.9073867361308,12.1868524496559,-38.4475990949707));
#1274=CARTESIAN_POINT('Ctrl Pts',(24.9037015738068,12.1868565241082,-38.4486443339131));
#1275=CARTESIAN_POINT('Ctrl Pts',(24.9000166199865,12.1868565241101,-38.4496902782434));
#1276=CARTESIAN_POINT('',(29.9,7.18685652411009,89.4773994187962));
#1277=CARTESIAN_POINT('Origin',(24.9,7.18685652411009,89.4773994187962));
#1278=CARTESIAN_POINT('',(29.9,7.18685652411164,-38.8591399431906));
#1279=CARTESIAN_POINT('',(29.9,7.18685652411013,98.6393474579131));
#1280=CARTESIAN_POINT('',(29.2670011879709,9.62187203104014,-41.7071356518359));
#1281=CARTESIAN_POINT('Ctrl Pts',(29.9,7.18685652410823,-38.8591399431918));
#1282=CARTESIAN_POINT('Ctrl Pts',(29.9,7.19000437304889,-38.8627315641498));
#1283=CARTESIAN_POINT('Ctrl Pts',(29.8999970273141,7.19315217900252,-38.8663232232164));
#1284=CARTESIAN_POINT('Ctrl Pts',(29.8987044635988,7.87752409068879,-39.6472138252237));
#1285=CARTESIAN_POINT('Ctrl Pts',(29.7581964831789,8.5587839361404,-40.4287096721337));
#1286=CARTESIAN_POINT('Ctrl Pts',(29.4152919357127,9.34021076248721,-41.3642567529442));
#1287=CARTESIAN_POINT('Ctrl Pts',(29.34477595407,9.48238937132313,-41.5362339550942));
#1288=CARTESIAN_POINT('Ctrl Pts',(29.2670011851054,9.62187205779537,-41.7071356286954));
#1289=CARTESIAN_POINT('',(27.6417257409735,11.3681170813423,-41.6107667934934));
#1290=CARTESIAN_POINT('Ctrl Pts',(29.2670011851054,9.62187205779537,-41.7071356286954));
#1291=CARTESIAN_POINT('Ctrl Pts',(29.2216612449255,9.70318553188158,-41.80676525784));
#1292=CARTESIAN_POINT('Ctrl Pts',(29.168682280842,9.79293049934059,-41.8940763615612));
#1293=CARTESIAN_POINT('Ctrl Pts',(29.0505341980992,9.9767934881381,-42.0319196542466));
#1294=CARTESIAN_POINT('Ctrl Pts',(28.9881744443732,10.0678769981756,-42.084084197592));
#1295=CARTESIAN_POINT('Ctrl Pts',(28.8080428400896,10.3112946294443,-42.1840749844868));
#1296=CARTESIAN_POINT('Ctrl Pts',(28.6827567932378,10.4624228975477,-42.2080064907059));
#1297=CARTESIAN_POINT('Ctrl Pts',(28.4059188990028,10.7578477414221,-42.1820322361151));
#1298=CARTESIAN_POINT('Ctrl Pts',(28.2575636216416,10.8966749552723,-42.1280393363677));
#1299=CARTESIAN_POINT('Ctrl Pts',(27.9552054440671,11.1501484393408,-41.9436806593794));
#1300=CARTESIAN_POINT('Ctrl Pts',(27.7942511054995,11.2681035424655,-41.8031802459417));
#1301=CARTESIAN_POINT('Ctrl Pts',(27.6417257661553,11.3681170784406,-41.6107667720237));
#1302=CARTESIAN_POINT('Ctrl Pts',(27.6417257661553,11.3681170784406,-41.6107667720237));
#1303=CARTESIAN_POINT('Ctrl Pts',(27.3121833883508,11.5842037863907,-41.1950430893501));
#1304=CARTESIAN_POINT('Ctrl Pts',(26.9629865640838,11.7573185481641,-40.7717450567402));
#1305=CARTESIAN_POINT('Ctrl Pts',(26.2941050966892,11.9999456379477,-39.9727394560598));
#1306=CARTESIAN_POINT('Ctrl Pts',(26.0205113341658,12.0647657268236,-39.6501941105784));
#1307=CARTESIAN_POINT('Ctrl Pts',(25.6532229025905,12.1320969941297,-39.1990261679833));
#1308=CARTESIAN_POINT('Ctrl Pts',(25.5250630575374,12.1485788592068,-39.0356272941963));
#1309=CARTESIAN_POINT('Ctrl Pts',(25.365964800819,12.1654965010323,-38.8021239897514));
#1310=CARTESIAN_POINT('Ctrl Pts',(25.3166139731235,12.1695961214673,-38.7193192569723));
#1311=CARTESIAN_POINT('Ctrl Pts',(25.261752413006,12.17379103569,-38.5976277544329));
#1312=CARTESIAN_POINT('Ctrl Pts',(25.2453251658292,12.1749304305197,-38.5530431604383));
#1313=CARTESIAN_POINT('Ctrl Pts',(25.2271351890604,12.1761479312434,-38.4794926267828));
#1314=CARTESIAN_POINT('Ctrl Pts',(25.222211877559,12.1764645405357,-38.4519098513486));
#1315=CARTESIAN_POINT('Ctrl Pts',(25.217122598903,12.1767901825491,-38.4031891508603));
#1316=CARTESIAN_POINT('Ctrl Pts',(25.2160696125858,12.1768565241101,-38.3825863463933));
#1317=CARTESIAN_POINT('Ctrl Pts',(25.2160696125858,12.1768565241101,-38.3618553403321));
#1318=CARTESIAN_POINT('Ctrl Pts',(25.2160696125856,12.1871937165662,89.4873937322417));
#1319=CARTESIAN_POINT('Ctrl Pts',(25.2160696125856,12.1829548641057,89.4875367444736));
#1320=CARTESIAN_POINT('Ctrl Pts',(25.2160696125856,12.1799056941079,89.4845887137741));
#1321=CARTESIAN_POINT('Ctrl Pts',(25.2160696125856,12.1768565241101,89.4816406830747));
#1322=CARTESIAN_POINT('Ctrl Pts',(25.2160696125856,12.1768565241101,89.4773994187962));
#1323=CARTESIAN_POINT('Ctrl Pts',(29.9,12.1971976427869,89.7839080003927));
#1324=CARTESIAN_POINT('Ctrl Pts',(29.9,12.0671992529682,89.7882939421171));
#1325=CARTESIAN_POINT('Ctrl Pts',(29.9,11.9736863992678,89.6978828585429));
#1326=CARTESIAN_POINT('Ctrl Pts',(29.9,11.8801735455674,89.6074717749686));
#1327=CARTESIAN_POINT('Ctrl Pts',(29.9,11.8801735455674,89.4773994187962));
#1328=CARTESIAN_POINT('Ctrl Pts',(29.9,12.3554527521426,94.4745561415629));
#1329=CARTESIAN_POINT('Ctrl Pts',(29.9,10.2360265218964,94.5460622575078));
#1330=CARTESIAN_POINT('Ctrl Pts',(29.9,8.71144152300323,93.0720469077833));
#1331=CARTESIAN_POINT('Ctrl Pts',(29.9,7.18685652411009,91.5980315580588));
#1332=CARTESIAN_POINT('Ctrl Pts',(29.9,7.18685652411009,89.4773994187962));
#1333=CARTESIAN_POINT('Origin',(29.9,12.1868565241101,89.4773994187962));
#1334=CARTESIAN_POINT('Ctrl Pts',(29.9,8.92934266541242,-38.4646529056679));
#1335=CARTESIAN_POINT('Ctrl Pts',(29.9,5.44566472540955,-39.2086967674639));
#1336=CARTESIAN_POINT('Ctrl Pts',(29.9,2.03137633870954,-40.2591889561763));
#1337=CARTESIAN_POINT('Ctrl Pts',(29.9,-1.43741896795037,-41.0843314885791));
#1338=CARTESIAN_POINT('Ctrl Pts',(29.9,9.16923343801053,-39.5878423242233));
#1339=CARTESIAN_POINT('Ctrl Pts',(29.8997875198004,5.72739678895116,-40.2380727582119));
#1340=CARTESIAN_POINT('Ctrl Pts',(29.9001130137104,2.29909260964521,-41.192052368403));
#1341=CARTESIAN_POINT('Ctrl Pts',(29.9,-1.23148491344084,-41.9500523231166));
#1342=CARTESIAN_POINT('Ctrl Pts',(29.4536205917319,9.64846372131086,-41.8316401052908));
#1343=CARTESIAN_POINT('Ctrl Pts',(29.5186720633621,6.29034382415429,-42.294934283445));
#1344=CARTESIAN_POINT('Ctrl Pts',(29.5855106961602,2.83424671487776,-43.0567490158343));
#1345=CARTESIAN_POINT('Ctrl Pts',(29.6334510349247,-0.819800439229306,-43.6807220145835));
#1346=CARTESIAN_POINT('Ctrl Pts',(27.2315609577878,10.3672019499735,-45.1968348745682));
#1347=CARTESIAN_POINT('Ctrl Pts',(27.6053204131692,7.15164538712473,-45.4602814483109));
#1348=CARTESIAN_POINT('Ctrl Pts',(27.994384455668,3.67848983958802,-45.9906449555816));
#1349=CARTESIAN_POINT('Ctrl Pts',(28.2791095187735,-0.161753866606099,-46.4470669465703));
#1350=CARTESIAN_POINT('Ctrl Pts',(24.6363630402952,10.6769620343045,-46.6471584749442));
#1351=CARTESIAN_POINT('Ctrl Pts',(25.3241845774509,7.55464885441173,-46.9718628822601));
#1352=CARTESIAN_POINT('Ctrl Pts',(26.0662853441735,4.12258727348202,-47.5189684160742));
#1353=CARTESIAN_POINT('Ctrl Pts',(26.6199489334388,0.200002627718363,-47.9678456973788));
#1354=CARTESIAN_POINT('Ctrl Pts',(22.9592837614978,10.7592958963953,-47.0326527633971));
#1355=CARTESIAN_POINT('Ctrl Pts',(23.806584327624,7.68531164113975,-47.485549027099));
#1356=CARTESIAN_POINT('Ctrl Pts',(24.7502545080873,4.30154900322499,-48.1249790550109));
#1357=CARTESIAN_POINT('Ctrl Pts',(25.4700230597891,0.356856524035769,-48.6272397269082));
#1358=CARTESIAN_POINT('',(24.3960991930034,5.32135400913178,-47.8988736874333));
#1359=CARTESIAN_POINT('Ctrl Pts',(25.4700230597891,0.356856524035769,-48.6272397269082));
#1360=CARTESIAN_POINT('Ctrl Pts',(25.1489522317917,2.11648561243358,-48.4031937479399));
#1361=CARTESIAN_POINT('Ctrl Pts',(24.7833287873424,3.76449920159213,-48.1518533998272));
#1362=CARTESIAN_POINT('Ctrl Pts',(24.4015804371498,5.32318983623209,-47.9019510113552));
#1363=CARTESIAN_POINT('Ctrl Pts',(29.267071263353,9.62191413979427,-41.7071738492819));
#1364=CARTESIAN_POINT('Ctrl Pts',(28.8659152981271,9.28296423564246,-42.8167531767695));
#1365=CARTESIAN_POINT('Ctrl Pts',(28.0316286827719,8.57228853909675,-44.3089746458431));
#1366=CARTESIAN_POINT('Ctrl Pts',(26.3612438206555,7.10287414858318,-46.3559260070741));
#1367=CARTESIAN_POINT('Ctrl Pts',(25.2096932645135,6.06259985694811,-47.3437215540124));
#1368=CARTESIAN_POINT('Ctrl Pts',(24.4019917093148,5.32672179558791,-47.8948649844932));
#1369=CARTESIAN_POINT('Ctrl Pts',(24.3990458518625,5.32403841357314,-47.8968691658399));
#1370=CARTESIAN_POINT('Ctrl Pts',(24.3960991930035,5.32135400913176,-47.8988736874333));
#1371=CARTESIAN_POINT('Ctrl Pts',(29.9,7.18731416090045,-38.8610460709227));
#1372=CARTESIAN_POINT('Ctrl Pts',(29.9,4.9013489979774,-39.4098769596101));
#1373=CARTESIAN_POINT('Ctrl Pts',(29.9,2.63658265288484,-40.053448419599));
#1374=CARTESIAN_POINT('Ctrl Pts',(29.9,0.357406349980418,-40.6389177220119));
#1375=CARTESIAN_POINT('Origin',(29.9,12.1768565241101,98.6393474579131));
#1376=CARTESIAN_POINT('',(29.9,-16.8081489127023,106.430660456758));
#1377=CARTESIAN_POINT('Ctrl Pts',(24.3960991930035,5.32135400913176,-47.8988736874333));
#1378=CARTESIAN_POINT('Ctrl Pts',(24.3981251912426,5.32490809595829,-47.8970381416115));
#1379=CARTESIAN_POINT('Ctrl Pts',(24.4001505189958,5.32846104762159,-47.8952026679423));
#1380=CARTESIAN_POINT('Ctrl Pts',(24.9553279142292,6.30287729777998,-47.390345158981));
#1381=CARTESIAN_POINT('Ctrl Pts',(25.7226813395857,7.70649796671003,-46.4532163873557));
#1382=CARTESIAN_POINT('Ctrl Pts',(26.8387478737764,9.79830469636674,-44.3921821813455));
#1383=CARTESIAN_POINT('Ctrl Pts',(27.3925586201149,10.8525033280766,-42.8207708104759));
#1384=CARTESIAN_POINT('Ctrl Pts',(27.6417257404442,11.3681170836439,-41.610766765756));
#1385=CARTESIAN_POINT('Ctrl Pts',(24.3960991930035,5.32135400913176,-47.8988736874333));
#1386=CARTESIAN_POINT('Ctrl Pts',(24.3982989453448,5.32473863447044,-47.8970011623012));
#1387=CARTESIAN_POINT('Ctrl Pts',(24.4005029417678,5.32813362223592,-47.8951437563225));
#1388=CARTESIAN_POINT('Ctrl Pts',(25.0037108072919,6.25684910167588,-47.3808520764773));
#1389=CARTESIAN_POINT('Ctrl Pts',(25.8546599761422,7.59847309654871,-46.4599327589327));
#1390=CARTESIAN_POINT('Ctrl Pts',(27.1307649700536,9.64424408192338,-44.4666771647765));
#1391=CARTESIAN_POINT('Ctrl Pts',(27.7911470480765,10.7211843372068,-42.9404209701004));
#1392=CARTESIAN_POINT('Ctrl Pts',(28.1084280777083,11.273668168501,-41.7245369425877));
#1393=CARTESIAN_POINT('Ctrl Pts',(24.3960991930035,5.32135400913176,-47.8988736874333));
#1394=CARTESIAN_POINT('Ctrl Pts',(24.3986035131161,5.3244483515091,-47.8969425845874));
#1395=CARTESIAN_POINT('Ctrl Pts',(24.4011189347397,5.32755430341811,-47.8950336992827));
#1396=CARTESIAN_POINT('Ctrl Pts',(25.0884420764433,6.17677108890624,-47.3651968773966));
#1397=CARTESIAN_POINT('Ctrl Pts',(26.0756795082862,7.40203470234854,-46.4462122009837));
#1398=CARTESIAN_POINT('Ctrl Pts',(27.6125348772745,9.28037211323555,-44.4963337663174));
#1399=CARTESIAN_POINT('Ctrl Pts',(28.4556077892801,10.2839766910162,-43.0080607593571));
#1400=CARTESIAN_POINT('Ctrl Pts',(28.8930199094772,10.8093642362344,-41.7890991729384));
#1401=CARTESIAN_POINT('Ctrl Pts',(24.3960991930035,5.32135400913176,-47.8988736874333));
#1402=CARTESIAN_POINT('Ctrl Pts',(24.3989116633409,5.32416095033829,-47.8968902291566));
#1403=CARTESIAN_POINT('Ctrl Pts',(24.401731392811,5.3269720580274,-47.8949167045483));
#1404=CARTESIAN_POINT('Ctrl Pts',(25.1732051221494,6.09678825798148,-47.350028718169));
#1405=CARTESIAN_POINT('Ctrl Pts',(26.2780895965887,7.19402984151893,-46.3886239835026));
#1406=CARTESIAN_POINT('Ctrl Pts',(27.9603681414766,8.81701829341837,-44.3474480512874));
#1407=CARTESIAN_POINT('Ctrl Pts',(28.8438147689192,9.63364188090545,-42.80659284502));
#1408=CARTESIAN_POINT('Ctrl Pts',(29.2798638998137,10.0312078919551,-41.5931633286987));
#1409=CARTESIAN_POINT('Ctrl Pts',(24.3960991930035,5.32135400913176,-47.8988736874333));
#1410=CARTESIAN_POINT('Ctrl Pts',(24.3990458518625,5.32403841357314,-47.8968691658399));
#1411=CARTESIAN_POINT('Ctrl Pts',(24.4019917093148,5.32672179558791,-47.8948649844932));
#1412=CARTESIAN_POINT('Ctrl Pts',(25.2096932645135,6.06259985694811,-47.3437215540124));
#1413=CARTESIAN_POINT('Ctrl Pts',(26.3612438206555,7.10287414858318,-46.3559260070741));
#1414=CARTESIAN_POINT('Ctrl Pts',(28.0761058019376,8.61141444381068,-44.2544707397764));
#1415=CARTESIAN_POINT('Ctrl Pts',(28.9409951349902,9.34686400911076,-42.6813321968));
#1416=CARTESIAN_POINT('Ctrl Pts',(29.3484344628288,9.69060923979695,-41.4743862061605));
#1417=CARTESIAN_POINT('Ctrl Pts',(24.3960991930035,5.32135400913176,-47.8988736874333));
#1418=CARTESIAN_POINT('Ctrl Pts',(24.3981251912426,5.32490809595829,-47.8970381416115));
#1419=CARTESIAN_POINT('Ctrl Pts',(24.4001505189958,5.32846104762159,-47.8952026679423));
#1420=CARTESIAN_POINT('Ctrl Pts',(24.9553279142292,6.30287729777998,-47.390345158981));
#1421=CARTESIAN_POINT('Ctrl Pts',(25.7226813395857,7.70649796671003,-46.4532163873557));
#1422=CARTESIAN_POINT('Ctrl Pts',(26.8387478709018,9.79830469097905,-44.3921821866539));
#1423=CARTESIAN_POINT('Ctrl Pts',(27.3925586153602,10.8525033190259,-42.8207708239671));
#1424=CARTESIAN_POINT('Ctrl Pts',(27.641725735631,11.3681170736837,-41.6107667891298));
#1425=CARTESIAN_POINT('Ctrl Pts',(-26.8734805562824,12.1768565241101,-37.9620615457035));
#1426=CARTESIAN_POINT('Ctrl Pts',(-23.8990958970212,12.1768565241101,-38.5883266529405));
#1427=CARTESIAN_POINT('Ctrl Pts',(-18.1574669015579,12.1768565241101,-40.7865612051179));
#1428=CARTESIAN_POINT('Ctrl Pts',(-12.3623199613721,12.1768565241101,-44.940124568121));
#1429=CARTESIAN_POINT('Ctrl Pts',(-8.55974500678185,12.1768565241101,-48.2845885019094));
#1430=CARTESIAN_POINT('Ctrl Pts',(-6.69845453289715,12.1768565241101,-50.0059221702716));
#1431=CARTESIAN_POINT('Ctrl Pts',(-5.19978584046532,12.1768565241101,-51.3712281567933));
#1432=CARTESIAN_POINT('Ctrl Pts',(-3.66271876023597,12.1768565241101,-52.682743318372));
#1433=CARTESIAN_POINT('Ctrl Pts',(-2.21522681571907,12.1768565241101,-53.752099593093));
#1434=CARTESIAN_POINT('Ctrl Pts',(-0.760447922199916,12.1768565241101,-54.2175339379896));
#1435=CARTESIAN_POINT('Ctrl Pts',(0.254893959852496,12.1768565241101,-54.331155968275));
#1436=CARTESIAN_POINT('Ctrl Pts',(1.51008555092596,12.1768565241101,-54.0372564453828));
#1437=CARTESIAN_POINT('Ctrl Pts',(2.83546172801134,12.1768565241101,-53.2798747082451));
#1438=CARTESIAN_POINT('Ctrl Pts',(4.84984428994075,12.1768565241101,-51.7403729165146));
#1439=CARTESIAN_POINT('Ctrl Pts',(7.43275823142174,12.1768565241101,-49.3047616881765));
#1440=CARTESIAN_POINT('Ctrl Pts',(11.9495341859235,12.1768565241101,-45.2389306512881));
#1441=CARTESIAN_POINT('Ctrl Pts',(18.1579826213303,12.1768565241101,-40.7855870318693));
#1442=CARTESIAN_POINT('Ctrl Pts',(23.8990959223839,12.1768565241101,-38.5883266477236));
#1443=CARTESIAN_POINT('Ctrl Pts',(26.8734805551586,12.1768565241101,-37.9620615459401));
#1444=CARTESIAN_POINT('Ctrl Pts',(-27.1335834023495,12.1768565241101,-39.1973944841539));
#1445=CARTESIAN_POINT('Ctrl Pts',(-24.2785913020542,12.1766951772808,-39.7463607545549));
#1446=CARTESIAN_POINT('Ctrl Pts',(-18.7085680424631,12.1769615028665,-41.7385366235412));
#1447=CARTESIAN_POINT('Ctrl Pts',(-12.9125820269594,12.1768980941805,-45.6174307645917));
#1448=CARTESIAN_POINT('Ctrl Pts',(-9.01457817905978,12.1768480343366,-48.7827887165854));
#1449=CARTESIAN_POINT('Ctrl Pts',(-7.08248975882339,12.1768244629651,-50.4202062795044));
#1450=CARTESIAN_POINT('Ctrl Pts',(-5.51279315426655,12.1768299432478,-51.7233512500471));
#1451=CARTESIAN_POINT('Ctrl Pts',(-3.894118153587,12.176815907013,-52.977414498695));
#1452=CARTESIAN_POINT('Ctrl Pts',(-2.35873598628614,12.1768439294021,-54.0027279477952));
#1453=CARTESIAN_POINT('Ctrl Pts',(-0.810068351187349,12.1768422412283,-54.4493635608309));
#1454=CARTESIAN_POINT('Ctrl Pts',(0.271536324978136,12.1768433926345,-54.558423972477));
#1455=CARTESIAN_POINT('Ctrl Pts',(1.60856069231667,12.1768380119741,-54.2762988950384));
#1456=CARTESIAN_POINT('Ctrl Pts',(3.01667030456814,12.1768458622362,-53.5499255311474));
#1457=CARTESIAN_POINT('Ctrl Pts',(5.14841726203544,12.1768273200438,-52.075277866201));
#1458=CARTESIAN_POINT('Ctrl Pts',(7.85413805814116,12.176871588588,-49.7501174573619));
#1459=CARTESIAN_POINT('Ctrl Pts',(12.4998867859175,12.1767737168852,-45.8963891656605));
#1460=CARTESIAN_POINT('Ctrl Pts',(18.7089127740112,12.1769989644245,-41.7377325043131));
#1461=CARTESIAN_POINT('Ctrl Pts',(24.2785913263915,12.1766951772822,-39.7463607499901));
#1462=CARTESIAN_POINT('Ctrl Pts',(27.1335834012708,12.1768565241101,-39.1973944843614));
#1463=CARTESIAN_POINT('Ctrl Pts',(-27.6529289795445,11.6362125370028,-41.6639753295713));
#1464=CARTESIAN_POINT('Ctrl Pts',(-25.0363897222645,11.6803027819793,-42.0593252890914));
#1465=CARTESIAN_POINT('Ctrl Pts',(-19.8097081514455,11.7825981961271,-43.6408833958377));
#1466=CARTESIAN_POINT('Ctrl Pts',(-14.0126955096869,11.9275968564143,-46.9715917179756));
#1467=CARTESIAN_POINT('Ctrl Pts',(-9.92412006845327,12.0261193223542,-49.7790541473951));
#1468=CARTESIAN_POINT('Ctrl Pts',(-7.85051537250998,12.0712445139342,-51.2487314806788));
#1469=CARTESIAN_POINT('Ctrl Pts',(-6.13879289726984,12.1032173714703,-52.4275817544936));
#1470=CARTESIAN_POINT('Ctrl Pts',(-4.35692232660343,12.1314413957088,-53.5667632148782));
#1471=CARTESIAN_POINT('Ctrl Pts',(-2.64575419449345,12.1507266182526,-54.5039858700089));
#1472=CARTESIAN_POINT('Ctrl Pts',(-0.909309422832516,12.1583561158378,-54.9130255717472));
#1473=CARTESIAN_POINT('Ctrl Pts',(0.304820553044464,12.1601783467597,-55.012962428975));
#1474=CARTESIAN_POINT('Ctrl Pts',(1.80551268889327,12.1555045118373,-54.7543880053466));
#1475=CARTESIAN_POINT('Ctrl Pts',(3.37908628674161,12.1423228069034,-54.0900258503286));
#1476=CARTESIAN_POINT('Ctrl Pts',(5.74555717926691,12.112480841841,-52.7450866903111));
#1477=CARTESIAN_POINT('Ctrl Pts',(8.69683753654851,12.0554159055841,-50.6407497641638));
#1478=CARTESIAN_POINT('Ctrl Pts',(13.6002552148803,11.937805316812,-47.211010505076));
#1479=CARTESIAN_POINT('Ctrl Pts',(19.8097092213638,11.7827039364819,-43.6403847915972));
#1480=CARTESIAN_POINT('Ctrl Pts',(25.0363897445541,11.6803027816055,-42.0593252858224));
#1481=CARTESIAN_POINT('Ctrl Pts',(27.6529289785559,11.6362125370194,-41.6639753297208));
#1482=CARTESIAN_POINT('Ctrl Pts',(-28.4057450958978,8.97313563832246,-45.2394015857213));
#1483=CARTESIAN_POINT('Ctrl Pts',(-26.1468675351533,9.22213040455822,-45.4710558787006));
#1484=CARTESIAN_POINT('Ctrl Pts',(-21.483492130481,9.80322218449475,-46.5697087173918));
#1485=CARTESIAN_POINT('Ctrl Pts',(-15.78637540927,10.6552767268003,-49.1601660327857));
#1486=CARTESIAN_POINT('Ctrl Pts',(-11.4385980040105,11.2490859622596,-51.4383723464687));
#1487=CARTESIAN_POINT('Ctrl Pts',(-9.14894605867086,11.52404237958,-52.6493606176403));
#1488=CARTESIAN_POINT('Ctrl Pts',(-7.20812093394493,11.7202973647555,-53.6303888541017));
#1489=CARTESIAN_POINT('Ctrl Pts',(-5.15589265825676,11.8944383827146,-54.583448091814));
#1490=CARTESIAN_POINT('Ctrl Pts',(-3.14425569038933,12.0140578389955,-55.3737182383327));
#1491=CARTESIAN_POINT('Ctrl Pts',(-1.08196521435178,12.0615497313769,-55.7194704596523));
#1492=CARTESIAN_POINT('Ctrl Pts',(0.362733000208701,12.0728926194583,-55.8040028151712));
#1493=CARTESIAN_POINT('Ctrl Pts',(2.14811824906129,12.0438064542703,-55.5852345810219));
#1494=CARTESIAN_POINT('Ctrl Pts',(4.006505790285,11.9618438885153,-55.0245830595069));
#1495=CARTESIAN_POINT('Ctrl Pts',(6.77051608645401,11.777080936853,-53.8937180145465));
#1496=CARTESIAN_POINT('Ctrl Pts',(10.1165937246558,11.4261984299048,-52.1414191333438));
#1497=CARTESIAN_POINT('Ctrl Pts',(15.3817099395603,10.7157723085798,-49.3465141195566));
#1498=CARTESIAN_POINT('Ctrl Pts',(21.4830313800729,9.80377944661854,-46.5693790603286));
#1499=CARTESIAN_POINT('Ctrl Pts',(26.1468675543771,9.2221304024474,-45.4710558768068));
#1500=CARTESIAN_POINT('Ctrl Pts',(28.4057450950444,8.97313563841655,-45.2394015858088));
#1501=CARTESIAN_POINT('Ctrl Pts',(-28.6807417431762,5.94176400207436,-46.5454711712071));
#1502=CARTESIAN_POINT('Ctrl Pts',(-26.5765024335836,6.38643502932333,-46.8271776980442));
#1503=CARTESIAN_POINT('Ctrl Pts',(-22.2443503398222,7.4422786459935,-47.9729178098917));
#1504=CARTESIAN_POINT('Ctrl Pts',(-16.7888458124549,9.08078280193385,-50.4064743008027));
#1505=CARTESIAN_POINT('Ctrl Pts',(-12.3842436196166,10.266770611505,-52.4752654134985));
#1506=CARTESIAN_POINT('Ctrl Pts',(-9.99554013642098,10.8247162744631,-53.5623434321323));
#1507=CARTESIAN_POINT('Ctrl Pts',(-7.9253793549139,11.2273488611243,-54.4368790622668));
#1508=CARTESIAN_POINT('Ctrl Pts',(-5.70696072325204,11.5867479958284,-55.2833276964445));
#1509=CARTESIAN_POINT('Ctrl Pts',(-3.4935774851736,11.8360817598971,-55.9815941089552));
#1510=CARTESIAN_POINT('Ctrl Pts',(-1.20347276611348,11.935273322694,-56.2865924892859));
#1511=CARTESIAN_POINT('Ctrl Pts',(0.403508412920194,11.9589924026228,-56.3611309536303));
#1512=CARTESIAN_POINT('Ctrl Pts',(2.3891283849821,11.8981454338215,-56.1682498384447));
#1513=CARTESIAN_POINT('Ctrl Pts',(4.44251791420452,11.72728478951,-55.6731759654396));
#1514=CARTESIAN_POINT('Ctrl Pts',(7.46690773213524,11.3436362618723,-54.6721001217142));
#1515=CARTESIAN_POINT('Ctrl Pts',(11.0333936810665,10.6228055148097,-53.1110527484426));
#1516=CARTESIAN_POINT('Ctrl Pts',(16.4015016676952,9.19672948282162,-50.5809898282556));
#1517=CARTESIAN_POINT('Ctrl Pts',(22.2438902194005,7.44358357638769,-47.97274627674));
#1518=CARTESIAN_POINT('Ctrl Pts',(26.576502451492,6.38643502555609,-46.8271776957172));
#1519=CARTESIAN_POINT('Ctrl Pts',(28.680741742381,5.94176400224239,-46.545471171314));
#1520=CARTESIAN_POINT('Ctrl Pts',(-28.7189057946215,4.0572171665786,-46.7267275877665));
#1521=CARTESIAN_POINT('Ctrl Pts',(-26.6547746329434,4.58889308791126,-47.1079324356499));
#1522=CARTESIAN_POINT('Ctrl Pts',(-22.4729649724391,5.87122921830535,-48.4459882500188));
#1523=CARTESIAN_POINT('Ctrl Pts',(-17.2397255651416,7.97381305158834,-50.9742442101076));
#1524=CARTESIAN_POINT('Ctrl Pts',(-12.8715207594425,9.55446364746415,-53.0100048654571));
#1525=CARTESIAN_POINT('Ctrl Pts',(-10.4549700601015,10.3096847874356,-54.0577731853298));
#1526=CARTESIAN_POINT('Ctrl Pts',(-8.3274724692443,10.8604731498198,-54.8888290032125));
#1527=CARTESIAN_POINT('Ctrl Pts',(-6.02556104470693,11.3551551456021,-55.6871425798257));
#1528=CARTESIAN_POINT('Ctrl Pts',(-3.69898017046649,11.7014064786941,-56.3380550948732));
#1529=CARTESIAN_POINT('Ctrl Pts',(-1.27524920105012,11.8395405740101,-56.6213629569842));
#1530=CARTESIAN_POINT('Ctrl Pts',(0.427597418841161,11.8725988150013,-56.6905241928101));
#1531=CARTESIAN_POINT('Ctrl Pts',(2.53144436096524,11.7877771442649,-56.5116288310496));
#1532=CARTESIAN_POINT('Ctrl Pts',(4.69660508001493,11.5502552989444,-56.050613860618));
#1533=CARTESIAN_POINT('Ctrl Pts',(7.86284695106204,11.0192377417332,-55.1135258134776));
#1534=CARTESIAN_POINT('Ctrl Pts',(11.5249639221107,10.0316777677123,-53.6309798484023));
#1535=CARTESIAN_POINT('Ctrl Pts',(16.8684425079815,8.12269010602999,-51.1561261737746));
#1536=CARTESIAN_POINT('Ctrl Pts',(22.4727574285702,5.87310847078361,-48.4453952749979));
#1537=CARTESIAN_POINT('Ctrl Pts',(26.6547746505184,4.58889308340975,-47.1079324324745));
#1538=CARTESIAN_POINT('Ctrl Pts',(28.7189057938416,4.05721716677948,-46.7267275879106));
#1539=CARTESIAN_POINT('Ctrl Pts',(-25.2161570672899,12.1768565241101,-38.3621764213943));
#1540=CARTESIAN_POINT('Ctrl Pts',(-22.8320858173483,12.1768565241101,-39.0113421462829));
#1541=CARTESIAN_POINT('Ctrl Pts',(-17.6929856023188,12.1768565241101,-41.1194695036016));
#1542=CARTESIAN_POINT('Ctrl Pts',(-12.3623199613721,12.1768565241101,-44.940124568121));
#1543=CARTESIAN_POINT('Ctrl Pts',(-8.55974500678185,12.1768565241101,-48.2845885019094));
#1544=CARTESIAN_POINT('Ctrl Pts',(-6.69845453289715,12.1768565241101,-50.0059221702716));
#1545=CARTESIAN_POINT('Ctrl Pts',(-5.19978584046532,12.1768565241101,-51.3712281567933));
#1546=CARTESIAN_POINT('Ctrl Pts',(-3.66271876023597,12.1768565241101,-52.682743318372));
#1547=CARTESIAN_POINT('Ctrl Pts',(-2.21522681571907,12.1768565241101,-53.752099593093));
#1548=CARTESIAN_POINT('Ctrl Pts',(-0.760447922199916,12.1768565241101,-54.2175339379896));
#1549=CARTESIAN_POINT('Ctrl Pts',(0.254893959852496,12.1768565241101,-54.331155968275));
#1550=CARTESIAN_POINT('Ctrl Pts',(1.51008555092596,12.1768565241101,-54.0372564453828));
#1551=CARTESIAN_POINT('Ctrl Pts',(2.83546172801134,12.1768565241101,-53.2798747082451));
#1552=CARTESIAN_POINT('Ctrl Pts',(4.84984428994075,12.1768565241101,-51.7403729165146));
#1553=CARTESIAN_POINT('Ctrl Pts',(7.43275823142174,12.1768565241101,-49.3047616881765));
#1554=CARTESIAN_POINT('Ctrl Pts',(11.9495341859235,12.1768565241101,-45.2389306512881));
#1555=CARTESIAN_POINT('Ctrl Pts',(17.6935393209431,12.1768565241101,-41.1187339734731));
#1556=CARTESIAN_POINT('Ctrl Pts',(22.8321601047248,12.1768565241101,-39.011199215261));
#1557=CARTESIAN_POINT('Ctrl Pts',(25.216148090624,12.1768565241101,-38.3621434932159));
#1558=CARTESIAN_POINT('',(-24.3960991930035,5.32135400913178,-47.8988736874333));
#1559=CARTESIAN_POINT('Ctrl Pts',(24.396076877548,5.32018852762939,-47.8988223860175));
#1560=CARTESIAN_POINT('Ctrl Pts',(23.7361548301765,5.53538086792969,-48.1286260116399));
#1561=CARTESIAN_POINT('Ctrl Pts',(20.927457344513,6.49339457877316,-49.1928359069201));
#1562=CARTESIAN_POINT('Ctrl Pts',(16.8684425079815,8.12269010602999,-51.1561261737746));
#1563=CARTESIAN_POINT('Ctrl Pts',(11.5249639221107,10.0316777677123,-53.6309798484023));
#1564=CARTESIAN_POINT('Ctrl Pts',(7.86284695106204,11.0192377417332,-55.1135258134776));
#1565=CARTESIAN_POINT('Ctrl Pts',(4.69660508001493,11.5502552989444,-56.050613860618));
#1566=CARTESIAN_POINT('Ctrl Pts',(2.53144436096524,11.7877771442649,-56.5116288310496));
#1567=CARTESIAN_POINT('Ctrl Pts',(0.427597418841161,11.8725988150013,-56.6905241928101));
#1568=CARTESIAN_POINT('Ctrl Pts',(-1.27524920105012,11.8395405740101,-56.6213629569842));
#1569=CARTESIAN_POINT('Ctrl Pts',(-3.69898017046649,11.7014064786941,-56.3380550948732));
#1570=CARTESIAN_POINT('Ctrl Pts',(-6.02556104470693,11.3551551456021,-55.6871425798257));
#1571=CARTESIAN_POINT('Ctrl Pts',(-8.3274724692443,10.8604731498198,-54.8888290032125));
#1572=CARTESIAN_POINT('Ctrl Pts',(-10.4549700601015,10.3096847874356,-54.0577731853298));
#1573=CARTESIAN_POINT('Ctrl Pts',(-12.8715207594425,9.55446364746415,-53.0100048654571));
#1574=CARTESIAN_POINT('Ctrl Pts',(-17.2397255651416,7.97381305158834,-50.9742442101076));
#1575=CARTESIAN_POINT('Ctrl Pts',(-20.9269582401524,6.49237579855159,-49.1928871459094));
#1576=CARTESIAN_POINT('Ctrl Pts',(-23.7361007372439,5.53458198134388,-48.1287523215936));
#1577=CARTESIAN_POINT('Ctrl Pts',(-24.3961240424976,5.3194774851521,-47.8989309800475));
#1578=CARTESIAN_POINT('Ctrl Pts',(-27.6417257350406,11.3681170724619,-41.6107667919969));
#1579=CARTESIAN_POINT('Ctrl Pts',(-27.5171548244736,11.1103363715868,-42.2157073799345));
#1580=CARTESIAN_POINT('Ctrl Pts',(-27.2047824439139,10.4966361078011,-43.3518452812253));
#1581=CARTESIAN_POINT('Ctrl Pts',(-26.2199463889585,8.63204325614853,-45.7732257776953));
#1582=CARTESIAN_POINT('Ctrl Pts',(-25.2299604666081,6.78588164932234,-47.1394273886654));
#1583=CARTESIAN_POINT('Ctrl Pts',(-24.4002704308321,5.32866971887742,-47.8950959164927));
#1584=CARTESIAN_POINT('Ctrl Pts',(-24.3981833595886,5.32501013718946,-47.8969854413361));
#1585=CARTESIAN_POINT('Ctrl Pts',(-24.3960991930035,5.32135400913177,-47.8988736874333));
#1586=CARTESIAN_POINT('Ctrl Pts',(-24.3960991930035,5.32135400913176,-47.8988736874333));
#1587=CARTESIAN_POINT('Ctrl Pts',(-24.3991304532539,5.3241154853932,-47.8968116141086));
#1588=CARTESIAN_POINT('Ctrl Pts',(-24.4021656927571,5.32687920513498,-47.8947488358237));
#1589=CARTESIAN_POINT('Ctrl Pts',(-25.6094993309864,6.42746833930971,-47.0695706800266));
#1590=CARTESIAN_POINT('Ctrl Pts',(-27.1190940173113,7.78156532633997,-45.6493707642022));
#1591=CARTESIAN_POINT('Ctrl Pts',(-28.6486410118187,9.0983172599309,-43.2130987836138));
#1592=CARTESIAN_POINT('Ctrl Pts',(-29.144735481777,9.51875407401313,-42.0777979329539));
#1593=CARTESIAN_POINT('Ctrl Pts',(-29.3484344623745,9.6906092394137,-41.4743862075062));
#1594=CARTESIAN_POINT('Ctrl Pts',(-24.3960991930035,5.32135400913176,-47.8988736874333));
#1595=CARTESIAN_POINT('Ctrl Pts',(-24.3989493956178,5.32427484129841,-47.8968128359181));
#1596=CARTESIAN_POINT('Ctrl Pts',(-24.4018056133231,5.32723065347153,-47.8948460929463));
#1597=CARTESIAN_POINT('Ctrl Pts',(-25.537135520356,6.49537371029242,-47.0809540986363));
#1598=CARTESIAN_POINT('Ctrl Pts',(-26.9691114078152,7.95693840174291,-45.7266131210134));
#1599=CARTESIAN_POINT('Ctrl Pts',(-28.5103221262945,9.44438656981317,-43.3659749784421));
#1600=CARTESIAN_POINT('Ctrl Pts',(-29.0348263910587,9.9374179873328,-42.2406343391424));
#1601=CARTESIAN_POINT('Ctrl Pts',(-29.2570070449803,10.1447407755461,-41.6327557042344));
#1602=CARTESIAN_POINT('Ctrl Pts',(-24.3960991930035,5.32135400913177,-47.8988736874333));
#1603=CARTESIAN_POINT('Ctrl Pts',(-24.3986310652157,5.32458269128455,-47.8968532759889));
#1604=CARTESIAN_POINT('Ctrl Pts',(-24.4011759871982,5.32781869935611,-47.8949792549536));
#1605=CARTESIAN_POINT('Ctrl Pts',(-25.4109292076084,6.61517086295702,-47.1030312464853));
#1606=CARTESIAN_POINT('Ctrl Pts',(-26.6832811567062,8.24987099998015,-45.8080857806196));
#1607=CARTESIAN_POINT('Ctrl Pts',(-28.0885643666538,10.0229573824403,-43.5192660233146));
#1608=CARTESIAN_POINT('Ctrl Pts',(-28.578187329318,10.6423414207126,-42.407114439298));
#1609=CARTESIAN_POINT('Ctrl Pts',(-28.7885511903598,10.9120455500756,-41.797447114477));
#1610=CARTESIAN_POINT('Ctrl Pts',(-24.3960991930035,5.32135400913177,-47.8988736874333));
#1611=CARTESIAN_POINT('Ctrl Pts',(-24.3983140567965,5.32488039834164,-47.896932359933));
#1612=CARTESIAN_POINT('Ctrl Pts',(-24.4005454506672,5.32841601298895,-47.8950738314298));
#1613=CARTESIAN_POINT('Ctrl Pts',(-25.2841683817481,6.73449125022781,-47.1277114735542));
#1614=CARTESIAN_POINT('Ctrl Pts',(-26.3636838179456,8.52101573831683,-45.7963216352642));
#1615=CARTESIAN_POINT('Ctrl Pts',(-27.4768813003967,10.3921050742145,-43.4305196617654));
#1616=CARTESIAN_POINT('Ctrl Pts',(-27.8419418471067,11.0261143270307,-42.303317904832));
#1617=CARTESIAN_POINT('Ctrl Pts',(-27.9917524930585,11.2972803966823,-41.6960943997346));
#1618=CARTESIAN_POINT('Ctrl Pts',(-24.3960991930035,5.32135400913177,-47.8988736874333));
#1619=CARTESIAN_POINT('Ctrl Pts',(-24.3981833595886,5.32501013718946,-47.8969854413361));
#1620=CARTESIAN_POINT('Ctrl Pts',(-24.4002704308321,5.32866971887742,-47.8950959164927));
#1621=CARTESIAN_POINT('Ctrl Pts',(-25.2299604666081,6.78588164932234,-47.1394273886654));
#1622=CARTESIAN_POINT('Ctrl Pts',(-26.2199463889585,8.63204325614853,-45.7732257776953));
#1623=CARTESIAN_POINT('Ctrl Pts',(-27.2047824466155,10.496636112916,-43.3518452745831));
#1624=CARTESIAN_POINT('Ctrl Pts',(-27.5171548287581,11.1103363800042,-42.2157073643514));
#1625=CARTESIAN_POINT('Ctrl Pts',(-27.6417257401664,11.368117083069,-41.610766767105));
#1626=CARTESIAN_POINT('Ctrl Pts',(-24.3960991930035,5.32135400913176,-47.8988736874333));
#1627=CARTESIAN_POINT('Ctrl Pts',(-24.3991304532539,5.3241154853932,-47.8968116141086));
#1628=CARTESIAN_POINT('Ctrl Pts',(-24.4021656927571,5.32687920513498,-47.8947488358237));
#1629=CARTESIAN_POINT('Ctrl Pts',(-25.6094993309864,6.42746833930971,-47.0695706800266));
#1630=CARTESIAN_POINT('Ctrl Pts',(-27.1190940173113,7.78156532633997,-45.6493707642022));
#1631=CARTESIAN_POINT('Ctrl Pts',(-28.6089992575653,9.06419058271764,-43.2762404167219));
#1632=CARTESIAN_POINT('Ctrl Pts',(-29.0799624632038,9.46382498891901,-42.2242426603653));
#1633=CARTESIAN_POINT('Ctrl Pts',(-29.2670438676049,9.62189187434831,-41.7071571623555));
#1634=CARTESIAN_POINT('Ctrl Pts',(-29.9,-1.43741896789663,-41.0843314885663));
#1635=CARTESIAN_POINT('Ctrl Pts',(-29.9,2.0306109984931,-40.259371012106));
#1636=CARTESIAN_POINT('Ctrl Pts',(-29.9,5.44328093682458,-39.2092058969334));
#1637=CARTESIAN_POINT('Ctrl Pts',(-29.9,8.92934266626105,-38.4646529054867));
#1638=CARTESIAN_POINT('Ctrl Pts',(-29.9,-1.23148491338614,-41.9500523231049));
#1639=CARTESIAN_POINT('Ctrl Pts',(-29.9001129887755,2.29831363806332,-41.1922196102807));
#1640=CARTESIAN_POINT('Ctrl Pts',(-29.8997873744058,5.72504163126253,-40.2385176936371));
#1641=CARTESIAN_POINT('Ctrl Pts',(-29.9,9.16923343884897,-39.5878423240649));
#1642=CARTESIAN_POINT('Ctrl Pts',(-29.633451034924,-0.819800439172698,-43.6807220145739));
#1643=CARTESIAN_POINT('Ctrl Pts',(-29.5855212735121,2.83344050148168,-43.0568866865762));
#1644=CARTESIAN_POINT('Ctrl Pts',(-29.5187165763617,6.28804595163998,-42.2952513033407));
#1645=CARTESIAN_POINT('Ctrl Pts',(-29.453620591716,9.6484637221289,-41.8316401051779));
#1646=CARTESIAN_POINT('Ctrl Pts',(-28.2791095187691,-0.161753866546604,
-46.4470669465632));
#1647=CARTESIAN_POINT('Ctrl Pts',(-27.9944472761916,3.67764254457641,-45.9907456585838));
#1648=CARTESIAN_POINT('Ctrl Pts',(-27.6055761668675,7.14944506695023,-45.4604617177869));
#1649=CARTESIAN_POINT('Ctrl Pts',(-27.2315609576968,10.3672019507568,-45.196834874504));
#1650=CARTESIAN_POINT('Ctrl Pts',(-26.6199489334302,0.20000262777913,-47.9678456973718));
#1651=CARTESIAN_POINT('Ctrl Pts',(-26.0664075021464,4.12172181111521,-47.5190674544436));
#1652=CARTESIAN_POINT('Ctrl Pts',(-25.324655235512,7.55251233822323,-46.9720850688563));
#1653=CARTESIAN_POINT('Ctrl Pts',(-24.6363630401276,10.6769620350651,-46.6471584748647));
#1654=CARTESIAN_POINT('Ctrl Pts',(-25.470023059778,0.356856524096882,-48.6272397269004));
#1655=CARTESIAN_POINT('Ctrl Pts',(-24.7504133147509,4.30067866307934,-48.1250898716637));
#1656=CARTESIAN_POINT('Ctrl Pts',(-23.8071641129568,7.68320819515445,-47.4858589319934));
#1657=CARTESIAN_POINT('Ctrl Pts',(-22.9592837612914,10.7592958971441,-47.0326527632868));
#1658=CARTESIAN_POINT('Ctrl Pts',(-24.4015802885115,5.32318657087756,-47.9019306984242));
#1659=CARTESIAN_POINT('Ctrl Pts',(-24.7833585202503,3.76439029945945,-48.1518570047665));
#1660=CARTESIAN_POINT('Ctrl Pts',(-25.1489510059691,2.11649233054718,-48.4031928925505));
#1661=CARTESIAN_POINT('Ctrl Pts',(-25.470023059778,0.356856524096882,-48.6272397269004));
#1662=CARTESIAN_POINT('Ctrl Pts',(56.4800779662235,7.37685652411008,-58.4056872511763));
#1663=CARTESIAN_POINT('Ctrl Pts',(56.4800779662235,16.9768565241101,-58.4056872511763));
#1664=CARTESIAN_POINT('Ctrl Pts',(56.4193976628873,7.37685652411008,-57.7120171224399));
#1665=CARTESIAN_POINT('Ctrl Pts',(56.4193976628873,16.9768565241101,-57.7120171224399));
#1666=CARTESIAN_POINT('Ctrl Pts',(56.3264108415613,7.37685652411008,-57.0212136475541));
#1667=CARTESIAN_POINT('Ctrl Pts',(56.3264108415613,16.9768565241101,-57.0212136475541));
#1668=CARTESIAN_POINT('Ctrl Pts',(56.0766444294181,7.37685652411008,-55.6510282711405));
#1669=CARTESIAN_POINT('Ctrl Pts',(56.0766444294181,16.9768565241101,-55.6510282711405));
#1670=CARTESIAN_POINT('Ctrl Pts',(55.9199107053565,7.37685652411008,-54.9718845510043));
#1671=CARTESIAN_POINT('Ctrl Pts',(55.9199107053565,16.9768565241101,-54.9718845510043));
#1672=CARTESIAN_POINT('Ctrl Pts',(55.7320221295469,7.37685652411008,-54.3013935146777));
#1673=CARTESIAN_POINT('Ctrl Pts',(55.7320221295469,16.9768565241101,-54.3013935146777));
#1674=CARTESIAN_POINT('Ctrl Pts',(55.2149343125961,7.37685652411008,-52.4561363202721));
#1675=CARTESIAN_POINT('Ctrl Pts',(55.2149343125961,16.9768565241101,-52.4561363202721));
#1676=CARTESIAN_POINT('Ctrl Pts',(54.4608511262101,7.37685652411008,-50.6775306230751));
#1677=CARTESIAN_POINT('Ctrl Pts',(54.4608511262101,16.9768565241101,-50.6775306230751));
#1678=CARTESIAN_POINT('Ctrl Pts',(52.3154249693096,7.37685652411008,-46.9955557615249));
#1679=CARTESIAN_POINT('Ctrl Pts',(52.3154249693096,16.9768565241101,-46.9955557615249));
#1680=CARTESIAN_POINT('Ctrl Pts',(50.8185829285439,7.37685652411008,-45.1541190984087));
#1681=CARTESIAN_POINT('Ctrl Pts',(50.8185829285439,16.9768565241101,-45.1541190984087));
#1682=CARTESIAN_POINT('Ctrl Pts',(47.3929217585837,7.37685652411008,-42.0477947830507));
#1683=CARTESIAN_POINT('Ctrl Pts',(47.3929217585837,16.9768565241101,-42.0477947830507));
#1684=CARTESIAN_POINT('Ctrl Pts',(45.4774826462161,7.37685652411008,-40.7675880640591));
#1685=CARTESIAN_POINT('Ctrl Pts',(45.4774826462161,16.9768565241101,-40.7675880640591));
#1686=CARTESIAN_POINT('Ctrl Pts',(41.974356434112,7.37685652411007,-39.0901792934257));
#1687=CARTESIAN_POINT('Ctrl Pts',(41.974356434112,16.9768565241101,-39.0901792934257));
#1688=CARTESIAN_POINT('Ctrl Pts',(40.4614341505496,7.37685652411007,-38.5440588126092));
#1689=CARTESIAN_POINT('Ctrl Pts',(40.4614341505496,16.9768565241101,-38.5440588126092));
#1690=CARTESIAN_POINT('Ctrl Pts',(38.9082231087524,7.37685652411007,-38.1478537618188));
#1691=CARTESIAN_POINT('Ctrl Pts',(38.9082231087524,16.9768565241101,-38.1478537618188));
#1692=CARTESIAN_POINT('Ctrl Pts',(36.1833242941214,7.37685652411007,-37.4527655579644));
#1693=CARTESIAN_POINT('Ctrl Pts',(36.1833242941214,16.9768565241101,-37.4527655579644));
#1694=CARTESIAN_POINT('Ctrl Pts',(33.3418388141446,7.37685652411007,-37.2255483962526));
#1695=CARTESIAN_POINT('Ctrl Pts',(33.3418388141446,16.9768565241101,-37.2255483962526));
#1696=CARTESIAN_POINT('Ctrl Pts',(28.7425413077027,7.37685652411007,-37.573440608085));
#1697=CARTESIAN_POINT('Ctrl Pts',(28.7425413077027,16.9768565241101,-37.573440608085));
#1698=CARTESIAN_POINT('Ctrl Pts',(26.96238140423,7.37685652411007,-37.8874765445632));
#1699=CARTESIAN_POINT('Ctrl Pts',(26.96238140423,16.9768565241101,-37.8874765445632));
#1700=CARTESIAN_POINT('Ctrl Pts',(23.1928989182491,7.37685652411007,-38.9114384966455));
#1701=CARTESIAN_POINT('Ctrl Pts',(23.1928989182491,16.9768565241101,-38.9114384966455));
#1702=CARTESIAN_POINT('Ctrl Pts',(21.2206802440219,7.37685652411007,-39.6794942452697));
#1703=CARTESIAN_POINT('Ctrl Pts',(21.2206802440219,16.9768565241101,-39.6794942452697));
#1704=CARTESIAN_POINT('Ctrl Pts',(17.6296119177045,7.37685652411008,-41.4684808808882));
#1705=CARTESIAN_POINT('Ctrl Pts',(17.6296119177045,16.9768565241101,-41.4684808808882));
#1706=CARTESIAN_POINT('Ctrl Pts',(15.9946621302721,7.37685652411008,-42.4583073176763));
#1707=CARTESIAN_POINT('Ctrl Pts',(15.9946621302721,16.9768565241101,-42.4583073176763));
#1708=CARTESIAN_POINT('Ctrl Pts',(13.2293882630508,7.37685652411008,-44.3885816320381));
#1709=CARTESIAN_POINT('Ctrl Pts',(13.2293882630508,16.9768565241101,-44.3885816320381));
#1710=CARTESIAN_POINT('Ctrl Pts',(12.069737876894,7.37685652411008,-45.2875809680567));
#1711=CARTESIAN_POINT('Ctrl Pts',(12.069737876894,16.9768565241101,-45.2875809680567));
#1712=CARTESIAN_POINT('Ctrl Pts',(10.195064004998,7.37685652411008,-46.8499848717032));
#1713=CARTESIAN_POINT('Ctrl Pts',(10.195064004998,16.9768565241101,-46.8499848717032));
#1714=CARTESIAN_POINT('Ctrl Pts',(9.46095373522235,7.37685652411008,-47.4916011191371));
#1715=CARTESIAN_POINT('Ctrl Pts',(9.46095373522235,16.9768565241101,-47.4916011191371));
#1716=CARTESIAN_POINT('Ctrl Pts',(7.9690839555187,7.37685652411008,-48.831504576894));
#1717=CARTESIAN_POINT('Ctrl Pts',(7.9690839555187,16.9768565241101,-48.831504576894));
#1718=CARTESIAN_POINT('Ctrl Pts',(7.2126828661657,7.37685652411008,-49.5315691384257));
#1719=CARTESIAN_POINT('Ctrl Pts',(7.2126828661657,16.9768565241101,-49.5315691384257));
#1720=CARTESIAN_POINT('Ctrl Pts',(5.81751853677026,7.37685652411008,-50.8097345211747));
#1721=CARTESIAN_POINT('Ctrl Pts',(5.81751853677026,16.9768565241101,-50.8097345211747));
#1722=CARTESIAN_POINT('Ctrl Pts',(5.18040730249299,7.37685652411008,-51.3897720521489));
#1723=CARTESIAN_POINT('Ctrl Pts',(5.18040730249299,16.9768565241101,-51.3897720521489));
#1724=CARTESIAN_POINT('Ctrl Pts',(4.06134733138454,7.37685652411008,-52.3368572018114));
#1725=CARTESIAN_POINT('Ctrl Pts',(4.06134733138454,16.9768565241101,-52.3368572018114));
#1726=CARTESIAN_POINT('Ctrl Pts',(3.59003762696511,7.37685652411008,-52.7160942200349));
#1727=CARTESIAN_POINT('Ctrl Pts',(3.59003762696511,16.9768565241101,-52.7160942200349));
#1728=CARTESIAN_POINT('Ctrl Pts',(2.6664542828952,7.37685652411008,-53.3640316717334));
#1729=CARTESIAN_POINT('Ctrl Pts',(2.6664542828952,16.9768565241101,-53.3640316717334));
#1730=CARTESIAN_POINT('Ctrl Pts',(2.21913501343217,7.37685652411008,-53.6418249585044));
#1731=CARTESIAN_POINT('Ctrl Pts',(2.21913501343217,16.9768565241101,-53.6418249585044));
#1732=CARTESIAN_POINT('Ctrl Pts',(1.40565225090174,7.37685652411008,-54.013611949148));
#1733=CARTESIAN_POINT('Ctrl Pts',(1.40565225090174,16.9768565241101,-54.013611949148));
#1734=CARTESIAN_POINT('Ctrl Pts',(1.05346378134197,7.37685652411008,-54.1364194530091));
#1735=CARTESIAN_POINT('Ctrl Pts',(1.05346378134197,16.9768565241101,-54.1364194530091));
#1736=CARTESIAN_POINT('Ctrl Pts',(0.462679705773087,7.37685652411008,-54.2507470060395));
#1737=CARTESIAN_POINT('Ctrl Pts',(0.462679705773087,16.9768565241101,-54.2507470060395));
#1738=CARTESIAN_POINT('Ctrl Pts',(0.231401909616613,7.37685652411008,-54.2739725461683));
#1739=CARTESIAN_POINT('Ctrl Pts',(0.231401909616613,16.9768565241101,-54.2739725461683));
#1740=CARTESIAN_POINT('Ctrl Pts',(-3.20632409511745E-12,7.37685652411008,
-54.273972546168));
#1741=CARTESIAN_POINT('Ctrl Pts',(-3.20632409511745E-12,16.9768565241101,
-54.273972546168));
#1742=CARTESIAN_POINT('Ctrl Pts',(-0.231401909623052,7.37685652411008,-54.2739725461678));
#1743=CARTESIAN_POINT('Ctrl Pts',(-0.231401909623052,16.9768565241101,-54.2739725461678));
#1744=CARTESIAN_POINT('Ctrl Pts',(-0.462679705779559,7.37685652411008,-54.2507470060387));
#1745=CARTESIAN_POINT('Ctrl Pts',(-0.462679705779559,16.9768565241101,-54.2507470060387));
#1746=CARTESIAN_POINT('Ctrl Pts',(-1.0534637813483,7.37685652411008,-54.1364194530072));
#1747=CARTESIAN_POINT('Ctrl Pts',(-1.0534637813483,16.9768565241101,-54.1364194530072));
#1748=CARTESIAN_POINT('Ctrl Pts',(-1.40565225090777,7.37685652411008,-54.0136119491457));
#1749=CARTESIAN_POINT('Ctrl Pts',(-1.40565225090777,16.9768565241101,-54.0136119491457));
#1750=CARTESIAN_POINT('Ctrl Pts',(-2.2191350134401,7.37685652411008,-53.6418249585001));
#1751=CARTESIAN_POINT('Ctrl Pts',(-2.2191350134401,16.9768565241101,-53.6418249585001));
#1752=CARTESIAN_POINT('Ctrl Pts',(-2.666454282904,7.37685652411008,-53.3640316717278));
#1753=CARTESIAN_POINT('Ctrl Pts',(-2.666454282904,16.9768565241101,-53.3640316717278));
#1754=CARTESIAN_POINT('Ctrl Pts',(-3.59003762693946,7.37685652411008,-52.7160942200522));
#1755=CARTESIAN_POINT('Ctrl Pts',(-3.59003762693946,16.9768565241101,-52.7160942200522));
#1756=CARTESIAN_POINT('Ctrl Pts',(-4.06134733133478,7.37685652411008,-52.3368572018512));
#1757=CARTESIAN_POINT('Ctrl Pts',(-4.06134733133478,16.9768565241101,-52.3368572018512));
#1758=CARTESIAN_POINT('Ctrl Pts',(-5.18040730246722,7.37685652411008,-51.3897720521741));
#1759=CARTESIAN_POINT('Ctrl Pts',(-5.18040730246722,16.9768565241101,-51.3897720521741));
#1760=CARTESIAN_POINT('Ctrl Pts',(-5.8175185367566,7.37685652411008,-50.8097345211873));
#1761=CARTESIAN_POINT('Ctrl Pts',(-5.8175185367566,16.9768565241101,-50.8097345211873));
#1762=CARTESIAN_POINT('Ctrl Pts',(-7.21268286560445,7.37685652411008,-49.5315691389397));
#1763=CARTESIAN_POINT('Ctrl Pts',(-7.21268286560445,16.9768565241101,-49.5315691389397));
#1764=CARTESIAN_POINT('Ctrl Pts',(-7.96908395455246,7.37685652411008,-48.8315045777841));
#1765=CARTESIAN_POINT('Ctrl Pts',(-7.96908395455246,16.9768565241101,-48.8315045777841));
#1766=CARTESIAN_POINT('Ctrl Pts',(-9.46095373438442,7.37685652411008,-47.4916011198685));
#1767=CARTESIAN_POINT('Ctrl Pts',(-9.46095373438442,16.9768565241101,-47.4916011198685));
#1768=CARTESIAN_POINT('Ctrl Pts',(-10.1950640046243,7.37685652411008,-46.8499848720201));
#1769=CARTESIAN_POINT('Ctrl Pts',(-10.1950640046243,16.9768565241101,-46.8499848720201));
#1770=CARTESIAN_POINT('Ctrl Pts',(-12.0697378764792,7.37685652411008,-45.2875809683942));
#1771=CARTESIAN_POINT('Ctrl Pts',(-12.0697378764792,16.9768565241101,-45.2875809683942));
#1772=CARTESIAN_POINT('Ctrl Pts',(-13.2293882612337,7.37685652411008,-44.3885816333143));
#1773=CARTESIAN_POINT('Ctrl Pts',(-13.2293882612337,16.9768565241101,-44.3885816333143));
#1774=CARTESIAN_POINT('Ctrl Pts',(-15.994662132273,7.37685652411008,-42.4583073162695));
#1775=CARTESIAN_POINT('Ctrl Pts',(-15.994662132273,16.9768565241101,-42.4583073162695));
#1776=CARTESIAN_POINT('Ctrl Pts',(-17.6296119287572,7.37685652411008,-41.468480874485));
#1777=CARTESIAN_POINT('Ctrl Pts',(-17.6296119287572,16.9768565241101,-41.468480874485));
#1778=CARTESIAN_POINT('Ctrl Pts',(-21.2206802598809,7.37685652411007,-39.6794942383602));
#1779=CARTESIAN_POINT('Ctrl Pts',(-21.2206802598809,16.9768565241101,-39.6794942383602));
#1780=CARTESIAN_POINT('Ctrl Pts',(-23.1928989179092,7.37685652411007,-38.9114384967362));
#1781=CARTESIAN_POINT('Ctrl Pts',(-23.1928989179092,16.9768565241101,-38.9114384967362));
#1782=CARTESIAN_POINT('Ctrl Pts',(-26.962381404252,7.37685652411007,-37.8874765445587));
#1783=CARTESIAN_POINT('Ctrl Pts',(-26.962381404252,16.9768565241101,-37.8874765445587));
#1784=CARTESIAN_POINT('Ctrl Pts',(-28.7425413456833,7.37685652411007,-37.5734406020805));
#1785=CARTESIAN_POINT('Ctrl Pts',(-28.7425413456833,16.9768565241101,-37.5734406020805));
#1786=CARTESIAN_POINT('Ctrl Pts',(-33.3419689560348,7.37685652411007,-37.2255385571739));
#1787=CARTESIAN_POINT('Ctrl Pts',(-33.3419689560348,16.9768565241101,-37.2255385571739));
#1788=CARTESIAN_POINT('Ctrl Pts',(-36.1835880352412,7.37685652411007,-37.4527871827882));
#1789=CARTESIAN_POINT('Ctrl Pts',(-36.1835880352412,16.9768565241101,-37.4527871827882));
#1790=CARTESIAN_POINT('Ctrl Pts',(-38.9086023178514,7.37685652411007,-38.1479504965769));
#1791=CARTESIAN_POINT('Ctrl Pts',(-38.9086023178514,16.9768565241101,-38.1479504965769));
#1792=CARTESIAN_POINT('Ctrl Pts',(-40.4618019880808,7.37685652411007,-38.5441786692593));
#1793=CARTESIAN_POINT('Ctrl Pts',(-40.4618019880808,16.9768565241101,-38.5441786692593));
#1794=CARTESIAN_POINT('Ctrl Pts',(-41.974710776129,7.37685652411007,-39.090321175356));
#1795=CARTESIAN_POINT('Ctrl Pts',(-41.974710776129,16.9768565241101,-39.090321175356));
#1796=CARTESIAN_POINT('Ctrl Pts',(-45.4778185480122,7.37685652411008,-40.7677884238128));
#1797=CARTESIAN_POINT('Ctrl Pts',(-45.4778185480122,16.9768565241101,-40.7677884238128));
#1798=CARTESIAN_POINT('Ctrl Pts',(-47.3932481151546,7.37685652411008,-42.0480354044953));
#1799=CARTESIAN_POINT('Ctrl Pts',(-47.3932481151546,16.9768565241101,-42.0480354044953));
#1800=CARTESIAN_POINT('Ctrl Pts',(-50.818846088563,7.37685652411008,-45.1544146488497));
#1801=CARTESIAN_POINT('Ctrl Pts',(-50.818846088563,16.9768565241101,-45.1544146488497));
#1802=CARTESIAN_POINT('Ctrl Pts',(-52.3156418183755,7.37685652411008,-46.9958570766389));
#1803=CARTESIAN_POINT('Ctrl Pts',(-52.3156418183755,16.9768565241101,-46.9958570766389));
#1804=CARTESIAN_POINT('Ctrl Pts',(-54.4609419335614,7.37685652411008,-50.6777443618996));
#1805=CARTESIAN_POINT('Ctrl Pts',(-54.4609419335614,16.9768565241101,-50.6777443618996));
#1806=CARTESIAN_POINT('Ctrl Pts',(-55.2149653939974,7.37685652411008,-52.4562472360151));
#1807=CARTESIAN_POINT('Ctrl Pts',(-55.2149653939974,16.9768565241101,-52.4562472360151));
#1808=CARTESIAN_POINT('Ctrl Pts',(-55.7320221295469,7.37685652411008,-54.3013935146778));
#1809=CARTESIAN_POINT('Ctrl Pts',(-55.7320221295469,16.9768565241101,-54.3013935146778));
#1810=CARTESIAN_POINT('Ctrl Pts',(-55.9199107053565,7.37685652411008,-54.9718845510044));
#1811=CARTESIAN_POINT('Ctrl Pts',(-55.9199107053565,16.9768565241101,-54.9718845510044));
#1812=CARTESIAN_POINT('Ctrl Pts',(-56.0766444273189,7.37685652411008,-55.6510282600691));
#1813=CARTESIAN_POINT('Ctrl Pts',(-56.0766444273189,16.9768565241101,-55.6510282600691));
#1814=CARTESIAN_POINT('Ctrl Pts',(-56.3264108427386,7.37685652411008,-57.0212136535685));
#1815=CARTESIAN_POINT('Ctrl Pts',(-56.3264108427386,16.9768565241101,-57.0212136535685));
#1816=CARTESIAN_POINT('Ctrl Pts',(-56.4193976628873,7.37685652411009,-57.71201712244));
#1817=CARTESIAN_POINT('Ctrl Pts',(-56.4193976628873,16.9768565241101,-57.71201712244));
#1818=CARTESIAN_POINT('Ctrl Pts',(-56.4800779662235,7.37685652411009,-58.4056872511763));
#1819=CARTESIAN_POINT('Ctrl Pts',(-56.4800779662235,16.9768565241101,-58.4056872511763));
#1820=CARTESIAN_POINT('Origin',(68.6,-16.8081489127023,106.430660456758));
#1821=CARTESIAN_POINT('Ctrl Pts',(22.2977394256852,-3.02224611550818,-52.5468770367542));
#1822=CARTESIAN_POINT('Ctrl Pts',(21.959983765398,-2.93815763403737,-52.974005601484));
#1823=CARTESIAN_POINT('Ctrl Pts',(21.2974487145527,-2.70499960469859,-53.8720455043751));
#1824=CARTESIAN_POINT('Ctrl Pts',(20.4573709915181,-2.14101664425857,-55.1163831094055));
#1825=CARTESIAN_POINT('Ctrl Pts',(19.703061986828,-1.40543250697365,-56.2030739307534));
#1826=CARTESIAN_POINT('Ctrl Pts',(19.056550302602,-0.666112285625165,-57.0722245787136));
#1827=CARTESIAN_POINT('Ctrl Pts',(18.5335991876029,-0.0157728225322257,
-57.6956961366466));
#1828=CARTESIAN_POINT('Ctrl Pts',(18.2336699621458,0.356856524098371,-58.0218411966315));
#1829=CARTESIAN_POINT('Ctrl Pts',(22.0548428523767,-1.87148435568444,-52.5241792781539));
#1830=CARTESIAN_POINT('Ctrl Pts',(21.683698821556,-1.67533966703242,-52.9478157302553));
#1831=CARTESIAN_POINT('Ctrl Pts',(20.9364411896109,-1.18485708122606,-53.8369773548314));
#1832=CARTESIAN_POINT('Ctrl Pts',(19.9095678998952,-0.177145926565566,-55.0646807048568));
#1833=CARTESIAN_POINT('Ctrl Pts',(18.8950058906911,1.01229564758299,-56.1314652206166));
#1834=CARTESIAN_POINT('Ctrl Pts',(17.9693660542588,2.1484425318852,-56.9819982304923));
#1835=CARTESIAN_POINT('Ctrl Pts',(17.1746900493705,3.09974371361001,-57.5889082560647));
#1836=CARTESIAN_POINT('Ctrl Pts',(16.7077376439677,3.63083668243571,-57.9057094841062));
#1837=CARTESIAN_POINT('Ctrl Pts',(21.7298945029423,-0.739268912372939,-52.4402431699575));
#1838=CARTESIAN_POINT('Ctrl Pts',(21.3072778428211,-0.435848293848117,-52.850894561149));
#1839=CARTESIAN_POINT('Ctrl Pts',(20.4284775615286,0.299013983117716,-53.7083654041242));
#1840=CARTESIAN_POINT('Ctrl Pts',(19.0993438954668,1.71157781992169,-54.8737221937958));
#1841=CARTESIAN_POINT('Ctrl Pts',(17.663845138562,3.28427595937359,-55.8671366411107));
#1842=CARTESIAN_POINT('Ctrl Pts',(16.2862648559292,4.72579384049515,-56.6463983856904));
#1843=CARTESIAN_POINT('Ctrl Pts',(15.0582874058945,5.87335989031697,-57.1908034460858));
#1844=CARTESIAN_POINT('Ctrl Pts',(14.3265817423927,6.48924463535352,-57.4707641122584));
#1845=CARTESIAN_POINT('Ctrl Pts',(21.3279294555067,0.356856524110085,-52.2963693030527));
#1846=CARTESIAN_POINT('Ctrl Pts',(20.8375475932188,0.757647065526948,-52.6850006737607));
#1847=CARTESIAN_POINT('Ctrl Pts',(19.7859736232677,1.70947698567679,-53.4893456457061));
#1848=CARTESIAN_POINT('Ctrl Pts',(18.0597978655524,3.44354561316755,-54.5514862948254));
#1849=CARTESIAN_POINT('Ctrl Pts',(16.093673763222,5.25189522736219,-55.4282997329086));
#1850=CARTESIAN_POINT('Ctrl Pts',(14.1671493303643,6.81542750822166,-56.0975931992997));
#1851=CARTESIAN_POINT('Ctrl Pts',(12.443954480199,7.96061230393188,-56.5504191409491));
#1852=CARTESIAN_POINT('Ctrl Pts',(11.4253095002422,8.52980802121126,-56.7782162534608));
#1853=CARTESIAN_POINT('',(11.4253095002421,8.52980802121133,-56.7782162534609));
#1854=CARTESIAN_POINT('Origin',(1.13474567531733,-7.83823297453671,-51.6604501268523));
#1855=CARTESIAN_POINT('Ctrl Pts',(11.4253095002422,8.52980802121126,-56.7782162534608));
#1856=CARTESIAN_POINT('Ctrl Pts',(12.443954480199,7.96061230393188,-56.5504191409491));
#1857=CARTESIAN_POINT('Ctrl Pts',(14.1671493303643,6.81542750822166,-56.0975931992997));
#1858=CARTESIAN_POINT('Ctrl Pts',(16.093673763222,5.25189522736219,-55.4282997329086));
#1859=CARTESIAN_POINT('Ctrl Pts',(18.0597978655524,3.44354561316755,-54.5514862948254));
#1860=CARTESIAN_POINT('Ctrl Pts',(19.7859736232677,1.70947698567679,-53.4893456457061));
#1861=CARTESIAN_POINT('Ctrl Pts',(20.8375475932188,0.757647065526948,-52.6850006737607));
#1862=CARTESIAN_POINT('Ctrl Pts',(21.3279294555067,0.356856524110085,-52.2963693030527));
#1863=CARTESIAN_POINT('Ctrl Pts',(19.4373660419493,-14.0690080138638,-56.7782162532249));
#1864=CARTESIAN_POINT('Ctrl Pts',(19.4420395286169,-14.0113917719058,-56.8316490954522));
#1865=CARTESIAN_POINT('Ctrl Pts',(19.4514500393117,-13.8924161236301,-56.9398260445982));
#1866=CARTESIAN_POINT('Ctrl Pts',(19.4707211487478,-13.6389583097205,-57.1615949632653));
#1867=CARTESIAN_POINT('Ctrl Pts',(19.5027517217705,-13.1505124324544,-57.56535626663));
#1868=CARTESIAN_POINT('Ctrl Pts',(19.5352140561126,-12.4795040575837,-58.0663523625889));
#1869=CARTESIAN_POINT('Ctrl Pts',(19.5376886710703,-11.2348480752553,-58.9027963508214));
#1870=CARTESIAN_POINT('Ctrl Pts',(19.476078939671,-9.80841028468368,-59.7616759929825));
#1871=CARTESIAN_POINT('Ctrl Pts',(19.1436056375713,-7.90249162083566,-60.7720148552041));
#1872=CARTESIAN_POINT('Ctrl Pts',(18.7993615352168,-6.55157506214914,-61.4523988608005));
#1873=CARTESIAN_POINT('Ctrl Pts',(18.3527770339613,-5.17839350703709,-62.1186152887333));
#1874=CARTESIAN_POINT('Ctrl Pts',(17.6892051327345,-3.65971900438429,-62.8250086925865));
#1875=CARTESIAN_POINT('Ctrl Pts',(16.9255163537152,-2.28284500186114,-63.4469150877051));
#1876=CARTESIAN_POINT('Ctrl Pts',(15.9574775227467,-0.794607410196523,-64.107497319642));
#1877=CARTESIAN_POINT('Ctrl Pts',(14.4996827475891,1.01406979235554,-64.8913754548114));
#1878=CARTESIAN_POINT('Ctrl Pts',(12.0582754236202,3.16858733311718,-65.8046641621635));
#1879=CARTESIAN_POINT('Ctrl Pts',(9.57268154026095,4.74523819783198,-66.4645266406349));
#1880=CARTESIAN_POINT('Ctrl Pts',(6.93129540174249,5.88841378731609,-66.9423577663069));
#1881=CARTESIAN_POINT('Ctrl Pts',(4.29419931614441,6.68609871830398,-67.2783483913436));
#1882=CARTESIAN_POINT('Ctrl Pts',(0.767407908247064,7.2172365490388,-67.5111811878474));
#1883=CARTESIAN_POINT('Ctrl Pts',(-3.76362207456081,6.95759734566278,-67.4366541896047));
#1884=CARTESIAN_POINT('Ctrl Pts',(-7.8193007630201,5.75113019551655,-66.9863211365147));
#1885=CARTESIAN_POINT('Ctrl Pts',(-10.8159466910914,4.19391085599945,-66.389386357413));
#1886=CARTESIAN_POINT('Ctrl Pts',(-13.6626825126142,2.15270259110808,-65.5962500506961));
#1887=CARTESIAN_POINT('Ctrl Pts',(-16.000154472666,-0.363959496347109,-64.6005976920842));
#1888=CARTESIAN_POINT('Ctrl Pts',(-17.6424693663744,-2.97133084659209,-63.5437804965865));
#1889=CARTESIAN_POINT('Ctrl Pts',(-18.3671647019843,-4.62453860593846,-62.8559004173363));
#1890=CARTESIAN_POINT('Ctrl Pts',(-18.7225062707977,-5.61296009928509,-62.4374877780159));
#1891=CARTESIAN_POINT('Ctrl Pts',(-18.9285515007376,-6.24361938775662,-62.168535367605));
#1892=CARTESIAN_POINT('Ctrl Pts',(-19.2179470646305,-7.27560664231396,-61.723261827021));
#1893=CARTESIAN_POINT('Ctrl Pts',(-19.4739242713743,-8.56530566580472,-61.1527930443857));
#1894=CARTESIAN_POINT('Ctrl Pts',(-19.5874469815037,-9.54745261101884,-60.7030511334465));
#1895=CARTESIAN_POINT('Ctrl Pts',(-19.6469869265166,-10.3406806307178,-60.3316860109477));
#1896=CARTESIAN_POINT('Ctrl Pts',(-19.6764036006332,-11.0730311309872,-59.9819728402577));
#1897=CARTESIAN_POINT('Ctrl Pts',(-19.6666925528886,-11.9551505990349,-59.5455005536746));
#1898=CARTESIAN_POINT('Ctrl Pts',(-19.5808565472055,-13.3407765830543,-58.8296109177958));
#1899=CARTESIAN_POINT('Ctrl Pts',(-19.4047260482251,-14.4742298813625,-58.1815263107538));
#1900=CARTESIAN_POINT('Ctrl Pts',(-19.2336814704545,-15.3009937371767,-57.6545617305395));
#1901=CARTESIAN_POINT('Ctrl Pts',(-19.1377693766377,-15.7133376164324,-57.3750832885475));
#1902=CARTESIAN_POINT('Ctrl Pts',(-19.0913697598753,-15.9019253584656,-57.2416901720691));
#1903=CARTESIAN_POINT('Ctrl Pts',(-19.068578513501,-15.9921987967725,-57.1764458451928));
#1904=CARTESIAN_POINT('Ctrl Pts',(20.0932623956951,-11.7569190557566,-57.2474608703313));
#1905=CARTESIAN_POINT('Ctrl Pts',(20.0908185370999,-11.6970233823991,-57.2975778335816));
#1906=CARTESIAN_POINT('Ctrl Pts',(20.0855163450237,-11.5736144290886,-57.3989963599468));
#1907=CARTESIAN_POINT('Ctrl Pts',(20.0733080659955,-11.3117362638795,-57.6067315415538));
#1908=CARTESIAN_POINT('Ctrl Pts',(20.0445325089424,-10.8102650508522,-57.9843378164125));
#1909=CARTESIAN_POINT('Ctrl Pts',(19.9931695080227,-10.1289251814259,-58.4514603507845));
#1910=CARTESIAN_POINT('Ctrl Pts',(19.8422404300359,-8.88298812407209,-59.2273855476689));
#1911=CARTESIAN_POINT('Ctrl Pts',(19.6076660717864,-7.4754619481172,-60.0194022152677));
#1912=CARTESIAN_POINT('Ctrl Pts',(19.0634211293275,-5.64188006425641,-60.9388154330836));
#1913=CARTESIAN_POINT('Ctrl Pts',(18.5789195841958,-4.35869387343771,-61.553180258132));
#1914=CARTESIAN_POINT('Ctrl Pts',(17.9990252492827,-3.06768350816946,-62.1507149697943));
#1915=CARTESIAN_POINT('Ctrl Pts',(17.2050952930401,-1.65969610308063,-62.7781241997665));
#1916=CARTESIAN_POINT('Ctrl Pts',(16.3396475695267,-0.398836603899846,-63.3253648776721));
#1917=CARTESIAN_POINT('Ctrl Pts',(15.2759117010559,0.952421704706718,-63.9027392087351));
#1918=CARTESIAN_POINT('Ctrl Pts',(13.730707538755,2.57331967557143,-64.5806623116911));
#1919=CARTESIAN_POINT('Ctrl Pts',(11.2515777556454,4.46800672696177,-65.3577873937896));
#1920=CARTESIAN_POINT('Ctrl Pts',(8.79916613913003,5.82885768905817,-65.9099892629376));
#1921=CARTESIAN_POINT('Ctrl Pts',(6.24528435364748,6.79505386715402,-66.3022620171106));
#1922=CARTESIAN_POINT('Ctrl Pts',(3.7236224654038,7.45388529557325,-66.5724050312242));
#1923=CARTESIAN_POINT('Ctrl Pts',(0.386587966735724,7.86268592584771,-66.7487192992543));
#1924=CARTESIAN_POINT('Ctrl Pts',(-3.86858151877282,7.56679343469058,-66.6595153469339));
#1925=CARTESIAN_POINT('Ctrl Pts',(-7.68413439572549,6.45383340445018,-66.2565089494572));
#1926=CARTESIAN_POINT('Ctrl Pts',(-10.5332784041196,5.04541708574718,-65.7346315902461));
#1927=CARTESIAN_POINT('Ctrl Pts',(-13.27661297245,3.20639319242895,-65.0453261440969));
#1928=CARTESIAN_POINT('Ctrl Pts',(-15.598063670345,0.936101293677043,-64.1815561746226));
#1929=CARTESIAN_POINT('Ctrl Pts',(-17.3116982015175,-1.43506313917793,-63.2610238776332));
#1930=CARTESIAN_POINT('Ctrl Pts',(-18.119595552131,-2.95246863091918,-62.6586395991061));
#1931=CARTESIAN_POINT('Ctrl Pts',(-18.534709693307,-3.86492161056459,-62.2909800488249));
#1932=CARTESIAN_POINT('Ctrl Pts',(-18.781482011324,-4.44849977059987,-62.0543183445338));
#1933=CARTESIAN_POINT('Ctrl Pts',(-19.1435426329494,-5.40698379299415,-61.6616399674075));
#1934=CARTESIAN_POINT('Ctrl Pts',(-19.5036878684998,-6.6137256836701,-61.1563570740447));
#1935=CARTESIAN_POINT('Ctrl Pts',(-19.7067405058375,-7.54109780279011,-60.7558940638518));
#1936=CARTESIAN_POINT('Ctrl Pts',(-19.842680448304,-8.29392927063683,-60.4242866132033));
#1937=CARTESIAN_POINT('Ctrl Pts',(-19.9456801611615,-8.99212373408051,-60.1112168052017));
#1938=CARTESIAN_POINT('Ctrl Pts',(-20.0299960933061,-9.83929685098588,-59.7189332485732));
#1939=CARTESIAN_POINT('Ctrl Pts',(-20.0999881732662,-11.1808248852796,-59.0728259083317));
#1940=CARTESIAN_POINT('Ctrl Pts',(-20.0622858349182,-12.2968562319971,-58.4831176133178));
#1941=CARTESIAN_POINT('Ctrl Pts',(-19.9958832870782,-13.121835634207,-58.0008421760786));
#1942=CARTESIAN_POINT('Ctrl Pts',(-19.9529323286598,-13.5362590132103,-57.7443327731763));
#1943=CARTESIAN_POINT('Ctrl Pts',(-19.9308815636234,-13.7266666366741,-57.6216896527476));
#1944=CARTESIAN_POINT('Ctrl Pts',(-19.9197945726108,-13.818026183557,-57.5616576099352));
#1945=CARTESIAN_POINT('Ctrl Pts',(20.5684973217563,-6.85380860749181,-57.9513720096571));
#1946=CARTESIAN_POINT('Ctrl Pts',(20.551441749991,-6.79224861927111,-57.9939231506094));
#1947=CARTESIAN_POINT('Ctrl Pts',(20.5160759122627,-6.66593354276224,-58.0799398420031));
#1948=CARTESIAN_POINT('Ctrl Pts',(20.4401221025741,-6.39999256947706,-58.2557271835705));
#1949=CARTESIAN_POINT('Ctrl Pts',(20.2899901104827,-5.89714919545866,-58.574008969243));
#1950=CARTESIAN_POINT('Ctrl Pts',(20.0752869796172,-5.22890311901808,-58.9648113319228));
#1951=CARTESIAN_POINT('Ctrl Pts',(19.635092793223,-4.04178052026672,-59.606490562673));
#1952=CARTESIAN_POINT('Ctrl Pts',(19.0846965470217,-2.73991038637592,-60.252640650129));
#1953=CARTESIAN_POINT('Ctrl Pts',(18.1780324288024,-1.12937027062364,-60.9822366885571));
#1954=CARTESIAN_POINT('Ctrl Pts',(17.4625306427945,-0.0313276309196899,
-61.4620800690846));
#1955=CARTESIAN_POINT('Ctrl Pts',(16.6708036842796,1.05018669552597,-61.9223822033248));
#1956=CARTESIAN_POINT('Ctrl Pts',(15.6821464654322,2.19595306708766,-62.3961265915424));
#1957=CARTESIAN_POINT('Ctrl Pts',(14.6766829632161,3.19570669053596,-62.8016170714148));
#1958=CARTESIAN_POINT('Ctrl Pts',(13.492299764392,4.24785090430007,-63.2236066622124));
#1959=CARTESIAN_POINT('Ctrl Pts',(11.8608742310952,5.47477858894305,-63.7082692619422));
#1960=CARTESIAN_POINT('Ctrl Pts',(9.41374432920867,6.84968777618753,-64.2452187875335));
#1961=CARTESIAN_POINT('Ctrl Pts',(7.10618726488806,7.79431312830181,-64.6130149388848));
#1962=CARTESIAN_POINT('Ctrl Pts',(4.78540963828339,8.42878674733839,-64.8627874782397));
#1963=CARTESIAN_POINT('Ctrl Pts',(2.53806574854496,8.83259534756397,-65.0258633807307));
#1964=CARTESIAN_POINT('Ctrl Pts',(-0.380563645326595,9.02403531723739,-65.1146278043075));
#1965=CARTESIAN_POINT('Ctrl Pts',(-4.05300941792319,8.67621426135032,-65.0124538702989));
#1966=CARTESIAN_POINT('Ctrl Pts',(-7.35799827786123,7.75121311759239,-64.7007988691685));
#1967=CARTESIAN_POINT('Ctrl Pts',(-9.87396418942302,6.63363037234519,-64.3156458574581));
#1968=CARTESIAN_POINT('Ctrl Pts',(-12.3552322391687,5.1912331059807,-63.8136139863098));
#1969=CARTESIAN_POINT('Ctrl Pts',(-14.5649025756017,3.41353427443145,-63.1879550310094));
#1970=CARTESIAN_POINT('Ctrl Pts',(-16.327684560929,1.53329189540675,-62.5170596213469));
#1971=CARTESIAN_POINT('Ctrl Pts',(-17.2393905942413,0.310696670576756,-62.073915190684));
#1972=CARTESIAN_POINT('Ctrl Pts',(-17.7360282368834,-0.432060028857237,
-61.8017328988465));
#1973=CARTESIAN_POINT('Ctrl Pts',(-18.0399097131224,-0.909137680436236,
-61.6260741592983));
#1974=CARTESIAN_POINT('Ctrl Pts',(-18.5074147218657,-1.69795499222021,-61.333424323643));
#1975=CARTESIAN_POINT('Ctrl Pts',(-19.026400874663,-2.7045350240261,-60.9537658330817));
#1976=CARTESIAN_POINT('Ctrl Pts',(-19.3718747345185,-3.49120253390881,-60.6497885525817));
#1977=CARTESIAN_POINT('Ctrl Pts',(-19.6315254159207,-4.13583777265267,-60.3966587181606));
#1978=CARTESIAN_POINT('Ctrl Pts',(-19.8555513353311,-4.73877683097902,-60.1564828936798));
#1979=CARTESIAN_POINT('Ctrl Pts',(-20.0978632827752,-5.48046448124124,-59.8531391621898));
#1980=CARTESIAN_POINT('Ctrl Pts',(-20.4352211575357,-6.67290723184886,-59.3492214490206));
#1981=CARTESIAN_POINT('Ctrl Pts',(-20.6447145488045,-7.69732235649831,-58.8813636657025));
#1982=CARTESIAN_POINT('Ctrl Pts',(-20.7702419801368,-8.47440327385359,-58.4936801332172));
#1983=CARTESIAN_POINT('Ctrl Pts',(-20.825866761416,-8.87027305133846,-58.286127640271));
#1984=CARTESIAN_POINT('Ctrl Pts',(-20.8495720966385,-9.05382481643898,-58.1864819659737));
#1985=CARTESIAN_POINT('Ctrl Pts',(-20.8605623701454,-9.14227602525946,-58.1376190293074));
#1986=CARTESIAN_POINT('Ctrl Pts',(18.3896288381758,1.58724730497086,-58.2101528306693));
#1987=CARTESIAN_POINT('Ctrl Pts',(18.3490504844484,1.64166737104566,-58.237999291059));
#1988=CARTESIAN_POINT('Ctrl Pts',(18.2657109166531,1.75253982907663,-58.2941076417788));
#1989=CARTESIAN_POINT('Ctrl Pts',(18.0900755067026,1.98263343107109,-58.4080612404725));
#1990=CARTESIAN_POINT('Ctrl Pts',(17.7561088718459,2.40805349133443,-58.6123223042172));
#1991=CARTESIAN_POINT('Ctrl Pts',(17.3073541111938,2.950024087465,-58.8579763496395));
#1992=CARTESIAN_POINT('Ctrl Pts',(16.4846660422891,3.86304387177365,-59.2510113468511));
#1993=CARTESIAN_POINT('Ctrl Pts',(15.5517084096466,4.80538365799216,-59.6337218785619));
#1994=CARTESIAN_POINT('Ctrl Pts',(14.2841440524997,5.85954602046686,-60.0425358449265));
#1995=CARTESIAN_POINT('Ctrl Pts',(13.3690526658994,6.54129683914673,-60.3033291206801));
#1996=CARTESIAN_POINT('Ctrl Pts',(12.4214349906022,7.1832935054729,-60.5469128944145));
#1997=CARTESIAN_POINT('Ctrl Pts',(11.3354299237081,7.82164826926951,-60.7882502168177));
#1998=CARTESIAN_POINT('Ctrl Pts',(10.3071219919938,8.34788253538285,-60.9878964646175));
#1999=CARTESIAN_POINT('Ctrl Pts',(9.15117954132604,8.87899256129203,-61.1905195456453));
#2000=CARTESIAN_POINT('Ctrl Pts',(7.6559881759548,9.45641988392229,-61.4136653973545));
#2001=CARTESIAN_POINT('Ctrl Pts',(5.59329336182014,10.0335978962018,-61.6453870368));
#2002=CARTESIAN_POINT('Ctrl Pts',(3.76833363898213,10.3761096687177,-61.7926277698075));
#2003=CARTESIAN_POINT('Ctrl Pts',(2.01902259078514,10.5553890058076,-61.8828730250026));
#2004=CARTESIAN_POINT('Ctrl Pts',(0.371322805788312,10.6242361985898,-61.933847561151));
#2005=CARTESIAN_POINT('Ctrl Pts',(-1.71087812256427,10.554104906706,-61.9449909977587));
#2006=CARTESIAN_POINT('Ctrl Pts',(-4.28031481398587,10.195701058636,-61.8673346050885));
#2007=CARTESIAN_POINT('Ctrl Pts',(-6.60455872967359,9.59328456967495,-61.7049123679754));
#2008=CARTESIAN_POINT('Ctrl Pts',(-8.42285320082113,8.93779089813519,-61.5178982118661));
#2009=CARTESIAN_POINT('Ctrl Pts',(-10.2759124854803,8.12131410104266,-61.2795435709068));
#2010=CARTESIAN_POINT('Ctrl Pts',(-12.0382590562424,7.13398626556201,-60.9856332558676));
#2011=CARTESIAN_POINT('Ctrl Pts',(-13.5789597863129,6.07868544194233,-60.6674823122549));
#2012=CARTESIAN_POINT('Ctrl Pts',(-14.4564602647383,5.37804403027028,-60.4539067213283));
#2013=CARTESIAN_POINT('Ctrl Pts',(-14.961301605301,4.94558975470122,-60.3211398979731));
#2014=CARTESIAN_POINT('Ctrl Pts',(-15.2780581377543,4.6660167808828,-60.2350368993837));
#2015=CARTESIAN_POINT('Ctrl Pts',(-15.7848315835214,4.19905413376386,-60.090502309669));
#2016=CARTESIAN_POINT('Ctrl Pts',(-16.3947553131676,3.59050116699889,-59.9000495265099));
#2017=CARTESIAN_POINT('Ctrl Pts',(-16.8442366079348,3.10162369928211,-59.7444313474645));
#2018=CARTESIAN_POINT('Ctrl Pts',(-17.2022100636796,2.69426698293776,-59.613207137934));
#2019=CARTESIAN_POINT('Ctrl Pts',(-17.5289160178033,2.30792033140048,-59.4874411968772));
#2020=CARTESIAN_POINT('Ctrl Pts',(-17.9167300686293,1.82121259611503,-59.325808592391));
#2021=CARTESIAN_POINT('Ctrl Pts',(-18.518799739463,1.01750364048779,-59.0520584593391));
#2022=CARTESIAN_POINT('Ctrl Pts',(-19.0048345805938,0.28745539123889,-58.7879668121486));
#2023=CARTESIAN_POINT('Ctrl Pts',(-19.3621249340064,-0.294534583711238,
-58.5613945748057));
#2024=CARTESIAN_POINT('Ctrl Pts',(-19.5415433788231,-0.598739645632633,
-58.4380497736941));
#2025=CARTESIAN_POINT('Ctrl Pts',(-19.6241945505658,-0.742202512994256,
-58.37820153071));
#2026=CARTESIAN_POINT('Ctrl Pts',(-19.6638967471076,-0.811926255284994,
-58.3486914443482));
#2027=CARTESIAN_POINT('Ctrl Pts',(14.3740004066626,6.45589347696021,-57.4820831790626));
#2028=CARTESIAN_POINT('Ctrl Pts',(14.3212225961445,6.49736217619122,-57.4998962178966));
#2029=CARTESIAN_POINT('Ctrl Pts',(14.2135365532083,6.58134447915829,-57.5356691613921));
#2030=CARTESIAN_POINT('Ctrl Pts',(13.9890969135226,6.75371598162193,-57.6077301340337));
#2031=CARTESIAN_POINT('Ctrl Pts',(13.5702612410666,7.06673503883474,-57.7352368947358));
#2032=CARTESIAN_POINT('Ctrl Pts',(13.0277643081302,7.45191653742281,-57.8848863163101));
#2033=CARTESIAN_POINT('Ctrl Pts',(12.0790267239518,8.07266086748029,-58.1165182619516));
#2034=CARTESIAN_POINT('Ctrl Pts',(11.0592869926901,8.68018063659573,-58.3335780763569));
#2035=CARTESIAN_POINT('Ctrl Pts',(9.79225553225893,9.30052054176269,-58.5522309610759));
#2036=CARTESIAN_POINT('Ctrl Pts',(8.9173769901266,9.68213224189275,-58.6878570397493));
#2037=CARTESIAN_POINT('Ctrl Pts',(8.04313152500864,10.0260104928541,-58.8117436796946));
#2038=CARTESIAN_POINT('Ctrl Pts',(7.08756408695443,10.3470942811944,-58.9313049455021));
#2039=CARTESIAN_POINT('Ctrl Pts',(6.21697185031103,10.5950266529614,-59.0279017075806));
#2040=CARTESIAN_POINT('Ctrl Pts',(5.26351953255571,10.8326817869999,-59.1244922883229));
#2041=CARTESIAN_POINT('Ctrl Pts',(4.07555606589781,11.0688764768403,-59.228847624673));
#2042=CARTESIAN_POINT('Ctrl Pts',(2.51413691057919,11.2636434360732,-59.3348914381561));
#2043=CARTESIAN_POINT('Ctrl Pts',(1.18460141387201,11.3434892445021,-59.4016143445925));
#2044=CARTESIAN_POINT('Ctrl Pts',(-0.0532826509683123,11.3440590108644,
-59.4428179155994));
#2045=CARTESIAN_POINT('Ctrl Pts',(-1.19914148890245,11.2960531452051,-59.4668743383929));
#2046=CARTESIAN_POINT('Ctrl Pts',(-2.62188446914972,11.1613601591615,-59.4745547774098));
#2047=CARTESIAN_POINT('Ctrl Pts',(-4.35300262273705,10.8721598170972,-59.4459330382643));
#2048=CARTESIAN_POINT('Ctrl Pts',(-5.91716568136319,10.4863836327513,-59.3819001296214));
#2049=CARTESIAN_POINT('Ctrl Pts',(-7.15472706355995,10.1004800704833,-59.3066010581794));
#2050=CARTESIAN_POINT('Ctrl Pts',(-8.43460680116077,9.63692913468592,-59.2092331700834));
#2051=CARTESIAN_POINT('Ctrl Pts',(-9.68889608224931,9.09184004701133,-59.0865913560538));
#2052=CARTESIAN_POINT('Ctrl Pts',(-10.8328335884132,8.51129944507045,-58.9497647427082));
#2053=CARTESIAN_POINT('Ctrl Pts',(-11.5132127761884,8.12238227127702,-58.854966410868));
#2054=CARTESIAN_POINT('Ctrl Pts',(-11.9148181000285,7.88035997151772,-58.7949824203499));
#2055=CARTESIAN_POINT('Ctrl Pts',(-12.1695876760734,7.72329553125362,-58.7557758204391));
#2056=CARTESIAN_POINT('Ctrl Pts',(-12.5839459006601,7.45916785601034,-58.6891263945239));
#2057=CARTESIAN_POINT('Ctrl Pts',(-13.0994892833801,7.10991471640107,-58.5990924336146));
#2058=CARTESIAN_POINT('Ctrl Pts',(-13.4951824287377,6.8235563003487,-58.5231494018044));
#2059=CARTESIAN_POINT('Ctrl Pts',(-13.8183250086794,6.58234239719333,-58.4580824110396));
#2060=CARTESIAN_POINT('Ctrl Pts',(-14.1191289775327,6.35089063719613,-58.39466303177));
#2061=CARTESIAN_POINT('Ctrl Pts',(-14.4887431804295,6.05394115866317,-58.3110835266836));
#2062=CARTESIAN_POINT('Ctrl Pts',(-15.0850164779879,5.55322416647036,-58.1655675617805));
#2063=CARTESIAN_POINT('Ctrl Pts',(-15.6048241939285,5.07670405249742,-58.0167999168798));
#2064=CARTESIAN_POINT('Ctrl Pts',(-16.0132598844151,4.68122625563516,-57.8833249126774));
#2065=CARTESIAN_POINT('Ctrl Pts',(-16.2252714105943,4.46999174621816,-57.8089991030364));
#2066=CARTESIAN_POINT('Ctrl Pts',(-16.3249356376752,4.36893668868624,-57.7724015817919));
#2067=CARTESIAN_POINT('Ctrl Pts',(-16.3734002788525,4.31951660220046,-57.7542634923065));
#2068=CARTESIAN_POINT('Ctrl Pts',(11.4253095002422,8.52980802121126,-56.7782162534609));
#2069=CARTESIAN_POINT('Ctrl Pts',(11.3678929506121,8.56189108723845,-56.7910561775502));
#2070=CARTESIAN_POINT('Ctrl Pts',(11.2510308702535,8.62665744924903,-56.8167247665345));
#2071=CARTESIAN_POINT('Ctrl Pts',(11.0089648653923,8.7585894734265,-56.8680069048292));
#2072=CARTESIAN_POINT('Ctrl Pts',(10.5618552636333,8.99550580994454,-56.9575737537036));
#2073=CARTESIAN_POINT('Ctrl Pts',(9.99277065557326,9.28012483504267,-57.0595432184478));
#2074=CARTESIAN_POINT('Ctrl Pts',(9.024342426018,9.72558739275967,-57.212068472706));
#2075=CARTESIAN_POINT('Ctrl Pts',(8.01154586413237,10.1439151759858,-57.3474883161042));
#2076=CARTESIAN_POINT('Ctrl Pts',(6.81612801346711,10.5433892221184,-57.4738468792478));
#2077=CARTESIAN_POINT('Ctrl Pts',(6.01206406255493,10.7795418016769,-57.5491364691072));
#2078=CARTESIAN_POINT('Ctrl Pts',(5.22544091177889,10.9842772238261,-57.6155117674091));
#2079=CARTESIAN_POINT('Ctrl Pts',(4.39000267150177,11.1639278965986,-57.6767074349065));
#2080=CARTESIAN_POINT('Ctrl Pts',(3.64842136622629,11.2944632089309,-57.7247103878927));
#2081=CARTESIAN_POINT('Ctrl Pts',(2.85072249778343,11.4130232293572,-57.7718824273298));
#2082=CARTESIAN_POINT('Ctrl Pts',(1.8822212521553,11.5176731419719,-57.8215067159748));
#2083=CARTESIAN_POINT('Ctrl Pts',(0.654893831325694,11.5796197137881,-57.8720957548947));
#2084=CARTESIAN_POINT('Ctrl Pts',(-0.358727922633548,11.5788620972843,-57.9053950834707));
#2085=CARTESIAN_POINT('Ctrl Pts',(-1.27898498155828,11.5351792666607,-57.928884361305));
#2086=CARTESIAN_POINT('Ctrl Pts',(-2.1173026875808,11.4673171678401,-57.945904680784));
#2087=CARTESIAN_POINT('Ctrl Pts',(-3.14004295432809,11.341828276667,-57.9599778920772));
#2088=CARTESIAN_POINT('Ctrl Pts',(-4.36361898061863,11.1223173664293,-57.9655383062866));
#2089=CARTESIAN_POINT('Ctrl Pts',(-5.46123484804001,10.8577141660319,-57.9585316787955));
#2090=CARTESIAN_POINT('Ctrl Pts',(-6.3334387377445,10.6040630849186,-57.9442600434656));
#2091=CARTESIAN_POINT('Ctrl Pts',(-7.24321078030064,10.3049856915524,-57.9217211382539));
#2092=CARTESIAN_POINT('Ctrl Pts',(-8.15218250932121,9.95762199145487,-57.8871998921038));
#2093=CARTESIAN_POINT('Ctrl Pts',(-9.00594095572088,9.58659132695772,-57.8414361609257));
#2094=CARTESIAN_POINT('Ctrl Pts',(-9.52950208339033,9.3356599398571,-57.8052989488346));
#2095=CARTESIAN_POINT('Ctrl Pts',(-9.8437851862251,9.1780734608366,-57.7808239854887));
#2096=CARTESIAN_POINT('Ctrl Pts',(-10.0446499552599,9.0754535922673,-57.764410502505));
#2097=CARTESIAN_POINT('Ctrl Pts',(-10.3751612335052,8.90201756462976,-57.7354749334703));
#2098=CARTESIAN_POINT('Ctrl Pts',(-10.7958960346996,8.67019593913214,-57.6936874876006));
#2099=CARTESIAN_POINT('Ctrl Pts',(-11.1279522589114,8.47732163397233,-57.6557143429614));
#2100=CARTESIAN_POINT('Ctrl Pts',(-11.4029719521363,8.31313024260707,-57.62178191962));
#2101=CARTESIAN_POINT('Ctrl Pts',(-11.6626831686735,8.15451001984356,-57.5877059148509));
#2102=CARTESIAN_POINT('Ctrl Pts',(-11.9887455387383,7.94828604934316,-57.5405524928175));
#2103=CARTESIAN_POINT('Ctrl Pts',(-12.5272273023136,7.59536969185053,-57.4543615251162));
#2104=CARTESIAN_POINT('Ctrl Pts',(-13.0209133184126,7.24996681282411,-57.3588830572956));
#2105=CARTESIAN_POINT('Ctrl Pts',(-13.4230516198203,6.95510379335289,-57.2676459244968));
#2106=CARTESIAN_POINT('Ctrl Pts',(-13.635926618155,6.79555983580819,-57.2155206965511));
#2107=CARTESIAN_POINT('Ctrl Pts',(-13.7372855485837,6.71858526390164,-57.1894685844172));
#2108=CARTESIAN_POINT('Ctrl Pts',(-13.7867808574771,6.68076404041704,-57.1764458451929));
#2109=CARTESIAN_POINT('',(-13.786780857477,6.68076404041715,-57.176445845193));
#2110=CARTESIAN_POINT('Origin',(-1.22020925256717,-8.19838545660408,-52.6275791353445));
#2111=CARTESIAN_POINT('Ctrl Pts',(-13.7867808574771,6.68076404041704,-57.1764458451929));
#2112=CARTESIAN_POINT('Ctrl Pts',(-13.7372855485837,6.71858526390164,-57.1894685844172));
#2113=CARTESIAN_POINT('Ctrl Pts',(-13.635926618155,6.79555983580819,-57.2155206965511));
#2114=CARTESIAN_POINT('Ctrl Pts',(-13.4230516198203,6.95510379335289,-57.2676459244968));
#2115=CARTESIAN_POINT('Ctrl Pts',(-13.0209133184126,7.24996681282411,-57.3588830572956));
#2116=CARTESIAN_POINT('Ctrl Pts',(-12.5272273023136,7.59536969185053,-57.4543615251162));
#2117=CARTESIAN_POINT('Ctrl Pts',(-11.9887455387383,7.94828604934316,-57.5405524928175));
#2118=CARTESIAN_POINT('Ctrl Pts',(-11.6626831686735,8.15451001984356,-57.5877059148509));
#2119=CARTESIAN_POINT('Ctrl Pts',(-11.4029719521363,8.31313024260707,-57.62178191962));
#2120=CARTESIAN_POINT('Ctrl Pts',(-11.1279522589114,8.47732163397233,-57.6557143429614));
#2121=CARTESIAN_POINT('Ctrl Pts',(-10.7958960346996,8.67019593913214,-57.6936874876006));
#2122=CARTESIAN_POINT('Ctrl Pts',(-10.3751612335052,8.90201756462976,-57.7354749334703));
#2123=CARTESIAN_POINT('Ctrl Pts',(-10.0446499552599,9.0754535922673,-57.764410502505));
#2124=CARTESIAN_POINT('Ctrl Pts',(-9.8437851862251,9.1780734608366,-57.7808239854887));
#2125=CARTESIAN_POINT('Ctrl Pts',(-9.52950208339033,9.3356599398571,-57.8052989488346));
#2126=CARTESIAN_POINT('Ctrl Pts',(-9.00594095572088,9.58659132695772,-57.8414361609257));
#2127=CARTESIAN_POINT('Ctrl Pts',(-8.15218250932121,9.95762199145487,-57.8871998921038));
#2128=CARTESIAN_POINT('Ctrl Pts',(-7.24321078030064,10.3049856915524,-57.9217211382539));
#2129=CARTESIAN_POINT('Ctrl Pts',(-6.3334387377445,10.6040630849186,-57.9442600434656));
#2130=CARTESIAN_POINT('Ctrl Pts',(-5.46123484804001,10.8577141660319,-57.9585316787955));
#2131=CARTESIAN_POINT('Ctrl Pts',(-4.36361898061863,11.1223173664293,-57.9655383062866));
#2132=CARTESIAN_POINT('Ctrl Pts',(-3.14004295432809,11.341828276667,-57.9599778920772));
#2133=CARTESIAN_POINT('Ctrl Pts',(-2.1173026875808,11.4673171678401,-57.945904680784));
#2134=CARTESIAN_POINT('Ctrl Pts',(-1.27898498155828,11.5351792666607,-57.928884361305));
#2135=CARTESIAN_POINT('Ctrl Pts',(-0.358727922633548,11.5788620972843,-57.9053950834707));
#2136=CARTESIAN_POINT('Ctrl Pts',(0.654893831325694,11.5796197137881,-57.8720957548947));
#2137=CARTESIAN_POINT('Ctrl Pts',(1.8822212521553,11.5176731419719,-57.8215067159748));
#2138=CARTESIAN_POINT('Ctrl Pts',(2.85072249778343,11.4130232293572,-57.7718824273298));
#2139=CARTESIAN_POINT('Ctrl Pts',(3.64842136622629,11.2944632089309,-57.7247103878927));
#2140=CARTESIAN_POINT('Ctrl Pts',(4.39000267150177,11.1639278965986,-57.6767074349065));
#2141=CARTESIAN_POINT('Ctrl Pts',(5.22544091177889,10.9842772238261,-57.6155117674091));
#2142=CARTESIAN_POINT('Ctrl Pts',(6.01206406255493,10.7795418016769,-57.5491364691072));
#2143=CARTESIAN_POINT('Ctrl Pts',(6.81612801346711,10.5433892221184,-57.4738468792478));
#2144=CARTESIAN_POINT('Ctrl Pts',(8.01154586413237,10.1439151759858,-57.3474883161042));
#2145=CARTESIAN_POINT('Ctrl Pts',(9.024342426018,9.72558739275967,-57.212068472706));
#2146=CARTESIAN_POINT('Ctrl Pts',(9.99277065557326,9.28012483504267,-57.0595432184478));
#2147=CARTESIAN_POINT('Ctrl Pts',(10.5618552636333,8.99550580994454,-56.9575737537036));
#2148=CARTESIAN_POINT('Ctrl Pts',(11.0089648653923,8.7585894734265,-56.8680069048292));
#2149=CARTESIAN_POINT('Ctrl Pts',(11.2510308702535,8.62665744924903,-56.8167247665345));
#2150=CARTESIAN_POINT('Ctrl Pts',(11.3678929506121,8.56189108723845,-56.7910561775502));
#2151=CARTESIAN_POINT('Ctrl Pts',(11.4253095002422,8.52980802121126,-56.7782162534609));
#2152=CARTESIAN_POINT('Ctrl Pts',(14.9813442537457,0.357551986216216,-64.6053003638704));
#2153=CARTESIAN_POINT('Ctrl Pts',(14.7000506523288,0.678934910898238,-64.7441022250009));
#2154=CARTESIAN_POINT('Ctrl Pts',(13.8506024747762,1.58687664003231,-65.1341852790898));
#2155=CARTESIAN_POINT('Ctrl Pts',(12.0582754236202,3.16858733311718,-65.8046641621635));
#2156=CARTESIAN_POINT('Ctrl Pts',(9.57268154026095,4.74523819783198,-66.4645266406349));
#2157=CARTESIAN_POINT('Ctrl Pts',(6.93129540174249,5.88841378731609,-66.9423577663069));
#2158=CARTESIAN_POINT('Ctrl Pts',(4.29419931614441,6.68609871830398,-67.2783483913436));
#2159=CARTESIAN_POINT('Ctrl Pts',(0.767407908247064,7.2172365490388,-67.5111811878474));
#2160=CARTESIAN_POINT('Ctrl Pts',(-3.76362207456081,6.95759734566278,-67.4366541896047));
#2161=CARTESIAN_POINT('Ctrl Pts',(-7.8193007630201,5.75113019551655,-66.9863211365147));
#2162=CARTESIAN_POINT('Ctrl Pts',(-10.8159466910914,4.19391085599945,-66.389386357413));
#2163=CARTESIAN_POINT('Ctrl Pts',(-13.3374952154418,2.38587315565698,-65.6868513105393));
#2164=CARTESIAN_POINT('Ctrl Pts',(-14.6209503673115,1.1031622780244,-65.1807757319743));
#2165=CARTESIAN_POINT('Ctrl Pts',(-15.2664446261113,0.357693524734489,-64.8841088568813));
#2166=CARTESIAN_POINT('Ctrl Pts',(-18.4552329835605,0.356856524110023,-58.0830160237638));
#2167=CARTESIAN_POINT('Ctrl Pts',(-18.8326899305893,-0.198665528815817,
-57.7617119949723));
#2168=CARTESIAN_POINT('Ctrl Pts',(-19.4735737377958,-1.1927840424554,-57.1311448385611));
#2169=CARTESIAN_POINT('Ctrl Pts',(-20.3450011172604,-2.54749626574715,-56.081069163256));
#2170=CARTESIAN_POINT('Ctrl Pts',(-20.8435183557969,-3.23536980040231,-55.3774055758966));
#2171=CARTESIAN_POINT('Ctrl Pts',(-21.1282765611777,-3.58005868059992,-54.9704031512891));
#2172=CARTESIAN_POINT('Ctrl Pts',(-17.3188862948495,2.75078566846596,-57.9188346783647));
#2173=CARTESIAN_POINT('Ctrl Pts',(-17.8490497356452,2.07818396850766,-57.6100673192699));
#2174=CARTESIAN_POINT('Ctrl Pts',(-18.7344368091281,0.851804090111695,-57.0026712513542));
#2175=CARTESIAN_POINT('Ctrl Pts',(-19.8844363419465,-0.867622706570228,
-55.9849637174978));
#2176=CARTESIAN_POINT('Ctrl Pts',(-20.4973278777195,-1.76936139757404,-55.2985937839214));
#2177=CARTESIAN_POINT('Ctrl Pts',(-20.8350187448524,-2.22755803820549,-54.9002701864269));
#2178=CARTESIAN_POINT('Ctrl Pts',(-15.721490741946,4.91462530325214,-57.6086352519741));
#2179=CARTESIAN_POINT('Ctrl Pts',(-16.459465217486,4.1714568846859,-57.3236022829949));
#2180=CARTESIAN_POINT('Ctrl Pts',(-17.6821667578507,2.77766546157817,-56.7598437822955));
#2181=CARTESIAN_POINT('Ctrl Pts',(-19.224699992086,0.754610956967251,-55.8034606919534));
#2182=CARTESIAN_POINT('Ctrl Pts',(-20.0010854477875,-0.342388700032145,
-55.1494407129105));
#2183=CARTESIAN_POINT('Ctrl Pts',(-20.4151615253358,-0.905796692331283,
-54.7675555186297));
#2184=CARTESIAN_POINT('Ctrl Pts',(-13.7867808574758,6.68076404041805,-57.1764458451933));
#2185=CARTESIAN_POINT('Ctrl Pts',(-14.755890943537,5.94023064512102,-56.9214627323987));
#2186=CARTESIAN_POINT('Ctrl Pts',(-16.3686513715916,4.48671754427891,-56.414864922558));
#2187=CARTESIAN_POINT('Ctrl Pts',(-18.3856330387734,2.26720868578999,-55.5422390507089));
#2188=CARTESIAN_POINT('Ctrl Pts',(-19.367025619921,1.00993653090995,-54.9336481760071));
#2189=CARTESIAN_POINT('Ctrl Pts',(-19.8777162565646,0.356856524110015,-54.5751075896736));
#2190=CARTESIAN_POINT('Ctrl Pts',(-19.8777162565646,0.356856524110015,-54.5751075896736));
#2191=CARTESIAN_POINT('Ctrl Pts',(-19.367025619921,1.00993653090995,-54.9336481760071));
#2192=CARTESIAN_POINT('Ctrl Pts',(-18.3856330387734,2.26720868578999,-55.5422390507089));
#2193=CARTESIAN_POINT('Ctrl Pts',(-16.3686513715916,4.48671754427891,-56.414864922558));
#2194=CARTESIAN_POINT('Ctrl Pts',(-14.755890943537,5.94023064512102,-56.9214627323987));
#2195=CARTESIAN_POINT('Ctrl Pts',(-13.7867808574758,6.68076404041805,-57.1764458451933));
#2196=CARTESIAN_POINT('Origin',(0.,-9.64314512991878,-60.3606525420869));
#2197=CARTESIAN_POINT('Origin',(-0.241476146343351,-1.41013377393364,-34.9017903515577));
#2198=CARTESIAN_POINT('Origin',(0.,-9.64314512991878,-56.186287241933));
#2199=CARTESIAN_POINT('Origin',(-0.241476146343352,-8.62580596163175,-56.4588824505041));
#2200=CARTESIAN_POINT('Origin',(-0.241476146343351,-1.11342370521911,-34.0865861376398));
#2201=CARTESIAN_POINT('Origin',(-0.241476146343352,-8.62580596163175,-56.4588824505041));
#2202=CARTESIAN_POINT('Origin',(-0.241592264189954,-32.5805129693567,-50.04023805286));
#2203=UNCERTAINTY_MEASURE_WITH_UNIT(LENGTH_MEASURE(0.01),#2207,
'DISTANCE_ACCURACY_VALUE',
'Maximum model space distance between geometric entities at asserted c
onnectivities');
#2204=UNCERTAINTY_MEASURE_WITH_UNIT(LENGTH_MEASURE(0.01),#2207,
'DISTANCE_ACCURACY_VALUE',
'Maximum model space distance between geometric entities at asserted c
onnectivities');
#2205=(
GEOMETRIC_REPRESENTATION_CONTEXT(3)
GLOBAL_UNCERTAINTY_ASSIGNED_CONTEXT((#2203))
GLOBAL_UNIT_ASSIGNED_CONTEXT((#2207,#2209,#2210))
REPRESENTATION_CONTEXT('','3D')
);
#2206=(
GEOMETRIC_REPRESENTATION_CONTEXT(3)
GLOBAL_UNCERTAINTY_ASSIGNED_CONTEXT((#2204))
GLOBAL_UNIT_ASSIGNED_CONTEXT((#2207,#2209,#2210))
REPRESENTATION_CONTEXT('','3D')
);
#2207=(
LENGTH_UNIT()
NAMED_UNIT(*)
SI_UNIT(.MILLI.,.METRE.)
);
#2208=(
LENGTH_UNIT()
NAMED_UNIT(*)
SI_UNIT($,.METRE.)
);
#2209=(
NAMED_UNIT(*)
PLANE_ANGLE_UNIT()
SI_UNIT($,.RADIAN.)
);
#2210=(
NAMED_UNIT(*)
SI_UNIT($,.STERADIAN.)
SOLID_ANGLE_UNIT()
);
#2211=SHAPE_DEFINITION_REPRESENTATION(#2212,#2213);
#2212=PRODUCT_DEFINITION_SHAPE('',$,#2215);
#2213=SHAPE_REPRESENTATION('',(#669),#2205);
#2214=PRODUCT_DEFINITION_CONTEXT('part definition',#2219,'design');
#2215=PRODUCT_DEFINITION('2026-06-02-15-20-12-670','Component2',#2216,#2214);
#2216=PRODUCT_DEFINITION_FORMATION('',$,#2221);
#2217=PRODUCT_RELATED_PRODUCT_CATEGORY('Component2','Component2',(#2221));
#2218=APPLICATION_PROTOCOL_DEFINITION('international standard',
'automotive_design',2009,#2219);
#2219=APPLICATION_CONTEXT(
'Core Data for Automotive Mechanical Design Process');
#2220=PRODUCT_CONTEXT('part definition',#2219,'mechanical');
#2221=PRODUCT('2026-06-02-15-20-12-670','Component2',$,(#2220));
#2222=PRESENTATION_STYLE_ASSIGNMENT((#2223));
#2223=SURFACE_STYLE_USAGE(.BOTH.,#2224);
#2224=SURFACE_SIDE_STYLE('',(#2225));
#2225=SURFACE_STYLE_FILL_AREA(#2226);
#2226=FILL_AREA_STYLE('Steel - Satin',(#2227));
#2227=FILL_AREA_STYLE_COLOUR('Steel - Satin',#2228);
#2228=COLOUR_RGB('Steel - Satin',0.627450980392157,0.627450980392157,0.627450980392157);
ENDSEC;
END-ISO-10303-21;
