ISO-10303-21;
HEADER;
/* Generated by software containing ST-Developer
 * from STEP Tools, Inc. (www.steptools.com) 
 */

FILE_DESCRIPTION(
/* description */ (''),
/* implementation_level */ '2;1');

FILE_NAME(
/* name */ 'Nachzerer_Canopy_holder_V4.step',
/* time_stamp */ '2026-10-01T17:12:51+03:00',
/* author */ (''),
/* organization */ (''),
/* preprocessor_version */ 'ST-DEVELOPER v20.2',
/* originating_system */ 'Autodesk Translation Framework v15.15.0.0',
/* authorisation */ '');

FILE_SCHEMA (('AUTOMOTIVE_DESIGN { 1 0 10303 214 3 1 1 }'));
ENDSEC;

DATA;
#10=MECHANICAL_DESIGN_GEOMETRIC_PRESENTATION_REPRESENTATION('',(#13),#11577);
#11=SHAPE_REPRESENTATION_RELATIONSHIP('SRR','None',#11584,#12);
#12=ADVANCED_BREP_SHAPE_REPRESENTATION('',(#14),#11576);
#13=STYLED_ITEM('',(#11594),#14);
#14=MANIFOLD_SOLID_BREP('Body4',#5109);
#15=TOROIDAL_SURFACE('',#5405,13.070467677926,1.);
#16=TOROIDAL_SURFACE('',#5409,13.070467677926,1.);
#17=TOROIDAL_SURFACE('',#5413,13.070467677926,1.);
#18=TOROIDAL_SURFACE('',#5416,29.,15.);
#19=TOROIDAL_SURFACE('',#5419,13.070467677926,1.);
#20=TOROIDAL_SURFACE('',#5441,29.,15.);
#21=TOROIDAL_SURFACE('',#5444,29.,15.);
#22=TOROIDAL_SURFACE('',#5658,29.,15.);
#23=FACE_BOUND('',#1073,.T.);
#24=FACE_BOUND('',#1074,.T.);
#25=FACE_BOUND('',#1075,.T.);
#26=FACE_BOUND('',#1076,.T.);
#27=FACE_BOUND('',#1077,.T.);
#28=FACE_BOUND('',#1087,.T.);
#29=FACE_BOUND('',#1088,.T.);
#30=FACE_BOUND('',#1089,.T.);
#31=FACE_BOUND('',#1090,.T.);
#32=FACE_BOUND('',#1091,.T.);
#33=FACE_BOUND('',#1101,.T.);
#34=FACE_BOUND('',#1102,.T.);
#35=FACE_BOUND('',#1103,.T.);
#36=FACE_BOUND('',#1104,.T.);
#37=FACE_BOUND('',#1105,.T.);
#38=FACE_BOUND('',#1115,.T.);
#39=FACE_BOUND('',#1116,.T.);
#40=FACE_BOUND('',#1117,.T.);
#41=FACE_BOUND('',#1118,.T.);
#42=FACE_BOUND('',#1119,.T.);
#43=FACE_BOUND('',#1143,.T.);
#44=FACE_BOUND('',#1150,.T.);
#45=FACE_BOUND('',#1176,.T.);
#46=FACE_BOUND('',#1183,.T.);
#47=FACE_BOUND('',#1190,.T.);
#48=FACE_BOUND('',#1200,.T.);
#49=FACE_BOUND('',#1295,.T.);
#50=FACE_BOUND('',#1296,.T.);
#51=FACE_BOUND('',#1297,.T.);
#52=FACE_BOUND('',#1298,.T.);
#53=FACE_BOUND('',#1299,.T.);
#54=FACE_BOUND('',#1300,.T.);
#55=FACE_BOUND('',#1301,.T.);
#56=FACE_BOUND('',#1302,.T.);
#57=FACE_BOUND('',#1303,.T.);
#58=FACE_BOUND('',#1304,.T.);
#59=FACE_BOUND('',#1305,.T.);
#60=FACE_BOUND('',#1306,.T.);
#61=FACE_BOUND('',#1307,.T.);
#62=FACE_BOUND('',#1308,.T.);
#63=FACE_BOUND('',#1309,.T.);
#64=FACE_BOUND('',#1310,.T.);
#65=FACE_BOUND('',#1311,.T.);
#66=FACE_BOUND('',#1312,.T.);
#67=FACE_BOUND('',#1313,.T.);
#68=FACE_BOUND('',#1314,.T.);
#69=FACE_BOUND('',#1315,.T.);
#70=FACE_BOUND('',#1316,.T.);
#71=FACE_BOUND('',#1317,.T.);
#72=CYLINDRICAL_SURFACE('',#5135,9.25);
#73=CYLINDRICAL_SURFACE('',#5147,32.);
#74=CYLINDRICAL_SURFACE('',#5151,32.);
#75=CYLINDRICAL_SURFACE('',#5155,2.75);
#76=CYLINDRICAL_SURFACE('',#5158,4.15);
#77=CYLINDRICAL_SURFACE('',#5161,2.75);
#78=CYLINDRICAL_SURFACE('',#5164,4.15);
#79=CYLINDRICAL_SURFACE('',#5167,2.75);
#80=CYLINDRICAL_SURFACE('',#5170,2.75);
#81=CYLINDRICAL_SURFACE('',#5173,27.75);
#82=CYLINDRICAL_SURFACE('',#5180,27.75);
#83=CYLINDRICAL_SURFACE('',#5187,27.75);
#84=CYLINDRICAL_SURFACE('',#5194,27.75);
#85=CYLINDRICAL_SURFACE('',#5215,5.);
#86=CYLINDRICAL_SURFACE('',#5219,7.25);
#87=CYLINDRICAL_SURFACE('',#5226,6.25);
#88=CYLINDRICAL_SURFACE('',#5228,5.);
#89=CYLINDRICAL_SURFACE('',#5235,32.);
#90=CYLINDRICAL_SURFACE('',#5236,32.);
#91=CYLINDRICAL_SURFACE('',#5241,32.);
#92=CYLINDRICAL_SURFACE('',#5252,5.);
#93=CYLINDRICAL_SURFACE('',#5254,7.25);
#94=CYLINDRICAL_SURFACE('',#5271,5.);
#95=CYLINDRICAL_SURFACE('',#5273,7.25);
#96=CYLINDRICAL_SURFACE('',#5289,7.25);
#97=CYLINDRICAL_SURFACE('',#5298,5.);
#98=CYLINDRICAL_SURFACE('',#5312,1.6);
#99=CYLINDRICAL_SURFACE('',#5316,1.6);
#100=CYLINDRICAL_SURFACE('',#5320,1.6);
#101=CYLINDRICAL_SURFACE('',#5324,1.6);
#102=CYLINDRICAL_SURFACE('',#5338,1.6);
#103=CYLINDRICAL_SURFACE('',#5342,1.6);
#104=CYLINDRICAL_SURFACE('',#5346,1.6);
#105=CYLINDRICAL_SURFACE('',#5350,1.6);
#106=CYLINDRICAL_SURFACE('',#5364,1.6);
#107=CYLINDRICAL_SURFACE('',#5368,1.6);
#108=CYLINDRICAL_SURFACE('',#5372,1.6);
#109=CYLINDRICAL_SURFACE('',#5376,1.6);
#110=CYLINDRICAL_SURFACE('',#5390,1.6);
#111=CYLINDRICAL_SURFACE('',#5394,1.6);
#112=CYLINDRICAL_SURFACE('',#5398,1.6);
#113=CYLINDRICAL_SURFACE('',#5402,1.6);
#114=CYLINDRICAL_SURFACE('',#5435,4.15);
#115=CYLINDRICAL_SURFACE('',#5448,4.15);
#116=CYLINDRICAL_SURFACE('',#5450,4.15);
#117=CYLINDRICAL_SURFACE('',#5452,4.15);
#118=CYLINDRICAL_SURFACE('',#5454,10.);
#119=CYLINDRICAL_SURFACE('',#5455,5.);
#120=CYLINDRICAL_SURFACE('',#5456,5.);
#121=CYLINDRICAL_SURFACE('',#5457,10.);
#122=CYLINDRICAL_SURFACE('',#5463,30.);
#123=CYLINDRICAL_SURFACE('',#5467,30.);
#124=CYLINDRICAL_SURFACE('',#5473,30.);
#125=CYLINDRICAL_SURFACE('',#5484,30.);
#126=CYLINDRICAL_SURFACE('',#5487,30.);
#127=CYLINDRICAL_SURFACE('',#5498,30.);
#128=CYLINDRICAL_SURFACE('',#5501,30.);
#129=CYLINDRICAL_SURFACE('',#5509,30.);
#130=CYLINDRICAL_SURFACE('',#5515,5.25);
#131=CYLINDRICAL_SURFACE('',#5527,10.);
#132=CYLINDRICAL_SURFACE('',#5528,5.);
#133=CYLINDRICAL_SURFACE('',#5529,5.);
#134=CYLINDRICAL_SURFACE('',#5530,10.);
#135=CYLINDRICAL_SURFACE('',#5536,10.);
#136=CYLINDRICAL_SURFACE('',#5537,5.);
#137=CYLINDRICAL_SURFACE('',#5538,5.);
#138=CYLINDRICAL_SURFACE('',#5539,10.);
#139=CYLINDRICAL_SURFACE('',#5542,10.);
#140=CYLINDRICAL_SURFACE('',#5543,10.);
#141=CYLINDRICAL_SURFACE('',#5546,5.);
#142=CYLINDRICAL_SURFACE('',#5547,5.);
#143=CYLINDRICAL_SURFACE('',#5548,3.5);
#144=CYLINDRICAL_SURFACE('',#5550,3.5);
#145=CYLINDRICAL_SURFACE('',#5552,3.5);
#146=CYLINDRICAL_SURFACE('',#5555,10.);
#147=CYLINDRICAL_SURFACE('',#5557,15.5);
#148=CYLINDRICAL_SURFACE('',#5559,10.);
#149=CYLINDRICAL_SURFACE('',#5562,6.99999999999999);
#150=CYLINDRICAL_SURFACE('',#5564,30.);
#151=CYLINDRICAL_SURFACE('',#5569,27.5);
#152=CYLINDRICAL_SURFACE('',#5572,2.);
#153=CYLINDRICAL_SURFACE('',#5575,27.5);
#154=CYLINDRICAL_SURFACE('',#5577,5.25);
#155=CYLINDRICAL_SURFACE('',#5579,27.5);
#156=CYLINDRICAL_SURFACE('',#5582,2.);
#157=CYLINDRICAL_SURFACE('',#5585,27.5);
#158=CYLINDRICAL_SURFACE('',#5587,5.25);
#159=CYLINDRICAL_SURFACE('',#5589,27.5);
#160=CYLINDRICAL_SURFACE('',#5592,2.);
#161=CYLINDRICAL_SURFACE('',#5595,27.5);
#162=CYLINDRICAL_SURFACE('',#5597,5.25);
#163=CYLINDRICAL_SURFACE('',#5599,27.5);
#164=CYLINDRICAL_SURFACE('',#5602,2.);
#165=CYLINDRICAL_SURFACE('',#5605,27.5);
#166=CYLINDRICAL_SURFACE('',#5610,30.);
#167=CYLINDRICAL_SURFACE('',#5612,7.);
#168=CYLINDRICAL_SURFACE('',#5615,10.);
#169=CYLINDRICAL_SURFACE('',#5617,15.5);
#170=CYLINDRICAL_SURFACE('',#5619,10.);
#171=CYLINDRICAL_SURFACE('',#5622,6.99999999999999);
#172=CYLINDRICAL_SURFACE('',#5624,30.);
#173=CYLINDRICAL_SURFACE('',#5626,7.);
#174=CYLINDRICAL_SURFACE('',#5628,7.00000000000001);
#175=CYLINDRICAL_SURFACE('',#5630,5.);
#176=CYLINDRICAL_SURFACE('',#5632,7.00000000000001);
#177=CYLINDRICAL_SURFACE('',#5635,10.);
#178=CYLINDRICAL_SURFACE('',#5637,15.5);
#179=CYLINDRICAL_SURFACE('',#5639,10.);
#180=CYLINDRICAL_SURFACE('',#5642,7.00000000000001);
#181=CYLINDRICAL_SURFACE('',#5644,5.);
#182=CYLINDRICAL_SURFACE('',#5646,7.00000000000001);
#183=CYLINDRICAL_SURFACE('',#5648,3.5);
#184=CYLINDRICAL_SURFACE('',#5651,10.);
#185=CYLINDRICAL_SURFACE('',#5653,15.5);
#186=CYLINDRICAL_SURFACE('',#5655,10.);
#187=B_SPLINE_SURFACE_WITH_KNOTS('',3,3,((#7065,#7066,#7067,#7068,#7069),
(#7070,#7071,#7072,#7073,#7074),(#7075,#7076,#7077,#7078,#7079),(#7080,
#7081,#7082,#7083,#7084)),.UNSPECIFIED.,.F.,.F.,.F.,(4,4),(4,1,4),(0.,1.),
(0.,0.267779269944997,0.624818296538326),.UNSPECIFIED.);
#188=B_SPLINE_SURFACE_WITH_KNOTS('',3,3,((#7113,#7114,#7115,#7116),(#7117,
#7118,#7119,#7120),(#7121,#7122,#7123,#7124),(#7125,#7126,#7127,#7128)),
 .UNSPECIFIED.,.F.,.F.,.F.,(4,4),(4,4),(0.,1.),(0.338701603793965,0.352221891289661),
 .UNSPECIFIED.);
#189=B_SPLINE_SURFACE_WITH_KNOTS('',3,3,((#7251,#7252,#7253,#7254,#7255,
#7256),(#7257,#7258,#7259,#7260,#7261,#7262),(#7263,#7264,#7265,#7266,#7267,
#7268),(#7269,#7270,#7271,#7272,#7273,#7274)),.UNSPECIFIED.,.F.,.F.,.F.,
(4,4),(4,1,1,4),(0.,1.),(0.848786466362639,0.984535503470403,1.12028454057817,
1.32390809623981),.UNSPECIFIED.);
#190=B_SPLINE_SURFACE_WITH_KNOTS('',3,3,((#7308,#7309,#7310,#7311),(#7312,
#7313,#7314,#7315),(#7316,#7317,#7318,#7319),(#7320,#7321,#7322,#7323)),
 .UNSPECIFIED.,.F.,.F.,.F.,(4,4),(4,4),(0.,1.),(2.6258615091926,2.63761002827904),
 .UNSPECIFIED.);
#191=B_SPLINE_SURFACE_WITH_KNOTS('',3,3,((#7332,#7333,#7334,#7335),(#7336,
#7337,#7338,#7339),(#7340,#7341,#7342,#7343),(#7344,#7345,#7346,#7347)),
 .UNSPECIFIED.,.F.,.F.,.F.,(4,4),(4,4),(0.,1.),(0.,1.),.UNSPECIFIED.);
#192=B_SPLINE_SURFACE_WITH_KNOTS('',3,3,((#7368,#7369,#7370,#7371,#7372,
#7373,#7374,#7375,#7376,#7377),(#7378,#7379,#7380,#7381,#7382,#7383,#7384,
#7385,#7386,#7387),(#7388,#7389,#7390,#7391,#7392,#7393,#7394,#7395,#7396,
#7397),(#7398,#7399,#7400,#7401,#7402,#7403,#7404,#7405,#7406,#7407),(#7408,
#7409,#7410,#7411,#7412,#7413,#7414,#7415,#7416,#7417),(#7418,#7419,#7420,
#7421,#7422,#7423,#7424,#7425,#7426,#7427)),.UNSPECIFIED.,.F.,.F.,.F.,(4,
1,1,4),(4,1,1,1,1,1,1,4),(0.,0.285714285714286,0.571428571428571,1.),(2.09979406782297,
2.83137817056336,3.56296227330375,4.29454637604414,5.02613047878453,5.75771458152492,
6.4892986842653,7.22088278700569),.UNSPECIFIED.);
#193=B_SPLINE_SURFACE_WITH_KNOTS('',3,3,((#7790,#7791,#7792,#7793,#7794),
(#7795,#7796,#7797,#7798,#7799),(#7800,#7801,#7802,#7803,#7804),(#7805,
#7806,#7807,#7808,#7809)),.UNSPECIFIED.,.F.,.F.,.F.,(4,4),(4,1,4),(0.,1.),
(1.1401563592993,1.45253856315152,1.86904816828781),.UNSPECIFIED.);
#194=B_SPLINE_SURFACE_WITH_KNOTS('',3,3,((#7854,#7855,#7856,#7857),(#7858,
#7859,#7860,#7861),(#7862,#7863,#7864,#7865),(#7866,#7867,#7868,#7869)),
 .UNSPECIFIED.,.F.,.F.,.F.,(4,4),(4,4),(0.,1.),(0.,1.),.UNSPECIFIED.);
#195=B_SPLINE_SURFACE_WITH_KNOTS('',3,3,((#7933,#7934,#7935,#7936,#7937,
#7938,#7939),(#7940,#7941,#7942,#7943,#7944,#7945,#7946),(#7947,#7948,#7949,
#7950,#7951,#7952,#7953),(#7954,#7955,#7956,#7957,#7958,#7959,#7960)),
 .UNSPECIFIED.,.F.,.F.,.F.,(4,4),(4,1,1,1,4),(0.,1.),(0.761042870671231,
0.878708806811419,1.11404067909179,1.34937255137217,1.58470442365255),
 .UNSPECIFIED.);
#196=B_SPLINE_SURFACE_WITH_KNOTS('',3,3,((#7988,#7989,#7990,#7991),(#7992,
#7993,#7994,#7995),(#7996,#7997,#7998,#7999),(#8000,#8001,#8002,#8003)),
 .UNSPECIFIED.,.F.,.F.,.F.,(4,4),(4,4),(0.,1.),(0.,1.),.UNSPECIFIED.);
#197=B_SPLINE_SURFACE_WITH_KNOTS('',3,3,((#8012,#8013,#8014,#8015,#8016,
#8017,#8018,#8019),(#8020,#8021,#8022,#8023,#8024,#8025,#8026,#8027),(#8028,
#8029,#8030,#8031,#8032,#8033,#8034,#8035),(#8036,#8037,#8038,#8039,#8040,
#8041,#8042,#8043),(#8044,#8045,#8046,#8047,#8048,#8049,#8050,#8051),(#8052,
#8053,#8054,#8055,#8056,#8057,#8058,#8059),(#8060,#8061,#8062,#8063,#8064,
#8065,#8066,#8067)),.UNSPECIFIED.,.F.,.F.,.F.,(4,1,1,1,4),(4,1,1,1,1,4),
(-1.54520493622634E-15,0.254047891709121,0.508095783418244,0.846826305697074,
1.1855568279759),(7.56144482447471,7.83270566949439,8.10396651451408,8.64648820455345,
8.91774904957313,9.4602707396125),.UNSPECIFIED.);
#198=B_SPLINE_SURFACE_WITH_KNOTS('',3,3,((#8093,#8094,#8095,#8096,#8097),
(#8098,#8099,#8100,#8101,#8102),(#8103,#8104,#8105,#8106,#8107),(#8108,
#8109,#8110,#8111,#8112)),.UNSPECIFIED.,.F.,.F.,.F.,(4,4),(4,1,4),(0.,1.),
(1.14015643564255,1.45253864854844,1.8690482657563),.UNSPECIFIED.);
#199=B_SPLINE_SURFACE_WITH_KNOTS('',3,3,((#8157,#8158,#8159,#8160),(#8161,
#8162,#8163,#8164),(#8165,#8166,#8167,#8168),(#8169,#8170,#8171,#8172)),
 .UNSPECIFIED.,.F.,.F.,.F.,(4,4),(4,4),(0.,1.),(0.,1.),.UNSPECIFIED.);
#200=B_SPLINE_SURFACE_WITH_KNOTS('',3,3,((#8236,#8237,#8238,#8239,#8240,
#8241,#8242),(#8243,#8244,#8245,#8246,#8247,#8248,#8249),(#8250,#8251,#8252,
#8253,#8254,#8255,#8256),(#8257,#8258,#8259,#8260,#8261,#8262,#8263)),
 .UNSPECIFIED.,.F.,.F.,.F.,(4,4),(4,1,1,1,4),(0.,1.),(0.761042859100135,
0.878708813053381,1.11404072095987,1.34937262886636,1.58470453677286),
 .UNSPECIFIED.);
#201=B_SPLINE_SURFACE_WITH_KNOTS('',3,3,((#8291,#8292,#8293,#8294),(#8295,
#8296,#8297,#8298),(#8299,#8300,#8301,#8302),(#8303,#8304,#8305,#8306)),
 .UNSPECIFIED.,.F.,.F.,.F.,(4,4),(4,4),(0.,1.),(0.,1.),.UNSPECIFIED.);
#202=B_SPLINE_SURFACE_WITH_KNOTS('',3,3,((#8315,#8316,#8317,#8318,#8319,
#8320,#8321,#8322),(#8323,#8324,#8325,#8326,#8327,#8328,#8329,#8330),(#8331,
#8332,#8333,#8334,#8335,#8336,#8337,#8338),(#8339,#8340,#8341,#8342,#8343,
#8344,#8345,#8346),(#8347,#8348,#8349,#8350,#8351,#8352,#8353,#8354),(#8355,
#8356,#8357,#8358,#8359,#8360,#8361,#8362),(#8363,#8364,#8365,#8366,#8367,
#8368,#8369,#8370)),.UNSPECIFIED.,.F.,.F.,.F.,(4,1,1,1,4),(4,1,1,1,1,4),
(-3.66350268740259E-16,0.254047888458962,0.508095776917924,0.846826294863206,
1.18555681280849),(7.56144482224601,7.83270566700374,8.10396651176148,8.64648820127695,
9.18900989079242,9.46027073555015),.UNSPECIFIED.);
#203=B_SPLINE_SURFACE_WITH_KNOTS('',3,3,((#8396,#8397,#8398,#8399,#8400),
(#8401,#8402,#8403,#8404,#8405),(#8406,#8407,#8408,#8409,#8410),(#8411,
#8412,#8413,#8414,#8415)),.UNSPECIFIED.,.F.,.F.,.F.,(4,4),(4,1,4),(0.,1.),
(0.761065341801718,1.00228365951964,1.32390808314354),.UNSPECIFIED.);
#204=B_SPLINE_SURFACE_WITH_KNOTS('',3,3,((#8447,#8448,#8449,#8450),(#8451,
#8452,#8453,#8454),(#8455,#8456,#8457,#8458),(#8459,#8460,#8461,#8462)),
 .UNSPECIFIED.,.F.,.F.,.F.,(4,4),(4,4),(0.,1.),(1.05506514383748,1.06131235349674),
 .UNSPECIFIED.);
#205=B_SPLINE_SURFACE_WITH_KNOTS('',3,3,((#8471,#8472,#8473,#8474),(#8475,
#8476,#8477,#8478),(#8479,#8480,#8481,#8482),(#8483,#8484,#8485,#8486)),
 .UNSPECIFIED.,.F.,.F.,.F.,(4,4),(4,4),(0.,1.),(0.,1.),.UNSPECIFIED.);
#206=B_SPLINE_SURFACE_WITH_KNOTS('',3,3,((#8506,#8507,#8508,#8509,#8510),
(#8511,#8512,#8513,#8514,#8515),(#8516,#8517,#8518,#8519,#8520),(#8521,
#8522,#8523,#8524,#8525)),.UNSPECIFIED.,.F.,.F.,.F.,(4,4),(4,1,4),(0.,1.),
(1.14015624467518,1.4525384354643,1.86904802318312),.UNSPECIFIED.);
#207=B_SPLINE_SURFACE_WITH_KNOTS('',3,3,((#8568,#8569,#8570,#8571),(#8572,
#8573,#8574,#8575),(#8576,#8577,#8578,#8579),(#8580,#8581,#8582,#8583)),
 .UNSPECIFIED.,.F.,.F.,.F.,(4,4),(4,4),(0.,1.),(0.,1.),.UNSPECIFIED.);
#208=B_SPLINE_SURFACE_WITH_KNOTS('',3,3,((#8887,#8888,#8889,#8890,#8891,
#8892),(#8893,#8894,#8895,#8896,#8897,#8898),(#8899,#8900,#8901,#8902,#8903,
#8904),(#8905,#8906,#8907,#8908,#8909,#8910),(#8911,#8912,#8913,#8914,#8915,
#8916)),.UNSPECIFIED.,.F.,.F.,.F.,(4,1,4),(4,1,1,4),(0.,0.571428571428571,
1.),(0.,0.432341335343531,0.720568892239218,1.00879644913491),
 .UNSPECIFIED.);
#209=B_SPLINE_SURFACE_WITH_KNOTS('',3,3,((#8988,#8989,#8990,#8991,#8992,
#8993),(#8994,#8995,#8996,#8997,#8998,#8999),(#9000,#9001,#9002,#9003,#9004,
#9005),(#9006,#9007,#9008,#9009,#9010,#9011),(#9012,#9013,#9014,#9015,#9016,
#9017)),.UNSPECIFIED.,.F.,.F.,.F.,(4,1,4),(4,1,1,4),(0.,0.571428571428571,
1.),(1.57222597516302E-15,0.43234133533813,0.720568892230216,1.0087964491223),
 .UNSPECIFIED.);
#210=B_SPLINE_SURFACE_WITH_KNOTS('',3,3,((#9086,#9087,#9088,#9089,#9090,
#9091),(#9092,#9093,#9094,#9095,#9096,#9097),(#9098,#9099,#9100,#9101,#9102,
#9103),(#9104,#9105,#9106,#9107,#9108,#9109),(#9110,#9111,#9112,#9113,#9114,
#9115)),.UNSPECIFIED.,.F.,.F.,.F.,(4,1,4),(4,1,1,4),(0.,0.571428571428571,
1.),(0.,0.432341335343454,0.720568892239091,1.00879644913473),
 .UNSPECIFIED.);
#211=B_SPLINE_SURFACE_WITH_KNOTS('',3,3,((#9187,#9188,#9189,#9190,#9191,
#9192),(#9193,#9194,#9195,#9196,#9197,#9198),(#9199,#9200,#9201,#9202,#9203,
#9204),(#9205,#9206,#9207,#9208,#9209,#9210),(#9211,#9212,#9213,#9214,#9215,
#9216)),.UNSPECIFIED.,.F.,.F.,.F.,(4,1,4),(4,1,1,4),(0.,0.571428571428571,
1.),(0.,0.432341335338137,0.720568892230228,1.00879644912232),
 .UNSPECIFIED.);
#212=B_SPLINE_SURFACE_WITH_KNOTS('',3,3,((#9285,#9286,#9287,#9288,#9289,
#9290),(#9291,#9292,#9293,#9294,#9295,#9296),(#9297,#9298,#9299,#9300,#9301,
#9302),(#9303,#9304,#9305,#9306,#9307,#9308),(#9309,#9310,#9311,#9312,#9313,
#9314)),.UNSPECIFIED.,.F.,.F.,.F.,(4,1,4),(4,1,1,4),(0.,0.571428571428571,
1.),(0.,0.432341335338051,0.720568892230084,1.00879644912212),
 .UNSPECIFIED.);
#213=B_SPLINE_SURFACE_WITH_KNOTS('',3,3,((#9389,#9390,#9391,#9392,#9393,
#9394),(#9395,#9396,#9397,#9398,#9399,#9400),(#9401,#9402,#9403,#9404,#9405,
#9406),(#9407,#9408,#9409,#9410,#9411,#9412),(#9413,#9414,#9415,#9416,#9417,
#9418)),.UNSPECIFIED.,.F.,.F.,.F.,(4,1,4),(4,1,1,4),(0.,0.571428571428571,
1.),(7.49479103655762E-16,0.432341335343659,0.720568892239431,1.0087964491352),
 .UNSPECIFIED.);
#214=B_SPLINE_SURFACE_WITH_KNOTS('',3,3,((#9484,#9485,#9486,#9487,#9488,
#9489,#9490),(#9491,#9492,#9493,#9494,#9495,#9496,#9497),(#9498,#9499,#9500,
#9501,#9502,#9503,#9504),(#9505,#9506,#9507,#9508,#9509,#9510,#9511),(#9512,
#9513,#9514,#9515,#9516,#9517,#9518),(#9519,#9520,#9521,#9522,#9523,#9524,
#9525)),.UNSPECIFIED.,.F.,.F.,.F.,(4,1,1,4),(4,1,1,1,4),(0.,0.285714285714286,
0.571428571428571,1.),(0.579268394664069,0.79595750993392,1.22933574047362,
1.66271397101333,2.09609220155303),.UNSPECIFIED.);
#215=B_SPLINE_SURFACE_WITH_KNOTS('',3,3,((#9606,#9607,#9608,#9609,#9610,
#9611,#9612),(#9613,#9614,#9615,#9616,#9617,#9618,#9619),(#9620,#9621,#9622,
#9623,#9624,#9625,#9626),(#9627,#9628,#9629,#9630,#9631,#9632,#9633),(#9634,
#9635,#9636,#9637,#9638,#9639,#9640),(#9641,#9642,#9643,#9644,#9645,#9646,
#9647)),.UNSPECIFIED.,.F.,.F.,.F.,(4,1,1,4),(4,1,1,1,4),(0.,0.285714285714286,
0.571428571428571,1.),(-1.21678810400634,-0.783409874363524,-0.566720759542118,
-0.133342529899306,0.300035699743506),.UNSPECIFIED.);
#216=B_SPLINE_SURFACE_WITH_KNOTS('',3,3,((#9683,#9684,#9685,#9686,#9687,
#9688),(#9689,#9690,#9691,#9692,#9693,#9694),(#9695,#9696,#9697,#9698,#9699,
#9700),(#9701,#9702,#9703,#9704,#9705,#9706),(#9707,#9708,#9709,#9710,#9711,
#9712)),.UNSPECIFIED.,.F.,.F.,.F.,(4,1,4),(4,1,1,4),(0.,0.571428571428571,
1.),(0.,0.432341335343581,0.720568892239303,1.00879644913502),
 .UNSPECIFIED.);
#217=B_SPLINE_SURFACE_WITH_KNOTS('',3,3,((#9784,#9785,#9786,#9787,#9788,
#9789),(#9790,#9791,#9792,#9793,#9794,#9795),(#9796,#9797,#9798,#9799,#9800,
#9801),(#9802,#9803,#9804,#9805,#9806,#9807),(#9808,#9809,#9810,#9811,#9812,
#9813)),.UNSPECIFIED.,.F.,.F.,.F.,(4,1,4),(4,1,1,4),(0.,0.571428571428571,
1.),(0.,0.432341335338047,0.720568892230077,1.00879644912211),
 .UNSPECIFIED.);
#218=B_SPLINE_SURFACE_WITH_KNOTS('',3,3,((#10191,#10192,#10193,#10194,#10195,
#10196,#10197,#10198),(#10199,#10200,#10201,#10202,#10203,#10204,#10205,
#10206),(#10207,#10208,#10209,#10210,#10211,#10212,#10213,#10214),(#10215,
#10216,#10217,#10218,#10219,#10220,#10221,#10222),(#10223,#10224,#10225,
#10226,#10227,#10228,#10229,#10230),(#10231,#10232,#10233,#10234,#10235,
#10236,#10237,#10238)),.UNSPECIFIED.,.F.,.F.,.F.,(4,1,1,4),(4,1,1,1,1,4),
(0.,0.285714285714286,0.571428571428571,1.),(7.56144482699243,7.83270567226765,
8.10396651754286,8.37522736281808,8.91774905336851,9.46027074391894),
 .UNSPECIFIED.);
#219=B_SPLINE_SURFACE_WITH_KNOTS('',3,3,((#10431,#10432,#10433,#10434,#10435,
#10436),(#10437,#10438,#10439,#10440,#10441,#10442),(#10443,#10444,#10445,
#10446,#10447,#10448),(#10449,#10450,#10451,#10452,#10453,#10454),(#10455,
#10456,#10457,#10458,#10459,#10460)),.UNSPECIFIED.,.F.,.F.,.F.,(4,1,4),
(4,1,1,4),(0.,0.571428571428571,1.),(-4.45908898220054,-3.690577570125,
-3.1782366287413,-2.66589568735761),.UNSPECIFIED.);
#220=B_SPLINE_SURFACE_WITH_KNOTS('',3,3,((#10490,#10491,#10492,#10493,#10494,
#10495,#10496),(#10497,#10498,#10499,#10500,#10501,#10502,#10503),(#10504,
#10505,#10506,#10507,#10508,#10509,#10510),(#10511,#10512,#10513,#10514,
#10515,#10516,#10517),(#10518,#10519,#10520,#10521,#10522,#10523,#10524),
(#10525,#10526,#10527,#10528,#10529,#10530,#10531)),.UNSPECIFIED.,.F.,.F.,
 .F.,(4,1,1,4),(4,1,1,1,4),(0.,0.285714285714286,0.571428571428571,1.),
(0.579268394664102,1.01264662520379,1.44602485574349,1.66271397101333,2.09609220155303),
 .UNSPECIFIED.);
#221=B_SPLINE_SURFACE_WITH_KNOTS('',3,3,((#10651,#10652,#10653,#10654,#10655,
#10656,#10657),(#10658,#10659,#10660,#10661,#10662,#10663,#10664),(#10665,
#10666,#10667,#10668,#10669,#10670,#10671),(#10672,#10673,#10674,#10675,
#10676,#10677,#10678),(#10679,#10680,#10681,#10682,#10683,#10684,#10685),
(#10686,#10687,#10688,#10689,#10690,#10691,#10692)),.UNSPECIFIED.,.F.,.F.,
 .F.,(4,1,1,4),(4,1,1,1,4),(0.,0.285714285714286,0.571428571428571,1.),
(-1.21678810400635,-1.00009898918495,-0.566720759542136,-0.133342529899326,
0.300035699743485),.UNSPECIFIED.);
#222=B_SPLINE_SURFACE_WITH_KNOTS('',3,3,((#10709,#10710,#10711,#10712,#10713,
#10714,#10715,#10716),(#10717,#10718,#10719,#10720,#10721,#10722,#10723,
#10724),(#10725,#10726,#10727,#10728,#10729,#10730,#10731,#10732),(#10733,
#10734,#10735,#10736,#10737,#10738,#10739,#10740),(#10741,#10742,#10743,
#10744,#10745,#10746,#10747,#10748),(#10749,#10750,#10751,#10752,#10753,
#10754,#10755,#10756)),.UNSPECIFIED.,.F.,.F.,.F.,(4,1,1,4),(4,1,1,1,1,4),
(0.,0.285714285714286,0.571428571428571,1.),(7.56144482477469,7.83270566978773,
8.10396651480078,8.37522735981383,8.91774904983992,9.46027073986602),
 .UNSPECIFIED.);
#223=B_SPLINE_SURFACE_WITH_KNOTS('',3,3,((#10765,#10766,#10767,#10768,#10769,
#10770,#10771,#10772),(#10773,#10774,#10775,#10776,#10777,#10778,#10779,
#10780),(#10781,#10782,#10783,#10784,#10785,#10786,#10787,#10788),(#10789,
#10790,#10791,#10792,#10793,#10794,#10795,#10796),(#10797,#10798,#10799,
#10800,#10801,#10802,#10803,#10804),(#10805,#10806,#10807,#10808,#10809,
#10810,#10811,#10812),(#10813,#10814,#10815,#10816,#10817,#10818,#10819,
#10820)),.UNSPECIFIED.,.F.,.F.,.F.,(4,1,1,1,4),(4,1,1,1,1,4),(-0.22460509028574,
0.125282078367329,0.300225662693864,0.650112831346933,1.),(7.55057066546906,
7.82110726895415,8.09164387243923,8.36218047592432,8.90325368289449,9.44432688986465),
 .UNSPECIFIED.);
#224=B_SPLINE_SURFACE_WITH_KNOTS('',3,3,((#10841,#10842,#10843,#10844,#10845,
#10846,#10847,#10848),(#10849,#10850,#10851,#10852,#10853,#10854,#10855,
#10856),(#10857,#10858,#10859,#10860,#10861,#10862,#10863,#10864),(#10865,
#10866,#10867,#10868,#10869,#10870,#10871,#10872),(#10873,#10874,#10875,
#10876,#10877,#10878,#10879,#10880),(#10881,#10882,#10883,#10884,#10885,
#10886,#10887,#10888),(#10889,#10890,#10891,#10892,#10893,#10894,#10895,
#10896)),.UNSPECIFIED.,.F.,.F.,.F.,(4,1,1,1,4),(4,1,1,1,1,4),(-0.2246051242016,
0.125282054141716,0.300225643313374,0.650112821656689,1.00000000000001),
(7.55057066378398,7.82110726703437,8.09164387028476,8.63271707678554,8.90325368003593,
9.44432688653671),.UNSPECIFIED.);
#225=B_SPLINE_SURFACE_WITH_KNOTS('',3,3,((#10928,#10929,#10930,#10931,#10932,
#10933,#10934),(#10935,#10936,#10937,#10938,#10939,#10940,#10941),(#10942,
#10943,#10944,#10945,#10946,#10947,#10948),(#10949,#10950,#10951,#10952,
#10953,#10954,#10955),(#10956,#10957,#10958,#10959,#10960,#10961,#10962),
(#10963,#10964,#10965,#10966,#10967,#10968,#10969)),.UNSPECIFIED.,.F.,.F.,
 .F.,(4,1,1,4),(4,1,1,1,4),(0.,0.285714285714286,0.571428571428571,1.),
(0.579268394664119,1.01264662520381,1.4460248557435,1.66271397101334,2.09609220155303),
 .UNSPECIFIED.);
#226=B_SPLINE_SURFACE_WITH_KNOTS('',3,3,((#11009,#11010,#11011,#11012,#11013,
#11014,#11015),(#11016,#11017,#11018,#11019,#11020,#11021,#11022),(#11023,
#11024,#11025,#11026,#11027,#11028,#11029),(#11030,#11031,#11032,#11033,
#11034,#11035,#11036),(#11037,#11038,#11039,#11040,#11041,#11042,#11043),
(#11044,#11045,#11046,#11047,#11048,#11049,#11050)),.UNSPECIFIED.,.F.,.F.,
 .F.,(4,1,1,4),(4,1,1,1,4),(0.,0.285714285714286,0.571428571428571,1.),
(-1.21678810400634,-1.00009898918492,-0.566720759542103,-0.133342529899281,
0.300035699743542),.UNSPECIFIED.);
#227=B_SPLINE_SURFACE_WITH_KNOTS('',3,3,((#11068,#11069,#11070,#11071,#11072,
#11073,#11074),(#11075,#11076,#11077,#11078,#11079,#11080,#11081),(#11082,
#11083,#11084,#11085,#11086,#11087,#11088),(#11089,#11090,#11091,#11092,
#11093,#11094,#11095),(#11096,#11097,#11098,#11099,#11100,#11101,#11102),
(#11103,#11104,#11105,#11106,#11107,#11108,#11109),(#11110,#11111,#11112,
#11113,#11114,#11115,#11116)),.UNSPECIFIED.,.F.,.F.,.F.,(4,1,1,1,4),(4,
1,1,1,4),(-0.224605108430331,0.125282065406908,0.475169239244147,0.650112826162766,
1.00000000000001),(7.55057066210269,7.82110726511891,8.36218047115134,8.90325367718378,
9.44432688321622),.UNSPECIFIED.);
#228=B_SPLINE_SURFACE_WITH_KNOTS('',3,3,((#11417,#11418,#11419,#11420,#11421,
#11422,#11423),(#11424,#11425,#11426,#11427,#11428,#11429,#11430),(#11431,
#11432,#11433,#11434,#11435,#11436,#11437),(#11438,#11439,#11440,#11441,
#11442,#11443,#11444),(#11445,#11446,#11447,#11448,#11449,#11450,#11451),
(#11452,#11453,#11454,#11455,#11456,#11457,#11458)),.UNSPECIFIED.,.F.,.F.,
 .F.,(4,1,1,4),(4,1,1,1,4),(0.,0.285714285714286,0.571428571428571,1.),
(-1.21678810400521,-1.00009898873536,-0.566720758195648,-0.13334252765594,
0.300035702883768),.UNSPECIFIED.);
#229=B_SPLINE_SURFACE_WITH_KNOTS('',3,3,((#11516,#11517,#11518,#11519,#11520,
#11521,#11522),(#11523,#11524,#11525,#11526,#11527,#11528,#11529),(#11530,
#11531,#11532,#11533,#11534,#11535,#11536),(#11537,#11538,#11539,#11540,
#11541,#11542,#11543),(#11544,#11545,#11546,#11547,#11548,#11549,#11550),
(#11551,#11552,#11553,#11554,#11555,#11556,#11557)),.UNSPECIFIED.,.F.,.F.,
 .F.,(4,1,1,4),(4,1,1,1,4),(0.,0.285714285714286,0.571428571428571,1.),
(0.579268412454162,0.79595752727367,1.22933575691269,1.6627139865517,2.09609221619072),
 .UNSPECIFIED.);
#230=CIRCLE('',#5130,5.);
#231=CIRCLE('',#5131,4.);
#232=CIRCLE('',#5133,31.);
#233=CIRCLE('',#5134,30.);
#234=CIRCLE('',#5136,9.25);
#235=CIRCLE('',#5138,32.);
#236=CIRCLE('',#5140,30.);
#237=CIRCLE('',#5141,31.);
#238=CIRCLE('',#5143,4.);
#239=CIRCLE('',#5144,5.);
#240=CIRCLE('',#5146,32.);
#241=CIRCLE('',#5148,32.);
#242=CIRCLE('',#5149,32.);
#243=CIRCLE('',#5150,32.);
#244=CIRCLE('',#5152,32.);
#245=CIRCLE('',#5153,32.);
#246=CIRCLE('',#5154,32.);
#247=CIRCLE('',#5156,2.75);
#248=CIRCLE('',#5157,2.75);
#249=CIRCLE('',#5160,4.15);
#250=CIRCLE('',#5162,2.75);
#251=CIRCLE('',#5163,2.75);
#252=CIRCLE('',#5166,4.15);
#253=CIRCLE('',#5168,2.75);
#254=CIRCLE('',#5169,2.75);
#255=CIRCLE('',#5171,2.75);
#256=CIRCLE('',#5172,2.75);
#257=CIRCLE('',#5174,27.75);
#258=CIRCLE('',#5175,27.75);
#259=CIRCLE('',#5176,27.75);
#260=CIRCLE('',#5178,27.75);
#261=CIRCLE('',#5181,27.75);
#262=CIRCLE('',#5183,27.75);
#263=CIRCLE('',#5185,27.75);
#264=CIRCLE('',#5186,27.75);
#265=CIRCLE('',#5188,27.75);
#266=CIRCLE('',#5190,27.75);
#267=CIRCLE('',#5192,27.75);
#268=CIRCLE('',#5193,27.75);
#269=CIRCLE('',#5195,27.75);
#270=CIRCLE('',#5196,27.75);
#271=CIRCLE('',#5197,27.75);
#272=CIRCLE('',#5199,27.75);
#273=CIRCLE('',#5209,7.25);
#274=CIRCLE('',#5210,5.);
#275=CIRCLE('',#5213,5.);
#276=CIRCLE('',#5214,7.25);
#277=CIRCLE('',#5216,5.);
#278=CIRCLE('',#5220,7.25);
#279=CIRCLE('',#5221,7.25);
#280=CIRCLE('',#5223,7.25);
#281=CIRCLE('',#5225,7.25);
#282=CIRCLE('',#5227,6.25);
#283=CIRCLE('',#5231,5.);
#284=CIRCLE('',#5234,32.);
#285=CIRCLE('',#5237,32.);
#286=CIRCLE('',#5238,32.);
#287=CIRCLE('',#5239,32.);
#288=CIRCLE('',#5240,32.);
#289=CIRCLE('',#5242,32.);
#290=CIRCLE('',#5243,32.);
#291=CIRCLE('',#5244,32.);
#292=CIRCLE('',#5245,32.);
#293=CIRCLE('',#5247,7.25);
#294=CIRCLE('',#5248,7.75);
#295=CIRCLE('',#5250,4.5);
#296=CIRCLE('',#5251,5.);
#297=CIRCLE('',#5253,5.);
#298=CIRCLE('',#5255,7.25);
#299=CIRCLE('',#5256,7.25);
#300=CIRCLE('',#5257,7.25);
#301=CIRCLE('',#5259,5.);
#302=CIRCLE('',#5260,4.5);
#303=CIRCLE('',#5262,7.75);
#304=CIRCLE('',#5263,7.00000000000001);
#305=CIRCLE('',#5266,7.25);
#306=CIRCLE('',#5267,7.75);
#307=CIRCLE('',#5269,4.5);
#308=CIRCLE('',#5270,5.);
#309=CIRCLE('',#5272,5.);
#310=CIRCLE('',#5274,7.25);
#311=CIRCLE('',#5275,7.25);
#312=CIRCLE('',#5276,7.25);
#313=CIRCLE('',#5278,5.);
#314=CIRCLE('',#5279,4.5);
#315=CIRCLE('',#5281,7.75);
#316=CIRCLE('',#5282,7.00000000000001);
#317=CIRCLE('',#5285,30.5);
#318=CIRCLE('',#5286,30.);
#319=CIRCLE('',#5288,7.25);
#320=CIRCLE('',#5290,7.25);
#321=CIRCLE('',#5291,7.25);
#322=CIRCLE('',#5292,7.25);
#323=CIRCLE('',#5294,7.75);
#324=CIRCLE('',#5296,4.5);
#325=CIRCLE('',#5297,5.);
#326=CIRCLE('',#5299,5.);
#327=CIRCLE('',#5301,2.6);
#328=CIRCLE('',#5302,1.6);
#329=CIRCLE('',#5304,13.070467677926);
#330=CIRCLE('',#5305,10.);
#331=CIRCLE('',#5306,15.5);
#332=CIRCLE('',#5307,10.);
#333=CIRCLE('',#5308,2.6);
#334=CIRCLE('',#5309,2.6);
#335=CIRCLE('',#5310,3.5);
#336=CIRCLE('',#5311,2.6);
#337=CIRCLE('',#5313,1.6);
#338=CIRCLE('',#5315,1.6);
#339=CIRCLE('',#5317,1.6);
#340=CIRCLE('',#5319,1.6);
#341=CIRCLE('',#5321,1.6);
#342=CIRCLE('',#5323,1.6);
#343=CIRCLE('',#5325,1.6);
#344=CIRCLE('',#5327,2.6);
#345=CIRCLE('',#5328,1.6);
#346=CIRCLE('',#5330,13.070467677926);
#347=CIRCLE('',#5331,10.);
#348=CIRCLE('',#5332,15.5);
#349=CIRCLE('',#5333,10.);
#350=CIRCLE('',#5334,2.6);
#351=CIRCLE('',#5335,2.6);
#352=CIRCLE('',#5336,3.5);
#353=CIRCLE('',#5337,2.6);
#354=CIRCLE('',#5339,1.6);
#355=CIRCLE('',#5341,1.6);
#356=CIRCLE('',#5343,1.6);
#357=CIRCLE('',#5345,1.6);
#358=CIRCLE('',#5347,1.6);
#359=CIRCLE('',#5349,1.6);
#360=CIRCLE('',#5351,1.6);
#361=CIRCLE('',#5353,2.6);
#362=CIRCLE('',#5354,1.6);
#363=CIRCLE('',#5356,13.070467677926);
#364=CIRCLE('',#5357,10.);
#365=CIRCLE('',#5358,15.5);
#366=CIRCLE('',#5359,10.);
#367=CIRCLE('',#5360,2.6);
#368=CIRCLE('',#5361,2.6);
#369=CIRCLE('',#5362,3.5);
#370=CIRCLE('',#5363,2.6);
#371=CIRCLE('',#5365,1.6);
#372=CIRCLE('',#5367,1.6);
#373=CIRCLE('',#5369,1.6);
#374=CIRCLE('',#5371,1.6);
#375=CIRCLE('',#5373,1.6);
#376=CIRCLE('',#5375,1.6);
#377=CIRCLE('',#5377,1.6);
#378=CIRCLE('',#5379,2.6);
#379=CIRCLE('',#5380,1.6);
#380=CIRCLE('',#5382,10.);
#381=CIRCLE('',#5383,15.5);
#382=CIRCLE('',#5384,10.);
#383=CIRCLE('',#5385,13.070467677926);
#384=CIRCLE('',#5386,2.6);
#385=CIRCLE('',#5387,2.6);
#386=CIRCLE('',#5388,3.5);
#387=CIRCLE('',#5389,2.6);
#388=CIRCLE('',#5391,1.6);
#389=CIRCLE('',#5393,1.6);
#390=CIRCLE('',#5395,1.6);
#391=CIRCLE('',#5397,1.6);
#392=CIRCLE('',#5399,1.6);
#393=CIRCLE('',#5401,1.6);
#394=CIRCLE('',#5403,1.6);
#395=CIRCLE('',#5404,1.);
#396=CIRCLE('',#5406,1.);
#397=CIRCLE('',#5407,14.0660634480556);
#398=CIRCLE('',#5408,1.);
#399=CIRCLE('',#5410,1.);
#400=CIRCLE('',#5411,14.0660634480556);
#401=CIRCLE('',#5412,1.00000000000001);
#402=CIRCLE('',#5414,0.999999999999992);
#403=CIRCLE('',#5415,14.0660634480556);
#404=CIRCLE('',#5417,29.);
#405=CIRCLE('',#5418,1.);
#406=CIRCLE('',#5420,1.);
#407=CIRCLE('',#5421,14.0660634480556);
#408=CIRCLE('',#5423,4.15);
#409=CIRCLE('',#5424,28.75);
#410=CIRCLE('',#5425,4.15);
#411=CIRCLE('',#5426,28.75);
#412=CIRCLE('',#5427,4.15);
#413=CIRCLE('',#5428,28.75);
#414=CIRCLE('',#5429,4.15);
#415=CIRCLE('',#5430,28.75);
#416=CIRCLE('',#5436,4.15);
#417=CIRCLE('',#5438,5.25);
#418=CIRCLE('',#5442,29.);
#419=CIRCLE('',#5445,29.);
#420=CIRCLE('',#5449,4.15);
#421=CIRCLE('',#5451,4.15);
#422=CIRCLE('',#5453,4.15);
#423=CIRCLE('',#5458,6.99999999999999);
#424=CIRCLE('',#5464,30.);
#425=CIRCLE('',#5468,30.);
#426=CIRCLE('',#5472,2.);
#427=CIRCLE('',#5474,30.);
#428=CIRCLE('',#5477,27.5);
#429=CIRCLE('',#5478,5.25);
#430=CIRCLE('',#5479,27.5);
#431=CIRCLE('',#5482,2.);
#432=CIRCLE('',#5483,30.);
#433=CIRCLE('',#5488,30.);
#434=CIRCLE('',#5491,27.5);
#435=CIRCLE('',#5492,5.25);
#436=CIRCLE('',#5493,27.5);
#437=CIRCLE('',#5496,30.);
#438=CIRCLE('',#5497,2.);
#439=CIRCLE('',#5502,30.);
#440=CIRCLE('',#5505,27.5);
#441=CIRCLE('',#5506,5.25);
#442=CIRCLE('',#5507,27.5);
#443=CIRCLE('',#5510,30.);
#444=CIRCLE('',#5514,2.);
#445=CIRCLE('',#5516,5.25);
#446=CIRCLE('',#5522,27.5);
#447=CIRCLE('',#5523,27.5);
#448=CIRCLE('',#5525,7.);
#449=CIRCLE('',#5526,5.);
#450=CIRCLE('',#5531,6.99999999999999);
#451=CIRCLE('',#5533,7.);
#452=CIRCLE('',#5535,7.);
#453=CIRCLE('',#5541,7.);
#454=CIRCLE('',#5545,29.);
#455=CIRCLE('',#5549,3.5);
#456=CIRCLE('',#5551,3.5);
#457=CIRCLE('',#5553,3.5);
#458=CIRCLE('',#5556,10.);
#459=CIRCLE('',#5558,15.5);
#460=CIRCLE('',#5560,10.);
#461=CIRCLE('',#5563,6.99999999999999);
#462=CIRCLE('',#5565,30.);
#463=CIRCLE('',#5570,27.5);
#464=CIRCLE('',#5573,2.);
#465=CIRCLE('',#5576,27.5);
#466=CIRCLE('',#5578,5.25);
#467=CIRCLE('',#5580,27.5);
#468=CIRCLE('',#5583,2.);
#469=CIRCLE('',#5586,27.5);
#470=CIRCLE('',#5588,5.25);
#471=CIRCLE('',#5590,27.5);
#472=CIRCLE('',#5593,2.);
#473=CIRCLE('',#5596,27.5);
#474=CIRCLE('',#5598,5.25);
#475=CIRCLE('',#5600,27.5);
#476=CIRCLE('',#5603,2.);
#477=CIRCLE('',#5606,27.5);
#478=CIRCLE('',#5611,30.);
#479=CIRCLE('',#5613,7.);
#480=CIRCLE('',#5616,10.);
#481=CIRCLE('',#5618,15.5);
#482=CIRCLE('',#5620,10.);
#483=CIRCLE('',#5623,6.99999999999999);
#484=CIRCLE('',#5625,30.);
#485=CIRCLE('',#5627,7.);
#486=CIRCLE('',#5629,7.00000000000001);
#487=CIRCLE('',#5631,5.);
#488=CIRCLE('',#5633,7.00000000000001);
#489=CIRCLE('',#5636,10.);
#490=CIRCLE('',#5638,15.5);
#491=CIRCLE('',#5640,10.);
#492=CIRCLE('',#5643,7.00000000000001);
#493=CIRCLE('',#5645,5.);
#494=CIRCLE('',#5647,7.00000000000001);
#495=CIRCLE('',#5649,3.5);
#496=CIRCLE('',#5652,10.);
#497=CIRCLE('',#5654,15.5);
#498=CIRCLE('',#5656,10.);
#499=B_SPLINE_CURVE_WITH_KNOTS('',3,(#7048,#7049,#7050,#7051,#7052,#7053),
 .UNSPECIFIED.,.F.,.F.,(4,2,4),(-1.68011617221289,-1.67114680123362,-1.48540483479394),
 .UNSPECIFIED.);
#500=B_SPLINE_CURVE_WITH_KNOTS('',3,(#7087,#7088,#7089,#7090,#7091,#7092,
#7093,#7094,#7095,#7096,#7097,#7098,#7099),.UNSPECIFIED.,.F.,.F.,(4,3,3,
3,4),(0.,0.0422533865565442,0.0630342581393246,0.105923132012874,0.139416154169505),
 .UNSPECIFIED.);
#501=B_SPLINE_CURVE_WITH_KNOTS('',3,(#7101,#7102,#7103,#7104,#7105),
 .UNSPECIFIED.,.F.,.F.,(4,1,4),(-0.492637781201967,-0.267779269944997,0.),
 .UNSPECIFIED.);
#502=B_SPLINE_CURVE_WITH_KNOTS('',3,(#7108,#7109,#7110,#7111,#7112),
 .UNSPECIFIED.,.F.,.F.,(4,1,4),(0.,0.267779269944997,0.624818296538326),
 .UNSPECIFIED.);
#503=B_SPLINE_CURVE_WITH_KNOTS('',3,(#7129,#7130,#7131,#7132),
 .UNSPECIFIED.,.F.,.F.,(4,4),(-0.352221891289661,-0.338701603793965),
 .UNSPECIFIED.);
#504=B_SPLINE_CURVE_WITH_KNOTS('',3,(#7133,#7134,#7135,#7136),
 .UNSPECIFIED.,.F.,.F.,(4,4),(0.338701603793965,0.352221891289661),
 .UNSPECIFIED.);
#505=B_SPLINE_CURVE_WITH_KNOTS('',3,(#7141,#7142,#7143,#7144,#7145,#7146,
#7147,#7148,#7149,#7150,#7151,#7152,#7153,#7154,#7155,#7156,#7157,#7158,
#7159,#7160,#7161,#7162,#7163,#7164,#7165,#7166,#7167,#7168,#7169,#7170,
#7171,#7172,#7173,#7174,#7175,#7176,#7177),.UNSPECIFIED.,.F.,.F.,(4,3,3,
3,3,3,3,3,3,3,3,3,4),(-6.61721531288921,-6.48929281720503,-5.99192021976573,
-5.75752662375614,-5.18672905257551,-5.02591260158472,-4.43944845900951,
-4.29439647291215,-3.66554747925728,-3.56292403252422,-3.0522000666378,
-2.83140072520367,-2.70346154193949),.UNSPECIFIED.);
#506=B_SPLINE_CURVE_WITH_KNOTS('',3,(#7181,#7182,#7183,#7184,#7185,#7186),
 .UNSPECIFIED.,.F.,.F.,(4,2,4),(7.55409930399883,7.73984117591026,7.74881061513608),
 .UNSPECIFIED.);
#507=B_SPLINE_CURVE_WITH_KNOTS('',3,(#7188,#7189,#7190,#7191,#7192,#7193,
#7194,#7195,#7196,#7197,#7198,#7199,#7200,#7201,#7202,#7203,#7204,#7205,
#7206,#7207,#7208),.UNSPECIFIED.,.F.,.F.,(4,2,3,2,2,2,2,2,2,4),(2.66636929821654,
2.84344248033579,3.06023024981521,3.06862965874853,3.0806596196788,3.10941535853503,
3.17076577282114,3.30506693621312,3.47615939432367,3.47669023620601),
 .UNSPECIFIED.);
#508=B_SPLINE_CURVE_WITH_KNOTS('',3,(#7217,#7218,#7219,#7220,#7221,#7222,
#7223,#7224,#7225,#7226,#7227,#7228,#7229,#7230,#7231,#7232,#7233,#7234,
#7235,#7236,#7237),.UNSPECIFIED.,.F.,.F.,(4,2,2,2,2,2,2,3,2,4),(2.64377002856825,
2.6443008693938,2.81539333156031,2.94969449714857,3.01104491009972,3.03980064818158,
3.05183060832625,3.06023001670333,3.27701776762978,3.45409097056575),
 .UNSPECIFIED.);
#509=B_SPLINE_CURVE_WITH_KNOTS('',3,(#7241,#7242,#7243,#7244,#7245,#7246,
#7247,#7248,#7249,#7250),.UNSPECIFIED.,.F.,.F.,(4,2,2,2,4),(0.,0.360265819654493,
0.793783801168683,1.02379528086458,1.24802807689323),.UNSPECIFIED.);
#510=B_SPLINE_CURVE_WITH_KNOTS('',3,(#7277,#7278,#7279,#7280),
 .UNSPECIFIED.,.F.,.F.,(4,4),(0.,1.),.UNSPECIFIED.);
#511=B_SPLINE_CURVE_WITH_KNOTS('',3,(#7282,#7283,#7284,#7285,#7286,#7287),
 .UNSPECIFIED.,.F.,.F.,(4,1,1,4),(0.848786466362639,0.984535503470403,1.12028454057817,
1.32390809623981),.UNSPECIFIED.);
#512=B_SPLINE_CURVE_WITH_KNOTS('',3,(#7290,#7291,#7292,#7293,#7294,#7295),
 .UNSPECIFIED.,.F.,.F.,(4,1,1,4),(-1.32390809623981,-1.12028454057817,-0.984535503470403,
-0.848786466362639),.UNSPECIFIED.);
#513=B_SPLINE_CURVE_WITH_KNOTS('',3,(#7324,#7325,#7326,#7327),
 .UNSPECIFIED.,.F.,.F.,(4,4),(-2.63761002827904,-2.6258615091926),
 .UNSPECIFIED.);
#514=B_SPLINE_CURVE_WITH_KNOTS('',3,(#7328,#7329,#7330,#7331),
 .UNSPECIFIED.,.F.,.F.,(4,4),(2.6258615091926,2.63761002827904),
 .UNSPECIFIED.);
#515=B_SPLINE_CURVE_WITH_KNOTS('',3,(#7349,#7350,#7351,#7352),
 .UNSPECIFIED.,.F.,.F.,(4,4),(-1.,0.),.UNSPECIFIED.);
#516=B_SPLINE_CURVE_WITH_KNOTS('',3,(#7353,#7354,#7355,#7356),
 .UNSPECIFIED.,.F.,.F.,(4,4),(0.,1.),.UNSPECIFIED.);
#517=B_SPLINE_CURVE_WITH_KNOTS('',3,(#7359,#7360,#7361,#7362,#7363,#7364,
#7365,#7366),.UNSPECIFIED.,.F.,.F.,(4,2,2,4),(0.,0.435896004676703,0.832287095103487,
1.25243130057471),.UNSPECIFIED.);
#518=B_SPLINE_CURVE_WITH_KNOTS('',3,(#7430,#7431,#7432,#7433,#7434,#7435,
#7436,#7437,#7438,#7439,#7440,#7441,#7442,#7443,#7444,#7445,#7446,#7447,
#7448,#7449,#7450,#7451),.UNSPECIFIED.,.F.,.F.,(4,2,2,2,2,2,2,2,2,2,4),
(0.,0.518939571234034,1.18642644434591,1.39671548755691,1.51526410218399,
1.61530629404355,1.73324136778361,1.94087967460348,2.20520680227008,2.7402532195487,
3.23802978437163),.UNSPECIFIED.);
#519=B_SPLINE_CURVE_WITH_KNOTS('',3,(#7452,#7453,#7454,#7455,#7456),
 .UNSPECIFIED.,.F.,.F.,(4,1,4),(6.41565464568928,6.4892986842653,7.22088278700569),
 .UNSPECIFIED.);
#520=B_SPLINE_CURVE_WITH_KNOTS('',3,(#7457,#7458,#7459,#7460,#7461),
 .UNSPECIFIED.,.F.,.F.,(4,1,4),(2.09979406782297,2.83137817056336,2.90500743824461),
 .UNSPECIFIED.);
#521=B_SPLINE_CURVE_WITH_KNOTS('',3,(#7464,#7465,#7466,#7467),
 .UNSPECIFIED.,.F.,.F.,(4,4),(-0.367848185805558,-0.227742376326308),
 .UNSPECIFIED.);
#522=B_SPLINE_CURVE_WITH_KNOTS('',3,(#7481,#7482,#7483,#7484),
 .UNSPECIFIED.,.F.,.F.,(4,4),(1.61010387318398,1.69162088862609),
 .UNSPECIFIED.);
#523=B_SPLINE_CURVE_WITH_KNOTS('',3,(#7658,#7659,#7660,#7661,#7662,#7663,
#7664,#7665),.UNSPECIFIED.,.F.,.F.,(4,2,2,4),(1.59743308135174,1.7980407585414,
1.93037307597961,2.06270539341783),.UNSPECIFIED.);
#524=B_SPLINE_CURVE_WITH_KNOTS('',3,(#7667,#7668,#7669,#7670,#7671,#7672,
#7673,#7674,#7675,#7676),.UNSPECIFIED.,.F.,.F.,(4,2,2,2,4),(4.12541078683566,
4.25774310427388,4.39007542171209,4.65474005658853,4.7521873660384),
 .UNSPECIFIED.);
#525=B_SPLINE_CURVE_WITH_KNOTS('',3,(#7680,#7681,#7682,#7683,#7684,#7685,
#7686,#7687,#7688,#7689),.UNSPECIFIED.,.F.,.F.,(4,2,2,2,4),(5.56133957489544,
5.65878689195692,5.9234515361052,6.05578385817935,6.18811618025349),
 .UNSPECIFIED.);
#526=B_SPLINE_CURVE_WITH_KNOTS('',3,(#7690,#7691,#7692,#7693,#7694,#7695,
#7696,#7697),.UNSPECIFIED.,.F.,.F.,(4,2,2,4),(0.,0.132332322074143,0.264664644148286,
0.465272332533889),.UNSPECIFIED.);
#527=B_SPLINE_CURVE_WITH_KNOTS('',3,(#7716,#7717,#7718,#7719,#7720,#7721,
#7722,#7723,#7724,#7725),.UNSPECIFIED.,.F.,.F.,(4,2,2,2,4),(2.44806946249939,
2.59691930341432,2.83299632528408,3.06907334715384,3.21792318806877),
 .UNSPECIFIED.);
#528=B_SPLINE_CURVE_WITH_KNOTS('',3,(#7749,#7750,#7751,#7752),
 .UNSPECIFIED.,.F.,.F.,(4,4),(1.61010384748194,1.69162085882746),
 .UNSPECIFIED.);
#529=B_SPLINE_CURVE_WITH_KNOTS('',3,(#7760,#7761,#7762,#7763),
 .UNSPECIFIED.,.F.,.F.,(4,4),(3.00576119291701,3.08621168771175),
 .UNSPECIFIED.);
#530=B_SPLINE_CURVE_WITH_KNOTS('',3,(#7776,#7777,#7778,#7779),
 .UNSPECIFIED.,.F.,.F.,(4,4),(1.60660742496584,1.68705791998169),
 .UNSPECIFIED.);
#531=B_SPLINE_CURVE_WITH_KNOTS('',3,(#7786,#7787,#7788,#7789),
 .UNSPECIFIED.,.F.,.F.,(4,4),(3.00715445893467,3.08867147442247),
 .UNSPECIFIED.);
#532=B_SPLINE_CURVE_WITH_KNOTS('',3,(#7812,#7813,#7814,#7815),
 .UNSPECIFIED.,.F.,.F.,(4,4),(-1.,0.),.UNSPECIFIED.);
#533=B_SPLINE_CURVE_WITH_KNOTS('',3,(#7817,#7818,#7819,#7820,#7821),
 .UNSPECIFIED.,.F.,.F.,(4,1,4),(-1.86904816828781,-1.45253856315152,-1.1401563592993),
 .UNSPECIFIED.);
#534=B_SPLINE_CURVE_WITH_KNOTS('',3,(#7823,#7824,#7825,#7826,#7827,#7828,
#7829),.UNSPECIFIED.,.F.,.F.,(4,3,4),(0.,0.0378756754207345,0.07555146818169),
 .UNSPECIFIED.);
#535=B_SPLINE_CURVE_WITH_KNOTS('',3,(#7831,#7832,#7833,#7834),
 .UNSPECIFIED.,.F.,.F.,(4,4),(1.15505772921967,1.15545046953997),
 .UNSPECIFIED.);
#536=B_SPLINE_CURVE_WITH_KNOTS('',3,(#7835,#7836,#7837,#7838,#7839),
 .UNSPECIFIED.,.F.,.F.,(4,1,4),(1.15545167240794,1.45253856315152,1.86904816828781),
 .UNSPECIFIED.);
#537=B_SPLINE_CURVE_WITH_KNOTS('',3,(#7850,#7851,#7852,#7853),
 .UNSPECIFIED.,.F.,.F.,(4,4),(-0.00841844515120149,-0.00797071778713093),
 .UNSPECIFIED.);
#538=B_SPLINE_CURVE_WITH_KNOTS('',3,(#7870,#7871,#7872,#7873),
 .UNSPECIFIED.,.F.,.F.,(4,4),(-1.,0.),.UNSPECIFIED.);
#539=B_SPLINE_CURVE_WITH_KNOTS('',3,(#7874,#7875,#7876,#7877),
 .UNSPECIFIED.,.F.,.F.,(4,4),(0.,1.),.UNSPECIFIED.);
#540=B_SPLINE_CURVE_WITH_KNOTS('',3,(#7885,#7886,#7887,#7888,#7889,#7890,
#7891,#7892,#7893,#7894,#7895,#7896,#7897,#7898,#7899,#7900,#7901,#7902,
#7903,#7904,#7905,#7906),.UNSPECIFIED.,.F.,.F.,(4,3,3,3,3,3,3,4),(-5.34205611951465,
-5.27031829648247,-5.19775190930262,-5.12485150098278,-5.05168072033114,
-5.03715746866887,-4.9658559051742,-4.89858153917044),.UNSPECIFIED.);
#541=B_SPLINE_CURVE_WITH_KNOTS('',3,(#7922,#7923,#7924,#7925,#7926,#7927,
#7928),.UNSPECIFIED.,.F.,.F.,(4,3,4),(-0.0743343219928697,-0.0370996164602463,
0.),.UNSPECIFIED.);
#542=B_SPLINE_CURVE_WITH_KNOTS('',3,(#7929,#7930,#7931,#7932),
 .UNSPECIFIED.,.F.,.F.,(4,4),(-1.01642800431988,-1.01605680788806),
 .UNSPECIFIED.);
#543=B_SPLINE_CURVE_WITH_KNOTS('',3,(#7963,#7964,#7965,#7966),
 .UNSPECIFIED.,.F.,.F.,(4,4),(0.,1.),.UNSPECIFIED.);
#544=B_SPLINE_CURVE_WITH_KNOTS('',3,(#7968,#7969,#7970,#7971,#7972,#7973,
#7974),.UNSPECIFIED.,.F.,.F.,(4,1,1,1,4),(0.761042870671231,0.878708806811419,
1.11404067909179,1.34937255137217,1.56878040358268),.UNSPECIFIED.);
#545=B_SPLINE_CURVE_WITH_KNOTS('',3,(#7975,#7976,#7977,#7978),
 .UNSPECIFIED.,.F.,.F.,(4,4),(-1.56931490407912,-1.56880253437812),
 .UNSPECIFIED.);
#546=B_SPLINE_CURVE_WITH_KNOTS('',3,(#7979,#7980,#7981,#7982,#7983,#7984,
#7985),.UNSPECIFIED.,.F.,.F.,(4,1,1,1,4),(-1.58470442365255,-1.34937255137217,
-1.11404067909179,-0.878708806811419,-0.761042870671231),.UNSPECIFIED.);
#547=B_SPLINE_CURVE_WITH_KNOTS('',3,(#8004,#8005,#8006,#8007),
 .UNSPECIFIED.,.F.,.F.,(4,4),(-1.,0.),.UNSPECIFIED.);
#548=B_SPLINE_CURVE_WITH_KNOTS('',3,(#8008,#8009,#8010,#8011),
 .UNSPECIFIED.,.F.,.F.,(4,4),(0.,1.),.UNSPECIFIED.);
#549=B_SPLINE_CURVE_WITH_KNOTS('',3,(#8069,#8070,#8071,#8072,#8073,#8074,
#8075,#8076),.UNSPECIFIED.,.F.,.F.,(4,2,2,4),(0.390888677065428,0.505243341821328,
0.812704854648173,0.813678167794869),.UNSPECIFIED.);
#550=B_SPLINE_CURVE_WITH_KNOTS('',3,(#8078,#8079,#8080,#8081,#8082,#8083,
#8084,#8085),.UNSPECIFIED.,.F.,.F.,(4,1,1,1,1,4),(-9.4602707396125,-8.91774904957313,
-8.64648820455345,-8.10396651451408,-7.83270566949439,-7.56144482447471),
 .UNSPECIFIED.);
#551=B_SPLINE_CURVE_WITH_KNOTS('',3,(#8088,#8089,#8090,#8091),
 .UNSPECIFIED.,.F.,.F.,(4,4),(0.,0.453913025758338),.UNSPECIFIED.);
#552=B_SPLINE_CURVE_WITH_KNOTS('',3,(#8115,#8116,#8117,#8118),
 .UNSPECIFIED.,.F.,.F.,(4,4),(-1.,0.),.UNSPECIFIED.);
#553=B_SPLINE_CURVE_WITH_KNOTS('',3,(#8120,#8121,#8122,#8123,#8124),
 .UNSPECIFIED.,.F.,.F.,(4,1,4),(-1.8690482657563,-1.45253864854844,-1.14015643564255),
 .UNSPECIFIED.);
#554=B_SPLINE_CURVE_WITH_KNOTS('',3,(#8126,#8127,#8128,#8129,#8130,#8131,
#8132),.UNSPECIFIED.,.F.,.F.,(4,3,4),(0.,0.0378756756684498,0.0755514686484577),
 .UNSPECIFIED.);
#555=B_SPLINE_CURVE_WITH_KNOTS('',3,(#8134,#8135,#8136,#8137),
 .UNSPECIFIED.,.F.,.F.,(4,4),(1.15505780718924,1.15545054753117),
 .UNSPECIFIED.);
#556=B_SPLINE_CURVE_WITH_KNOTS('',3,(#8138,#8139,#8140,#8141,#8142),
 .UNSPECIFIED.,.F.,.F.,(4,1,4),(1.15545175039985,1.45253864854844,1.8690482657563),
 .UNSPECIFIED.);
#557=B_SPLINE_CURVE_WITH_KNOTS('',3,(#8153,#8154,#8155,#8156),
 .UNSPECIFIED.,.F.,.F.,(4,4),(-0.00841844519964408,-0.00797071780441533),
 .UNSPECIFIED.);
#558=B_SPLINE_CURVE_WITH_KNOTS('',3,(#8173,#8174,#8175,#8176),
 .UNSPECIFIED.,.F.,.F.,(4,4),(-1.,0.),.UNSPECIFIED.);
#559=B_SPLINE_CURVE_WITH_KNOTS('',3,(#8177,#8178,#8179,#8180),
 .UNSPECIFIED.,.F.,.F.,(4,4),(0.,1.),.UNSPECIFIED.);
#560=B_SPLINE_CURVE_WITH_KNOTS('',3,(#8188,#8189,#8190,#8191,#8192,#8193,
#8194,#8195,#8196,#8197,#8198,#8199,#8200,#8201,#8202,#8203,#8204,#8205,
#8206,#8207,#8208,#8209),.UNSPECIFIED.,.F.,.F.,(4,3,3,3,3,3,3,4),(-5.34205623214647,
-5.27057356093725,-5.19814533516166,-5.12535019901619,-5.05233384426585,
-5.03715756010983,-4.96566574196423,-4.89858162599068),.UNSPECIFIED.);
#561=B_SPLINE_CURVE_WITH_KNOTS('',3,(#8225,#8226,#8227,#8228,#8229,#8230,
#8231),.UNSPECIFIED.,.F.,.F.,(4,3,4),(-0.0743343216247428,-0.0370996162861739,
0.),.UNSPECIFIED.);
#562=B_SPLINE_CURVE_WITH_KNOTS('',3,(#8232,#8233,#8234,#8235),
 .UNSPECIFIED.,.F.,.F.,(4,4),(-1.0164279944627,-1.01605679805899),
 .UNSPECIFIED.);
#563=B_SPLINE_CURVE_WITH_KNOTS('',3,(#8266,#8267,#8268,#8269),
 .UNSPECIFIED.,.F.,.F.,(4,4),(0.,1.),.UNSPECIFIED.);
#564=B_SPLINE_CURVE_WITH_KNOTS('',3,(#8271,#8272,#8273,#8274,#8275,#8276,
#8277),.UNSPECIFIED.,.F.,.F.,(4,1,1,1,4),(0.761042859100135,0.878708813053381,
1.11404072095987,1.34937262886636,1.56878051665022),.UNSPECIFIED.);
#565=B_SPLINE_CURVE_WITH_KNOTS('',3,(#8278,#8279,#8280,#8281),
 .UNSPECIFIED.,.F.,.F.,(4,4),(-1.56931501711882,-1.56880264737427),
 .UNSPECIFIED.);
#566=B_SPLINE_CURVE_WITH_KNOTS('',3,(#8282,#8283,#8284,#8285,#8286,#8287,
#8288),.UNSPECIFIED.,.F.,.F.,(4,1,1,1,4),(-1.58470453677286,-1.34937262886636,
-1.11404072095987,-0.878708813053381,-0.761042859100135),.UNSPECIFIED.);
#567=B_SPLINE_CURVE_WITH_KNOTS('',3,(#8307,#8308,#8309,#8310),
 .UNSPECIFIED.,.F.,.F.,(4,4),(-1.,0.),.UNSPECIFIED.);
#568=B_SPLINE_CURVE_WITH_KNOTS('',3,(#8311,#8312,#8313,#8314),
 .UNSPECIFIED.,.F.,.F.,(4,4),(0.,1.),.UNSPECIFIED.);
#569=B_SPLINE_CURVE_WITH_KNOTS('',3,(#8372,#8373,#8374,#8375,#8376,#8377,
#8378,#8379),.UNSPECIFIED.,.F.,.F.,(4,2,2,4),(0.390888677592393,0.505243343692098,
0.81270485779712,0.813678170941822),.UNSPECIFIED.);
#570=B_SPLINE_CURVE_WITH_KNOTS('',3,(#8381,#8382,#8383,#8384,#8385,#8386,
#8387,#8388),.UNSPECIFIED.,.F.,.F.,(4,1,1,1,1,4),(-9.46027073555015,-9.18900989079242,
-8.64648820127695,-8.10396651176148,-7.83270566700374,-7.56144482224601),
 .UNSPECIFIED.);
#571=B_SPLINE_CURVE_WITH_KNOTS('',3,(#8391,#8392,#8393,#8394),
 .UNSPECIFIED.,.F.,.F.,(4,4),(0.,0.453913025836893),.UNSPECIFIED.);
#572=B_SPLINE_CURVE_WITH_KNOTS('',3,(#8418,#8419,#8420,#8421),
 .UNSPECIFIED.,.F.,.F.,(4,4),(0.,1.),.UNSPECIFIED.);
#573=B_SPLINE_CURVE_WITH_KNOTS('',3,(#8423,#8424,#8425,#8426,#8427),
 .UNSPECIFIED.,.F.,.F.,(4,1,4),(0.761065341801718,1.00228365951964,1.32390808314354),
 .UNSPECIFIED.);
#574=B_SPLINE_CURVE_WITH_KNOTS('',3,(#8430,#8431,#8432,#8433,#8434),
 .UNSPECIFIED.,.F.,.F.,(4,1,4),(-1.32390808314354,-1.00228365951964,-0.761065341801718),
 .UNSPECIFIED.);
#575=B_SPLINE_CURVE_WITH_KNOTS('',3,(#8438,#8439,#8440,#8441),
 .UNSPECIFIED.,.F.,.F.,(4,4),(0.476776479470572,0.548249348807488),
 .UNSPECIFIED.);
#576=B_SPLINE_CURVE_WITH_KNOTS('',3,(#8463,#8464,#8465,#8466),
 .UNSPECIFIED.,.F.,.F.,(4,4),(-1.06131235349674,-1.05506514383748),
 .UNSPECIFIED.);
#577=B_SPLINE_CURVE_WITH_KNOTS('',3,(#8467,#8468,#8469,#8470),
 .UNSPECIFIED.,.F.,.F.,(4,4),(1.05506514383748,1.06131235349674),
 .UNSPECIFIED.);
#578=B_SPLINE_CURVE_WITH_KNOTS('',3,(#8487,#8488,#8489,#8490),
 .UNSPECIFIED.,.F.,.F.,(4,4),(-1.,0.),.UNSPECIFIED.);
#579=B_SPLINE_CURVE_WITH_KNOTS('',3,(#8491,#8492,#8493,#8494),
 .UNSPECIFIED.,.F.,.F.,(4,4),(0.,1.),.UNSPECIFIED.);
#580=B_SPLINE_CURVE_WITH_KNOTS('',3,(#8528,#8529,#8530,#8531),
 .UNSPECIFIED.,.F.,.F.,(4,4),(-1.,0.),.UNSPECIFIED.);
#581=B_SPLINE_CURVE_WITH_KNOTS('',3,(#8533,#8534,#8535,#8536,#8537),
 .UNSPECIFIED.,.F.,.F.,(4,1,4),(-1.86904802318312,-1.4525384354643,-1.14015624467518),
 .UNSPECIFIED.);
#582=B_SPLINE_CURVE_WITH_KNOTS('',3,(#8539,#8540,#8541,#8542,#8543,#8544,
#8545),.UNSPECIFIED.,.F.,.F.,(4,3,4),(0.,0.0378756750583231,0.0755514674976182),
 .UNSPECIFIED.);
#583=B_SPLINE_CURVE_WITH_KNOTS('',3,(#8547,#8548,#8549,#8550),
 .UNSPECIFIED.,.F.,.F.,(4,4),(1.1550576120853,1.15545035238061),
 .UNSPECIFIED.);
#584=B_SPLINE_CURVE_WITH_KNOTS('',3,(#8551,#8552,#8553,#8554,#8555),
 .UNSPECIFIED.,.F.,.F.,(4,1,4),(1.15545155524725,1.4525384354643,1.86904802318312),
 .UNSPECIFIED.);
#585=B_SPLINE_CURVE_WITH_KNOTS('',3,(#8564,#8565,#8566,#8567),
 .UNSPECIFIED.,.F.,.F.,(4,4),(-0.00841844506214612,-0.00797071773657448),
 .UNSPECIFIED.);
#586=B_SPLINE_CURVE_WITH_KNOTS('',3,(#8584,#8585,#8586,#8587),
 .UNSPECIFIED.,.F.,.F.,(4,4),(-1.,0.),.UNSPECIFIED.);
#587=B_SPLINE_CURVE_WITH_KNOTS('',3,(#8588,#8589,#8590,#8591),
 .UNSPECIFIED.,.F.,.F.,(4,4),(0.,1.),.UNSPECIFIED.);
#588=B_SPLINE_CURVE_WITH_KNOTS('',3,(#8597,#8598,#8599,#8600,#8601,#8602,
#8603,#8604,#8605,#8606,#8607,#8608,#8609,#8610,#8611,#8612,#8613,#8614,
#8615,#8616,#8617,#8618),.UNSPECIFIED.,.F.,.F.,(4,3,3,3,3,3,3,4),(-5.34205591981663,
-5.27033964066223,-5.1980754998538,-5.12567928321771,-5.05336550369465,
-5.03715730095185,-4.96546446168131,-4.89858138027511),.UNSPECIFIED.);
#589=B_SPLINE_CURVE_WITH_KNOTS('',3,(#8630,#8631,#8632,#8633,#8634),
 .UNSPECIFIED.,.F.,.F.,(4,1,4),(1.57222597516302E-15,0.43234133533813,0.654625007715676),
 .UNSPECIFIED.);
#590=B_SPLINE_CURVE_WITH_KNOTS('',3,(#8638,#8639,#8640,#8641,#8642),
 .UNSPECIFIED.,.F.,.F.,(4,1,4),(-0.654625007423559,-0.432341335343531,0.),
 .UNSPECIFIED.);
#591=B_SPLINE_CURVE_WITH_KNOTS('',3,(#8697,#8698,#8699,#8700,#8701),
 .UNSPECIFIED.,.F.,.F.,(4,1,4),(0.,0.432341335338137,0.654625007715656),
 .UNSPECIFIED.);
#592=B_SPLINE_CURVE_WITH_KNOTS('',3,(#8705,#8706,#8707,#8708,#8709),
 .UNSPECIFIED.,.F.,.F.,(4,1,4),(-0.654625007423537,-0.432341335343454,0.),
 .UNSPECIFIED.);
#593=B_SPLINE_CURVE_WITH_KNOTS('',3,(#8764,#8765,#8766,#8767,#8768),
 .UNSPECIFIED.,.F.,.F.,(4,1,4),(0.,0.432341335338047,0.654625007715606),
 .UNSPECIFIED.);
#594=B_SPLINE_CURVE_WITH_KNOTS('',3,(#8772,#8773,#8774,#8775,#8776),
 .UNSPECIFIED.,.F.,.F.,(4,1,4),(-0.654625007423505,-0.432341335343581,0.),
 .UNSPECIFIED.);
#595=B_SPLINE_CURVE_WITH_KNOTS('',3,(#8839,#8840,#8841,#8842,#8843),
 .UNSPECIFIED.,.F.,.F.,(4,1,4),(0.,0.432341335338051,0.654625007715647),
 .UNSPECIFIED.);
#596=B_SPLINE_CURVE_WITH_KNOTS('',3,(#8846,#8847,#8848,#8849,#8850),
 .UNSPECIFIED.,.F.,.F.,(4,1,4),(-0.654625007423537,-0.432341335343659,-7.49479103655762E-16),
 .UNSPECIFIED.);
#597=B_SPLINE_CURVE_WITH_KNOTS('',3,(#8918,#8919,#8920,#8921,#8922,#8923,
#8924,#8925,#8926,#8927,#8928,#8929,#8930,#8931,#8932,#8933,#8934,#8935,
#8936,#8937,#8938,#8939,#8940,#8941,#8942,#8943,#8944,#8945,#8946,#8947,
#8948,#8949,#8950,#8951,#8952,#8953,#8954,#8955,#8956,#8957,#8958,#8959,
#8960,#8961,#8962,#8963,#8964,#8965,#8966,#8967,#8968,#8969,#8970,#8971,
#8972,#8973,#8974,#8975),.UNSPECIFIED.,.F.,.F.,(4,3,3,3,3,3,3,3,3,3,3,3,
3,3,3,3,3,3,3,4),(-0.000918397279009176,0.,0.00362644697645899,0.00696786408165244,
0.00880981263666124,0.016456635333183,0.0255234517939339,0.0318216930979352,
0.0401720323719727,0.0471303192133568,0.0549063022785475,0.0620719119562608,
0.0680947610580058,0.0741925723602432,0.0797725368577445,0.0802903836624806,
0.0855794057416305,0.0907405202816416,0.095748964830745,0.0988531088053249),
 .UNSPECIFIED.);
#598=B_SPLINE_CURVE_WITH_KNOTS('',3,(#8978,#8979,#8980,#8981,#8982,#8983),
 .UNSPECIFIED.,.F.,.F.,(4,1,1,4),(0.,0.432341335343531,0.720568892239218,
1.00877649390277),.UNSPECIFIED.);
#599=B_SPLINE_CURVE_WITH_KNOTS('',3,(#9019,#9020,#9021,#9022,#9023,#9024,
#9025,#9026,#9027,#9028,#9029,#9030,#9031,#9032,#9033,#9034,#9035,#9036,
#9037,#9038,#9039,#9040,#9041,#9042,#9043,#9044,#9045,#9046,#9047,#9048,
#9049,#9050,#9051,#9052,#9053,#9054,#9055,#9056,#9057,#9058,#9059,#9060,
#9061,#9062,#9063,#9064,#9065,#9066,#9067,#9068,#9069,#9070,#9071,#9072,
#9073,#9074,#9075,#9076,#9077,#9078,#9079),.UNSPECIFIED.,.F.,.F.,(4,3,3,
3,3,3,3,3,3,3,3,3,3,3,3,3,3,3,3,3,4),(0.,0.020384461488618,0.0412708189366569,
0.0629950997008359,0.0736356582249732,0.0965680656517192,0.102035493290886,
0.127151157788104,0.140158696884108,0.166951154872527,0.194456565609284,
0.212671462676684,0.242609882380829,0.273017701041827,0.280794722928137,
0.31085804981144,0.314810692070267,0.329195437842381,0.342788868062013,
0.358389147691812,0.36396088580867),.UNSPECIFIED.);
#600=B_SPLINE_CURVE_WITH_KNOTS('',3,(#9080,#9081,#9082,#9083,#9084,#9085),
 .UNSPECIFIED.,.F.,.F.,(4,1,1,4),(-1.0087764939032,-0.720568892230216,-0.43234133533813,
-1.57222597516302E-15),.UNSPECIFIED.);
#601=B_SPLINE_CURVE_WITH_KNOTS('',3,(#9117,#9118,#9119,#9120,#9121,#9122,
#9123,#9124,#9125,#9126,#9127,#9128,#9129,#9130,#9131,#9132,#9133,#9134,
#9135,#9136,#9137,#9138,#9139,#9140,#9141,#9142,#9143,#9144,#9145,#9146,
#9147,#9148,#9149,#9150,#9151,#9152,#9153,#9154,#9155,#9156,#9157,#9158,
#9159,#9160,#9161,#9162,#9163,#9164,#9165,#9166,#9167,#9168,#9169,#9170,
#9171,#9172,#9173,#9174),.UNSPECIFIED.,.F.,.F.,(4,3,3,3,3,3,3,3,3,3,3,3,
3,3,3,3,3,3,3,4),(-0.000918397279514982,0.,0.00362644707025574,0.00696786425482586,
0.00880981276976511,0.0164566354469646,0.0255234518862235,0.0318216931740904,
0.040172032427856,0.0471303192522676,0.0549063022985149,0.0620719119582013,
0.0680947610453395,0.0741925723330222,0.0797725368169779,0.0802903836207048,
0.0855794056870227,0.0907405202145329,0.0957489647514912,0.0988531087183988),
 .UNSPECIFIED.);
#602=B_SPLINE_CURVE_WITH_KNOTS('',3,(#9177,#9178,#9179,#9180,#9181,#9182),
 .UNSPECIFIED.,.F.,.F.,(4,1,1,4),(0.,0.432341335343454,0.720568892239091,
1.00877649390255),.UNSPECIFIED.);
#603=B_SPLINE_CURVE_WITH_KNOTS('',3,(#9218,#9219,#9220,#9221,#9222,#9223,
#9224,#9225,#9226,#9227,#9228,#9229,#9230,#9231,#9232,#9233,#9234,#9235,
#9236,#9237,#9238,#9239,#9240,#9241,#9242,#9243,#9244,#9245,#9246,#9247,
#9248,#9249,#9250,#9251,#9252,#9253,#9254,#9255,#9256,#9257,#9258,#9259,
#9260,#9261,#9262,#9263,#9264,#9265,#9266,#9267,#9268,#9269,#9270,#9271,
#9272,#9273,#9274,#9275,#9276,#9277,#9278),.UNSPECIFIED.,.F.,.F.,(4,3,3,
3,3,3,3,3,3,3,3,3,3,3,3,3,3,3,3,3,4),(0.,0.0203844614885938,0.0412708189367029,
0.0629950997008989,0.0736356582250527,0.0965680656516125,0.102035493284165,
0.127151157781407,0.140158696884247,0.166951154872318,0.194456565608576,
0.212671462658315,0.242609882351547,0.273017701009017,0.280794722919251,
0.310858049735746,0.314810692068366,0.329195437915425,0.342788868167099,
0.358389147815768,0.363960885974601),.UNSPECIFIED.);
#604=B_SPLINE_CURVE_WITH_KNOTS('',3,(#9279,#9280,#9281,#9282,#9283,#9284),
 .UNSPECIFIED.,.F.,.F.,(4,1,1,4),(-1.00877649390321,-0.720568892230228,
-0.432341335338137,0.),.UNSPECIFIED.);
#605=B_SPLINE_CURVE_WITH_KNOTS('',3,(#9316,#9317,#9318,#9319,#9320,#9321,
#9322,#9323,#9324,#9325,#9326,#9327,#9328,#9329,#9330,#9331,#9332,#9333,
#9334,#9335,#9336,#9337,#9338,#9339,#9340,#9341,#9342,#9343,#9344,#9345,
#9346,#9347,#9348,#9349,#9350,#9351,#9352,#9353,#9354,#9355,#9356,#9357,
#9358,#9359,#9360,#9361,#9362,#9363,#9364,#9365,#9366,#9367,#9368,#9369,
#9370,#9371,#9372,#9373,#9374,#9375,#9376),.UNSPECIFIED.,.F.,.F.,(4,3,3,
3,3,3,3,3,3,3,3,3,3,3,3,3,3,3,3,3,4),(0.,0.0203844614886648,0.0412708189366652,
0.0629950997008683,0.0736356582248344,0.0965680656516054,0.102035493290907,
0.127151157787968,0.140158696884156,0.166951154872727,0.194456565609554,
0.212671462676811,0.242609882374206,0.273017701033393,0.280794722928381,
0.310858049768866,0.314810692071899,0.329195437825502,0.342788868039842,
0.35838914767748,0.363960885786937),.UNSPECIFIED.);
#606=B_SPLINE_CURVE_WITH_KNOTS('',3,(#9378,#9379,#9380,#9381,#9382,#9383),
 .UNSPECIFIED.,.F.,.F.,(4,1,1,4),(-1.00877649390298,-0.720568892230084,
-0.432341335338051,0.),.UNSPECIFIED.);
#607=B_SPLINE_CURVE_WITH_KNOTS('',3,(#9420,#9421,#9422,#9423,#9424,#9425,
#9426,#9427,#9428,#9429,#9430,#9431,#9432,#9433,#9434,#9435,#9436,#9437,
#9438,#9439,#9440,#9441,#9442,#9443,#9444,#9445,#9446,#9447,#9448,#9449,
#9450,#9451,#9452,#9453,#9454,#9455,#9456,#9457,#9458,#9459,#9460,#9461,
#9462,#9463,#9464,#9465,#9466,#9467,#9468,#9469,#9470,#9471,#9472,#9473,
#9474,#9475,#9476,#9477),.UNSPECIFIED.,.F.,.F.,(4,3,3,3,3,3,3,3,3,3,3,3,
3,3,3,3,3,3,3,4),(-0.000918397278611843,0.,0.00362644720006217,0.00696786449678106,
0.00880981296234953,0.0164566356240342,0.025523452043973,0.0318216933179482,
0.0401720325536151,0.0471303193627933,0.0549063023922732,0.0620719120370096,
0.068094761111118,0.0741925723852943,0.0797725368571991,0.0802903836594707,
0.0855794057143476,0.0907405202306791,0.095748964756796,0.0988531087171499),
 .UNSPECIFIED.);
#608=B_SPLINE_CURVE_WITH_KNOTS('',3,(#9478,#9479,#9480,#9481,#9482,#9483),
 .UNSPECIFIED.,.F.,.F.,(4,1,1,4),(7.49479103655762E-16,0.432341335343659,
0.720568892239431,1.00877649390311),.UNSPECIFIED.);
#609=B_SPLINE_CURVE_WITH_KNOTS('',3,(#9527,#9528,#9529,#9530,#9531,#9532,
#9533,#9534,#9535,#9536,#9537,#9538,#9539),.UNSPECIFIED.,.F.,.F.,(4,3,3,
3,4),(0.635942653828998,0.795957509933838,1.22933574047332,1.6627139710128,
2.09609220144047),.UNSPECIFIED.);
#610=B_SPLINE_CURVE_WITH_KNOTS('',3,(#9541,#9542,#9543,#9544,#9545,#9546,
#9547,#9548,#9549,#9550),.UNSPECIFIED.,.F.,.F.,(4,2,2,2,4),(0.,0.138072742835055,
0.317302018740102,0.518519574757181,0.691947212987661),.UNSPECIFIED.);
#611=B_SPLINE_CURVE_WITH_KNOTS('',3,(#9552,#9553,#9554,#9555,#9556,#9557,
#9558,#9559,#9560,#9561,#9562,#9563),.UNSPECIFIED.,.F.,.F.,(4,2,2,2,2,4),
(1.05051287142845,1.23554295593968,1.43575244377603,1.65195311695576,1.73220837586479,
1.74121591974384),.UNSPECIFIED.);
#612=B_SPLINE_CURVE_WITH_KNOTS('',3,(#9565,#9566,#9567,#9568,#9569,#9570,
#9571),.UNSPECIFIED.,.F.,.F.,(4,3,4),(-0.879304097547699,-0.795957509932497,
-0.580348522378667),.UNSPECIFIED.);
#613=B_SPLINE_CURVE_WITH_KNOTS('',3,(#9572,#9573,#9574,#9575),
 .UNSPECIFIED.,.F.,.F.,(4,4),(-0.00794496812410006,-0.00686883590075394),
 .UNSPECIFIED.);
#614=B_SPLINE_CURVE_WITH_KNOTS('',3,(#9578,#9579,#9580,#9581,#9582,#9583,
#9584,#9585,#9586,#9587,#9588,#9589,#9590),.UNSPECIFIED.,.F.,.F.,(4,3,3,
3,4),(-1.21678810389378,-0.783409874362997,-0.566720759541702,-0.133342529899113,
0.243361441456532),.UNSPECIFIED.);
#615=B_SPLINE_CURVE_WITH_KNOTS('',3,(#9592,#9593,#9594,#9595,#9596,#9597),
 .UNSPECIFIED.,.F.,.F.,(4,2,4),(4.66041408881434,5.04766933037404,5.04966737049025),
 .UNSPECIFIED.);
#616=B_SPLINE_CURVE_WITH_KNOTS('',3,(#9600,#9601,#9602,#9603,#9604,#9605),
 .UNSPECIFIED.,.F.,.F.,(4,2,4),(-0.0020296944730155,0.,0.392911771927827),
 .UNSPECIFIED.);
#617=B_SPLINE_CURVE_WITH_KNOTS('',3,(#9649,#9650,#9651,#9652),
 .UNSPECIFIED.,.F.,.F.,(4,4),(1.32509909659043,1.32616949531218),
 .UNSPECIFIED.);
#618=B_SPLINE_CURVE_WITH_KNOTS('',3,(#9654,#9655,#9656,#9657),
 .UNSPECIFIED.,.F.,.F.,(4,4),(-0.2989555698881,-1.07747144539871E-13),
 .UNSPECIFIED.);
#619=B_SPLINE_CURVE_WITH_KNOTS('',3,(#9659,#9660,#9661,#9662,#9663,#9664,
#9665,#9666,#9667,#9668,#9669,#9670),.UNSPECIFIED.,.F.,.F.,(4,2,2,2,2,4),
(-0.0116581163160544,0.,0.103871280062459,0.383691454524426,0.64281485607668,
0.882292142555965),.UNSPECIFIED.);
#620=B_SPLINE_CURVE_WITH_KNOTS('',3,(#9671,#9672,#9673,#9674,#9675,#9676,
#9677,#9678,#9679,#9680,#9681,#9682),.UNSPECIFIED.,.F.,.F.,(4,2,2,2,2,4),
(-1.90064724557373,-1.72573080411332,-1.5670460215938,-1.34601481931273,
-1.1800102001133,-1.13619168105575),.UNSPECIFIED.);
#621=B_SPLINE_CURVE_WITH_KNOTS('',3,(#9714,#9715,#9716,#9717,#9718,#9719,
#9720,#9721,#9722,#9723,#9724,#9725,#9726,#9727,#9728,#9729,#9730,#9731,
#9732,#9733,#9734,#9735,#9736,#9737,#9738,#9739,#9740,#9741,#9742,#9743,
#9744,#9745,#9746,#9747,#9748,#9749,#9750,#9751,#9752,#9753,#9754,#9755,
#9756,#9757,#9758,#9759,#9760,#9761,#9762,#9763,#9764,#9765,#9766,#9767,
#9768,#9769,#9770,#9771),.UNSPECIFIED.,.F.,.F.,(4,3,3,3,3,3,3,3,3,3,3,3,
3,3,3,3,3,3,3,4),(-0.000918397278987593,0.,0.00362644724628508,0.00696786458213438,
0.0088098130301424,0.0164566356870122,0.0255234521003632,0.031821693371346,
0.0401720326017858,0.0471303194064528,0.0549063024310453,0.0620719120712931,
0.0680947611415995,0.0741925724119707,0.0797725368803306,0.080290383682342,
0.0855794057338939,0.0907405202469813,0.0957489647699588,0.0988531087283082),
 .UNSPECIFIED.);
#622=B_SPLINE_CURVE_WITH_KNOTS('',3,(#9774,#9775,#9776,#9777,#9778,#9779),
 .UNSPECIFIED.,.F.,.F.,(4,1,1,4),(0.,0.432341335343581,0.720568892239303,
1.00877649390288),.UNSPECIFIED.);
#623=B_SPLINE_CURVE_WITH_KNOTS('',3,(#9815,#9816,#9817,#9818,#9819,#9820,
#9821,#9822,#9823,#9824,#9825,#9826,#9827,#9828,#9829,#9830,#9831,#9832,
#9833,#9834,#9835,#9836,#9837,#9838,#9839,#9840,#9841,#9842,#9843,#9844,
#9845,#9846,#9847,#9848,#9849,#9850,#9851,#9852,#9853,#9854,#9855,#9856,
#9857,#9858,#9859,#9860,#9861,#9862,#9863,#9864,#9865,#9866,#9867,#9868,
#9869,#9870,#9871,#9872,#9873,#9874,#9875),.UNSPECIFIED.,.F.,.F.,(4,3,3,
3,3,3,3,3,3,3,3,3,3,3,3,3,3,3,3,3,4),(0.,0.0203844614885915,0.0412708189366623,
0.0629950997008771,0.0736356582248287,0.0965680656515085,0.10203549329089,
0.127151157787943,0.140158696884111,0.166951154872784,0.19445656560968,
0.212671462676728,0.242609882385566,0.273017701048102,0.280794722928501,
0.310858049775091,0.314810692071294,0.329195437827303,0.342788868039889,
0.35838914766091,0.363960885762195),.UNSPECIFIED.);
#624=B_SPLINE_CURVE_WITH_KNOTS('',3,(#9876,#9877,#9878,#9879,#9880,#9881),
 .UNSPECIFIED.,.F.,.F.,(4,1,1,4),(-1.00877649390297,-0.720568892230077,
-0.432341335338047,0.),.UNSPECIFIED.);
#625=B_SPLINE_CURVE_WITH_KNOTS('',3,(#9900,#9901,#9902,#9903),
 .UNSPECIFIED.,.F.,.F.,(4,4),(2.83194468059482,2.96735991650315),
 .UNSPECIFIED.);
#626=B_SPLINE_CURVE_WITH_KNOTS('',3,(#9904,#9905,#9906,#9907),
 .UNSPECIFIED.,.F.,.F.,(4,4),(1.45688919001157,1.59230442717012),
 .UNSPECIFIED.);
#627=B_SPLINE_CURVE_WITH_KNOTS('',3,(#9909,#9910,#9911,#9912),
 .UNSPECIFIED.,.F.,.F.,(4,4),(1.45688898052881,1.59230421594525),
 .UNSPECIFIED.);
#628=B_SPLINE_CURVE_WITH_KNOTS('',3,(#9913,#9914,#9915,#9916),
 .UNSPECIFIED.,.F.,.F.,(4,4),(2.83194452321802,2.96735976037658),
 .UNSPECIFIED.);
#629=B_SPLINE_CURVE_WITH_KNOTS('',3,(#9918,#9919,#9920,#9921),
 .UNSPECIFIED.,.F.,.F.,(4,4),(1.45688910128946,1.59230433771017),
 .UNSPECIFIED.);
#630=B_SPLINE_CURVE_WITH_KNOTS('',3,(#9922,#9923,#9924,#9925),
 .UNSPECIFIED.,.F.,.F.,(4,4),(2.83194474251356,2.96735997793001),
 .UNSPECIFIED.);
#631=B_SPLINE_CURVE_WITH_KNOTS('',3,(#9927,#9928,#9929,#9930),
 .UNSPECIFIED.,.F.,.F.,(4,4),(2.83194461609614,2.96735985251685),
 .UNSPECIFIED.);
#632=B_SPLINE_CURVE_WITH_KNOTS('',3,(#9931,#9932,#9933,#9934),
 .UNSPECIFIED.,.F.,.F.,(4,4),(1.45688903967688,1.59230427558522),
 .UNSPECIFIED.);
#633=B_SPLINE_CURVE_WITH_KNOTS('',3,(#9949,#9950,#9951,#9952,#9953,#9954,
#9955,#9956,#9957,#9958,#9959,#9960,#9961),.UNSPECIFIED.,.F.,.F.,(4,3,3,
3,4),(-1.2167881038938,-1.00009898918431,-0.566720759541721,-0.133342529899133,
0.243361441456569),.UNSPECIFIED.);
#634=B_SPLINE_CURVE_WITH_KNOTS('',3,(#9963,#9964,#9965,#9966,#9967,#9968),
 .UNSPECIFIED.,.F.,.F.,(4,2,4),(4.66041411024319,5.04766935286961,5.04966739301271),
 .UNSPECIFIED.);
#635=B_SPLINE_CURVE_WITH_KNOTS('',3,(#9972,#9973,#9974,#9975,#9976,#9977),
 .UNSPECIFIED.,.F.,.F.,(4,2,4),(-0.00202969447326958,0.,0.392911771948987),
 .UNSPECIFIED.);
#636=B_SPLINE_CURVE_WITH_KNOTS('',3,(#9978,#9979,#9980,#9981,#9982,#9983,
#9984,#9985,#9986,#9987,#9988,#9989,#9990),.UNSPECIFIED.,.F.,.F.,(4,3,3,
3,4),(0.635942653829149,1.0126466252036,1.44602485574307,1.66271397101281,
2.09609220144047),.UNSPECIFIED.);
#637=B_SPLINE_CURVE_WITH_KNOTS('',3,(#9993,#9994,#9995,#9996,#9997,#9998,
#9999,#10000),.UNSPECIFIED.,.F.,.F.,(4,2,2,4),(0.00850472055050947,0.0983205181623552,
0.261330950181571,0.327667338703875),.UNSPECIFIED.);
#638=B_SPLINE_CURVE_WITH_KNOTS('',3,(#10004,#10005,#10006,#10007,#10008,
#10009,#10010,#10011),.UNSPECIFIED.,.F.,.F.,(4,2,2,4),(0.390888677065507,
0.505243341822898,0.812704854510907,0.81367816765302),.UNSPECIFIED.);
#639=B_SPLINE_CURVE_WITH_KNOTS('',3,(#10014,#10015,#10016,#10017,#10018,
#10019,#10020,#10021,#10022,#10023,#10024,#10025,#10026),.UNSPECIFIED.,
 .F.,.F.,(4,3,3,3,4),(-1.21678810389378,-1.00009898918429,-0.566720759541686,
-0.133342529899087,0.243361441456591),.UNSPECIFIED.);
#640=B_SPLINE_CURVE_WITH_KNOTS('',3,(#10028,#10029,#10030,#10031,#10032,
#10033),.UNSPECIFIED.,.F.,.F.,(4,2,4),(-5.04966737033333,-5.04766933019958,
-4.66041408934291),.UNSPECIFIED.);
#641=B_SPLINE_CURVE_WITH_KNOTS('',3,(#10037,#10038,#10039,#10040,#10041,
#10042),.UNSPECIFIED.,.F.,.F.,(4,2,4),(-0.00202969444050384,0.,0.392911770196665),
 .UNSPECIFIED.);
#642=B_SPLINE_CURVE_WITH_KNOTS('',3,(#10043,#10044,#10045,#10046,#10047,
#10048,#10049,#10050,#10051,#10052,#10053,#10054,#10055),.UNSPECIFIED.,
 .F.,.F.,(4,3,3,3,4),(0.635942653829017,1.01264662520361,1.44602485574308,
1.66271397101281,2.09609220144047),.UNSPECIFIED.);
#643=B_SPLINE_CURVE_WITH_KNOTS('',3,(#10058,#10059,#10060,#10061,#10062,
#10063,#10064,#10065),.UNSPECIFIED.,.F.,.F.,(4,2,2,4),(-0.00156287710016051,
0.,0.500958200592051,0.690344080164721),.UNSPECIFIED.);
#644=B_SPLINE_CURVE_WITH_KNOTS('',3,(#10070,#10071,#10072,#10073,#10074,
#10075,#10076,#10077),.UNSPECIFIED.,.F.,.F.,(4,2,2,4),(-0.00156287874507545,
0.,0.500958363256706,0.690344295940055),.UNSPECIFIED.);
#645=B_SPLINE_CURVE_WITH_KNOTS('',3,(#10081,#10082,#10083,#10084,#10085,
#10086,#10087,#10088),.UNSPECIFIED.,.F.,.F.,(4,2,2,4),(0.390888676539344,
0.50524333995329,0.812704851453483,0.813678164595025),.UNSPECIFIED.);
#646=B_SPLINE_CURVE_WITH_KNOTS('',3,(#10099,#10100,#10101,#10102,#10103,
#10104,#10105),.UNSPECIFIED.,.F.,.F.,(4,1,1,1,4),(7.55057066210269,7.82110726511891,
8.36218047115134,8.90325367718378,9.44432688321622),.UNSPECIFIED.);
#647=B_SPLINE_CURVE_WITH_KNOTS('',3,(#10110,#10111,#10112,#10113,#10114,
#10115,#10116,#10117,#10118,#10119,#10120,#10121,#10122,#10123,#10124,#10125,
#10126,#10127,#10128,#10129,#10130,#10131,#10132,#10133,#10134,#10135,#10136,
#10137,#10138,#10139,#10140,#10141,#10142,#10143,#10144,#10145,#10146,#10147,
#10148,#10149,#10150,#10151,#10152,#10153,#10154,#10155,#10156,#10157,#10158,
#10159,#10160,#10161,#10162,#10163,#10164,#10165,#10166,#10167,#10168,#10169,
#10170,#10171,#10172,#10173,#10174,#10175,#10176,#10177,#10178,#10179,#10180,
#10181,#10182,#10183,#10184,#10185,#10186,#10187,#10188),.UNSPECIFIED.,
 .F.,.F.,(4,3,3,3,3,3,3,3,3,3,3,3,3,3,3,3,3,3,3,3,3,3,3,3,3,3,4),(-9.46027074391893,
-9.38210456209802,-9.3020110440231,-9.27198354428544,-9.18637452320624,
-9.09948128390772,-9.01109296892599,-8.94263657922073,-8.91750790376198,
-8.83116192612602,-8.74114906776182,-8.65024021687033,-8.56055987269932,
-8.4774674269007,-8.38167362730569,-8.37505270648739,-8.27973011260533,
-8.18728095290094,-8.1041648706481,-8.03622699415241,-8.00860187978929,
-7.99648807094747,-7.88704059236224,-7.83241336466536,-7.7290744311841,
-7.62771255055801,-7.56144482699243),.UNSPECIFIED.);
#648=B_SPLINE_CURVE_WITH_KNOTS('',3,(#10241,#10242,#10243,#10244,#10245),
 .UNSPECIFIED.,.F.,.F.,(4,1,4),(7.56144482699243,7.83270567226765,7.96777125747161),
 .UNSPECIFIED.);
#649=B_SPLINE_CURVE_WITH_KNOTS('',3,(#10462,#10463,#10464,#10465),
 .UNSPECIFIED.,.F.,.F.,(4,4),(-3.07480435510866,-2.66589568735761),
 .UNSPECIFIED.);
#650=B_SPLINE_CURVE_WITH_KNOTS('',3,(#10472,#10473,#10474,#10475),
 .UNSPECIFIED.,.F.,.F.,(4,4),(-0.87930409754771,-0.580348522378662),
 .UNSPECIFIED.);
#651=B_SPLINE_CURVE_WITH_KNOTS('',3,(#10480,#10481,#10482,#10483,#10484,
#10485,#10486,#10487,#10488,#10489),.UNSPECIFIED.,.F.,.F.,(4,2,2,2,4),(0.,
0.138072742835057,0.317302018740215,0.51851957475752,0.691947212988236),
 .UNSPECIFIED.);
#652=B_SPLINE_CURVE_WITH_KNOTS('',3,(#10532,#10533,#10534,#10535,#10536,
#10537,#10538,#10539,#10540,#10541,#10542,#10543),.UNSPECIFIED.,.F.,.F.,
(4,2,2,2,2,4),(1.05051287142763,1.23554295593824,1.43575244377394,1.65195311694797,
1.73220837586075,1.74121591974835),.UNSPECIFIED.);
#653=B_SPLINE_CURVE_WITH_KNOTS('',3,(#10544,#10545,#10546,#10547),
 .UNSPECIFIED.,.F.,.F.,(4,4),(-0.0079449692431015,-0.00686883696374466),
 .UNSPECIFIED.);
#654=B_SPLINE_CURVE_WITH_KNOTS('',3,(#10550,#10551,#10552,#10553,#10554,
#10555,#10556,#10557,#10558,#10559,#10560,#10561),.UNSPECIFIED.,.F.,.F.,
(4,2,2,2,2,4),(-1.9006472455713,-1.7257308041114,-1.56704602159244,-1.34601481931213,
-1.18001020011344,-1.13619168105613),.UNSPECIFIED.);
#655=B_SPLINE_CURVE_WITH_KNOTS('',3,(#10564,#10565,#10566,#10567,#10568,
#10569,#10570,#10571,#10572,#10573,#10574,#10575,#10576,#10577,#10578,#10579,
#10580,#10581,#10582,#10583,#10584,#10585,#10586,#10587,#10588,#10589,#10590,
#10591,#10592,#10593,#10594,#10595,#10596,#10597,#10598,#10599,#10600,#10601,
#10602,#10603,#10604,#10605,#10606,#10607,#10608,#10609,#10610,#10611,#10612,
#10613,#10614,#10615,#10616,#10617,#10618,#10619,#10620,#10621,#10622,#10623,
#10624,#10625,#10626,#10627,#10628,#10629,#10630,#10631,#10632,#10633,#10634,
#10635,#10636,#10637,#10638,#10639,#10640,#10641,#10642),.UNSPECIFIED.,
 .F.,.F.,(4,3,3,3,3,3,3,3,3,3,3,3,3,3,3,3,3,3,3,3,3,3,3,3,3,3,4),(-9.46027073986602,
-9.38210455811523,-9.3020110401574,-9.27198354259253,-9.18637452172978,
-9.09948128267509,-9.01109296796318,-8.94263657595256,-8.91750790021862,
-8.83116192288163,-8.741149064838,-8.65024021422913,-8.56055987022003,-8.47746742611369,
-8.38167362667533,-8.37505270348412,-8.27973010969247,-8.18728094995967,
-8.10416486791276,-8.03622699148032,-8.00860187609931,-7.99648806831683,
-7.88704058966067,-7.832413362183,-7.72907442846352,-7.62771254755482,-7.56144482477469),
 .UNSPECIFIED.);
#656=B_SPLINE_CURVE_WITH_KNOTS('',3,(#10646,#10647,#10648,#10649),
 .UNSPECIFIED.,.F.,.F.,(4,4),(-0.298955569888052,-1.0813572259849E-13),
 .UNSPECIFIED.);
#657=B_SPLINE_CURVE_WITH_KNOTS('',3,(#10693,#10694,#10695,#10696),
 .UNSPECIFIED.,.F.,.F.,(4,4),(1.32509909641473,1.32616949513628),
 .UNSPECIFIED.);
#658=B_SPLINE_CURVE_WITH_KNOTS('',3,(#10697,#10698,#10699,#10700,#10701,
#10702,#10703,#10704,#10705,#10706,#10707,#10708),.UNSPECIFIED.,.F.,.F.,
(4,2,2,2,2,4),(-0.0116581167624616,0.,0.103871281474459,0.383691460021007,
0.642814865400046,0.88229215541604),.UNSPECIFIED.);
#659=B_SPLINE_CURVE_WITH_KNOTS('',3,(#10759,#10760,#10761,#10762,#10763),
 .UNSPECIFIED.,.F.,.F.,(4,1,4),(7.56144482477469,7.83270566978773,8.02170220326846),
 .UNSPECIFIED.);
#660=B_SPLINE_CURVE_WITH_KNOTS('',3,(#10824,#10825,#10826,#10827,#10828,
#10829,#10830,#10831),.UNSPECIFIED.,.F.,.F.,(4,1,1,1,1,4),(7.55057066546906,
7.82110726895415,8.09164387243923,8.36218047592432,8.90325368289449,9.44432688986465),
 .UNSPECIFIED.);
#661=B_SPLINE_CURVE_WITH_KNOTS('',3,(#10832,#10833,#10834,#10835,#10836,
#10837,#10838,#10839),.UNSPECIFIED.,.F.,.F.,(4,2,2,4),(-0.00156287792550531,
0.,0.500958281961113,0.690344185936533),.UNSPECIFIED.);
#662=B_SPLINE_CURVE_WITH_KNOTS('',3,(#10899,#10900,#10901,#10902,#10903,
#10904,#10905,#10906),.UNSPECIFIED.,.F.,.F.,(4,1,1,1,1,4),(7.55057066378398,
7.82110726703437,8.09164387028476,8.63271707678554,8.90325368003593,9.44432688653671),
 .UNSPECIFIED.);
#663=B_SPLINE_CURVE_WITH_KNOTS('',3,(#10910,#10911,#10912,#10913),
 .UNSPECIFIED.,.F.,.F.,(4,4),(-0.879304097547698,-0.580348522378671),
 .UNSPECIFIED.);
#664=B_SPLINE_CURVE_WITH_KNOTS('',3,(#10917,#10918,#10919,#10920,#10921,
#10922,#10923,#10924,#10925,#10926),.UNSPECIFIED.,.F.,.F.,(4,2,2,2,4),(0.,
0.138072742835057,0.31730201874015,0.518519574757332,0.691947212987879),
 .UNSPECIFIED.);
#665=B_SPLINE_CURVE_WITH_KNOTS('',3,(#10970,#10971,#10972,#10973,#10974,
#10975,#10976,#10977,#10978,#10979,#10980,#10981),.UNSPECIFIED.,.F.,.F.,
(4,2,2,2,2,4),(1.05051287142889,1.23554295594041,1.43575244377719,1.65195311692838,
1.73220837578335,1.74121591980553),.UNSPECIFIED.);
#666=B_SPLINE_CURVE_WITH_KNOTS('',3,(#10982,#10983,#10984,#10985),
 .UNSPECIFIED.,.F.,.F.,(4,4),(-0.00794496980228371,-0.00686883749492541),
 .UNSPECIFIED.);
#667=B_SPLINE_CURVE_WITH_KNOTS('',3,(#10988,#10989,#10990,#10991,#10992,
#10993,#10994,#10995,#10996,#10997,#10998,#10999),.UNSPECIFIED.,.F.,.F.,
(4,2,2,2,2,4),(-1.90064724557504,-1.72573080411456,-1.56704602159502,-1.3460148193139,
-1.18001020011449,-1.13619168105702),.UNSPECIFIED.);
#668=B_SPLINE_CURVE_WITH_KNOTS('',3,(#11004,#11005,#11006,#11007),
 .UNSPECIFIED.,.F.,.F.,(4,4),(-0.298955569888119,-1.07414077632484E-13),
 .UNSPECIFIED.);
#669=B_SPLINE_CURVE_WITH_KNOTS('',3,(#11051,#11052,#11053,#11054),
 .UNSPECIFIED.,.F.,.F.,(4,4),(1.32509909971639,1.32616949844346),
 .UNSPECIFIED.);
#670=B_SPLINE_CURVE_WITH_KNOTS('',3,(#11055,#11056,#11057,#11058,#11059,
#11060,#11061,#11062,#11063,#11064,#11065,#11066),.UNSPECIFIED.,.F.,.F.,
(4,2,2,2,2,4),(-0.0116581165391823,0.,0.103871280839771,0.383691457562124,
0.642814861229583,0.882292149663788),.UNSPECIFIED.);
#671=B_SPLINE_CURVE_WITH_KNOTS('',3,(#11121,#11122,#11123,#11124),
 .UNSPECIFIED.,.F.,.F.,(4,4),(-0.298955573013914,-1.07830411266718E-13),
 .UNSPECIFIED.);
#672=B_SPLINE_CURVE_WITH_KNOTS('',3,(#11129,#11130,#11131,#11132,#11133,
#11134,#11135),.UNSPECIFIED.,.F.,.F.,(4,3,4),(-0.879304112184264,-0.795957527272248,
-0.580348540154744),.UNSPECIFIED.);
#673=B_SPLINE_CURVE_WITH_KNOTS('',3,(#11146,#11147,#11148,#11149,#11150,
#11151,#11152,#11153,#11154,#11155,#11156,#11157),.UNSPECIFIED.,.F.,.F.,
(4,2,2,2,2,4),(-1.9006472456312,-1.72573080392034,-1.56704602117646,-1.34601481891988,
-1.18001019985448,-1.13619168104956),.UNSPECIFIED.);
#674=B_SPLINE_CURVE_WITH_KNOTS('',3,(#11159,#11160,#11161,#11162,#11163,
#11164),.UNSPECIFIED.,.F.,.F.,(4,2,4),(-5.04966737032256,-5.04766933020659,
-4.6604140886598),.UNSPECIFIED.);
#675=B_SPLINE_CURVE_WITH_KNOTS('',3,(#11167,#11168,#11169,#11170,#11171,
#11172),.UNSPECIFIED.,.F.,.F.,(4,2,4),(-0.00202969447245313,0.,0.392911771897523),
 .UNSPECIFIED.);
#676=B_SPLINE_CURVE_WITH_KNOTS('',3,(#11175,#11176,#11177,#11178,#11179,
#11180,#11181,#11182,#11183,#11184),.UNSPECIFIED.,.F.,.F.,(4,2,2,2,4),(0.,
0.138072742835312,0.317302018740421,0.518519574755726,0.691947212989513),
 .UNSPECIFIED.);
#677=B_SPLINE_CURVE_WITH_KNOTS('',3,(#11459,#11460,#11461,#11462),
 .UNSPECIFIED.,.F.,.F.,(4,4),(1.57852644162813,1.57959502902717),
 .UNSPECIFIED.);
#678=B_SPLINE_CURVE_WITH_KNOTS('',3,(#11463,#11464,#11465,#11466,#11467,
#11468,#11469,#11470,#11471,#11472,#11473,#11474),.UNSPECIFIED.,.F.,.F.,
(4,2,2,2,2,4),(-0.0116581157021825,0.,0.10387127853404,0.383691447483893,
0.642814844009116,0.882292125804282),.UNSPECIFIED.);
#679=B_SPLINE_CURVE_WITH_KNOTS('',3,(#11475,#11476,#11477,#11478,#11479,
#11480,#11481),.UNSPECIFIED.,.F.,.F.,(4,1,1,1,4),(-1.21678810389266,-1.00009898873536,
-0.566720758195648,-0.13334252765594,0.243361443718837),.UNSPECIFIED.);
#680=B_SPLINE_CURVE_WITH_KNOTS('',3,(#11499,#11500,#11501,#11502,#11503,
#11504,#11505,#11506,#11507,#11508,#11509,#11510),.UNSPECIFIED.,.F.,.F.,
(4,2,2,2,2,4),(1.0505128714278,1.23554295599102,1.43575244385148,1.65195311704199,
1.73220837536982,1.74121592001956),.UNSPECIFIED.);
#681=B_SPLINE_CURVE_WITH_KNOTS('',3,(#11512,#11513,#11514,#11515),
 .UNSPECIFIED.,.F.,.F.,(4,4),(-0.00714813613860353,-0.00607200371862049),
 .UNSPECIFIED.);
#682=B_SPLINE_CURVE_WITH_KNOTS('',3,(#11558,#11559,#11560,#11561,#11562,
#11563,#11564,#11565,#11566,#11567,#11568,#11569,#11570),.UNSPECIFIED.,
 .F.,.F.,(4,3,3,3,4),(0.635942670737208,0.795957527273588,1.22933575691238,
1.66271398655118,2.09609221607817),.UNSPECIFIED.);
#683=CONICAL_SURFACE('',#5129,4.5,0.785398163397445);
#684=CONICAL_SURFACE('',#5132,30.5,0.785398163397448);
#685=CONICAL_SURFACE('',#5139,30.5,0.785398163397447);
#686=CONICAL_SURFACE('',#5142,4.5,0.785398163397448);
#687=CONICAL_SURFACE('',#5246,7.5,0.785398163397449);
#688=CONICAL_SURFACE('',#5249,4.75,0.785398163397449);
#689=CONICAL_SURFACE('',#5258,4.75,0.785398163397449);
#690=CONICAL_SURFACE('',#5261,7.5,0.785398163397451);
#691=CONICAL_SURFACE('',#5265,7.5,0.785398163397451);
#692=CONICAL_SURFACE('',#5268,4.75,0.785398163397453);
#693=CONICAL_SURFACE('',#5277,4.75,0.78539816339745);
#694=CONICAL_SURFACE('',#5280,7.5,0.785398163397449);
#695=CONICAL_SURFACE('',#5284,30.25,0.785398163397449);
#696=CONICAL_SURFACE('',#5293,7.5,0.785398163397452);
#697=CONICAL_SURFACE('',#5295,4.75,0.78539816339745);
#698=CONICAL_SURFACE('',#5300,2.1,0.785398163397447);
#699=CONICAL_SURFACE('',#5314,2.1,0.785398163397447);
#700=CONICAL_SURFACE('',#5318,2.1,0.785398163397447);
#701=CONICAL_SURFACE('',#5322,2.1,0.785398163397447);
#702=CONICAL_SURFACE('',#5326,2.1,0.785398163397447);
#703=CONICAL_SURFACE('',#5340,2.1,0.785398163397447);
#704=CONICAL_SURFACE('',#5344,2.1,0.785398163397447);
#705=CONICAL_SURFACE('',#5348,2.1,0.785398163397447);
#706=CONICAL_SURFACE('',#5352,2.1,0.785398163397447);
#707=CONICAL_SURFACE('',#5366,2.1,0.785398163397447);
#708=CONICAL_SURFACE('',#5370,2.1,0.785398163397447);
#709=CONICAL_SURFACE('',#5374,2.1,0.785398163397447);
#710=CONICAL_SURFACE('',#5378,2.1,0.785398163397447);
#711=CONICAL_SURFACE('',#5392,2.1,0.785398163397447);
#712=CONICAL_SURFACE('',#5396,2.1,0.785398163397447);
#713=CONICAL_SURFACE('',#5400,2.1,0.785398163397447);
#714=CONICAL_SURFACE('',#5431,28.25,0.78539816339745);
#715=CONICAL_SURFACE('',#5432,28.25,0.785398163397447);
#716=CONICAL_SURFACE('',#5433,28.25,0.78539816339745);
#717=CONICAL_SURFACE('',#5434,28.25,0.785398163397447);
#718=FACE_OUTER_BOUND('',#994,.T.);
#719=FACE_OUTER_BOUND('',#995,.T.);
#720=FACE_OUTER_BOUND('',#996,.T.);
#721=FACE_OUTER_BOUND('',#997,.T.);
#722=FACE_OUTER_BOUND('',#998,.T.);
#723=FACE_OUTER_BOUND('',#999,.T.);
#724=FACE_OUTER_BOUND('',#1000,.T.);
#725=FACE_OUTER_BOUND('',#1001,.T.);
#726=FACE_OUTER_BOUND('',#1002,.T.);
#727=FACE_OUTER_BOUND('',#1003,.T.);
#728=FACE_OUTER_BOUND('',#1004,.T.);
#729=FACE_OUTER_BOUND('',#1005,.T.);
#730=FACE_OUTER_BOUND('',#1006,.T.);
#731=FACE_OUTER_BOUND('',#1007,.T.);
#732=FACE_OUTER_BOUND('',#1008,.T.);
#733=FACE_OUTER_BOUND('',#1009,.T.);
#734=FACE_OUTER_BOUND('',#1010,.T.);
#735=FACE_OUTER_BOUND('',#1011,.T.);
#736=FACE_OUTER_BOUND('',#1012,.T.);
#737=FACE_OUTER_BOUND('',#1013,.T.);
#738=FACE_OUTER_BOUND('',#1014,.T.);
#739=FACE_OUTER_BOUND('',#1015,.T.);
#740=FACE_OUTER_BOUND('',#1016,.T.);
#741=FACE_OUTER_BOUND('',#1017,.T.);
#742=FACE_OUTER_BOUND('',#1018,.T.);
#743=FACE_OUTER_BOUND('',#1019,.T.);
#744=FACE_OUTER_BOUND('',#1020,.T.);
#745=FACE_OUTER_BOUND('',#1021,.T.);
#746=FACE_OUTER_BOUND('',#1022,.T.);
#747=FACE_OUTER_BOUND('',#1023,.T.);
#748=FACE_OUTER_BOUND('',#1024,.T.);
#749=FACE_OUTER_BOUND('',#1025,.T.);
#750=FACE_OUTER_BOUND('',#1026,.T.);
#751=FACE_OUTER_BOUND('',#1027,.T.);
#752=FACE_OUTER_BOUND('',#1028,.T.);
#753=FACE_OUTER_BOUND('',#1029,.T.);
#754=FACE_OUTER_BOUND('',#1030,.T.);
#755=FACE_OUTER_BOUND('',#1031,.T.);
#756=FACE_OUTER_BOUND('',#1032,.T.);
#757=FACE_OUTER_BOUND('',#1033,.T.);
#758=FACE_OUTER_BOUND('',#1034,.T.);
#759=FACE_OUTER_BOUND('',#1035,.T.);
#760=FACE_OUTER_BOUND('',#1036,.T.);
#761=FACE_OUTER_BOUND('',#1037,.T.);
#762=FACE_OUTER_BOUND('',#1038,.T.);
#763=FACE_OUTER_BOUND('',#1039,.T.);
#764=FACE_OUTER_BOUND('',#1040,.T.);
#765=FACE_OUTER_BOUND('',#1041,.T.);
#766=FACE_OUTER_BOUND('',#1042,.T.);
#767=FACE_OUTER_BOUND('',#1043,.T.);
#768=FACE_OUTER_BOUND('',#1044,.T.);
#769=FACE_OUTER_BOUND('',#1045,.T.);
#770=FACE_OUTER_BOUND('',#1046,.T.);
#771=FACE_OUTER_BOUND('',#1047,.T.);
#772=FACE_OUTER_BOUND('',#1048,.T.);
#773=FACE_OUTER_BOUND('',#1049,.T.);
#774=FACE_OUTER_BOUND('',#1050,.T.);
#775=FACE_OUTER_BOUND('',#1051,.T.);
#776=FACE_OUTER_BOUND('',#1052,.T.);
#777=FACE_OUTER_BOUND('',#1053,.T.);
#778=FACE_OUTER_BOUND('',#1054,.T.);
#779=FACE_OUTER_BOUND('',#1055,.T.);
#780=FACE_OUTER_BOUND('',#1056,.T.);
#781=FACE_OUTER_BOUND('',#1057,.T.);
#782=FACE_OUTER_BOUND('',#1058,.T.);
#783=FACE_OUTER_BOUND('',#1059,.T.);
#784=FACE_OUTER_BOUND('',#1060,.T.);
#785=FACE_OUTER_BOUND('',#1061,.T.);
#786=FACE_OUTER_BOUND('',#1062,.T.);
#787=FACE_OUTER_BOUND('',#1063,.T.);
#788=FACE_OUTER_BOUND('',#1064,.T.);
#789=FACE_OUTER_BOUND('',#1065,.T.);
#790=FACE_OUTER_BOUND('',#1066,.T.);
#791=FACE_OUTER_BOUND('',#1067,.T.);
#792=FACE_OUTER_BOUND('',#1068,.T.);
#793=FACE_OUTER_BOUND('',#1069,.T.);
#794=FACE_OUTER_BOUND('',#1070,.T.);
#795=FACE_OUTER_BOUND('',#1071,.T.);
#796=FACE_OUTER_BOUND('',#1072,.T.);
#797=FACE_OUTER_BOUND('',#1078,.T.);
#798=FACE_OUTER_BOUND('',#1079,.T.);
#799=FACE_OUTER_BOUND('',#1080,.T.);
#800=FACE_OUTER_BOUND('',#1081,.T.);
#801=FACE_OUTER_BOUND('',#1082,.T.);
#802=FACE_OUTER_BOUND('',#1083,.T.);
#803=FACE_OUTER_BOUND('',#1084,.T.);
#804=FACE_OUTER_BOUND('',#1085,.T.);
#805=FACE_OUTER_BOUND('',#1086,.T.);
#806=FACE_OUTER_BOUND('',#1092,.T.);
#807=FACE_OUTER_BOUND('',#1093,.T.);
#808=FACE_OUTER_BOUND('',#1094,.T.);
#809=FACE_OUTER_BOUND('',#1095,.T.);
#810=FACE_OUTER_BOUND('',#1096,.T.);
#811=FACE_OUTER_BOUND('',#1097,.T.);
#812=FACE_OUTER_BOUND('',#1098,.T.);
#813=FACE_OUTER_BOUND('',#1099,.T.);
#814=FACE_OUTER_BOUND('',#1100,.T.);
#815=FACE_OUTER_BOUND('',#1106,.T.);
#816=FACE_OUTER_BOUND('',#1107,.T.);
#817=FACE_OUTER_BOUND('',#1108,.T.);
#818=FACE_OUTER_BOUND('',#1109,.T.);
#819=FACE_OUTER_BOUND('',#1110,.T.);
#820=FACE_OUTER_BOUND('',#1111,.T.);
#821=FACE_OUTER_BOUND('',#1112,.T.);
#822=FACE_OUTER_BOUND('',#1113,.T.);
#823=FACE_OUTER_BOUND('',#1114,.T.);
#824=FACE_OUTER_BOUND('',#1120,.T.);
#825=FACE_OUTER_BOUND('',#1121,.T.);
#826=FACE_OUTER_BOUND('',#1122,.T.);
#827=FACE_OUTER_BOUND('',#1123,.T.);
#828=FACE_OUTER_BOUND('',#1124,.T.);
#829=FACE_OUTER_BOUND('',#1125,.T.);
#830=FACE_OUTER_BOUND('',#1126,.T.);
#831=FACE_OUTER_BOUND('',#1127,.T.);
#832=FACE_OUTER_BOUND('',#1128,.T.);
#833=FACE_OUTER_BOUND('',#1129,.T.);
#834=FACE_OUTER_BOUND('',#1130,.T.);
#835=FACE_OUTER_BOUND('',#1131,.T.);
#836=FACE_OUTER_BOUND('',#1132,.T.);
#837=FACE_OUTER_BOUND('',#1133,.T.);
#838=FACE_OUTER_BOUND('',#1134,.T.);
#839=FACE_OUTER_BOUND('',#1135,.T.);
#840=FACE_OUTER_BOUND('',#1136,.T.);
#841=FACE_OUTER_BOUND('',#1137,.T.);
#842=FACE_OUTER_BOUND('',#1138,.T.);
#843=FACE_OUTER_BOUND('',#1139,.T.);
#844=FACE_OUTER_BOUND('',#1140,.T.);
#845=FACE_OUTER_BOUND('',#1141,.T.);
#846=FACE_OUTER_BOUND('',#1142,.T.);
#847=FACE_OUTER_BOUND('',#1144,.T.);
#848=FACE_OUTER_BOUND('',#1145,.T.);
#849=FACE_OUTER_BOUND('',#1146,.T.);
#850=FACE_OUTER_BOUND('',#1147,.T.);
#851=FACE_OUTER_BOUND('',#1148,.T.);
#852=FACE_OUTER_BOUND('',#1149,.T.);
#853=FACE_OUTER_BOUND('',#1151,.T.);
#854=FACE_OUTER_BOUND('',#1152,.T.);
#855=FACE_OUTER_BOUND('',#1153,.T.);
#856=FACE_OUTER_BOUND('',#1154,.T.);
#857=FACE_OUTER_BOUND('',#1155,.T.);
#858=FACE_OUTER_BOUND('',#1156,.T.);
#859=FACE_OUTER_BOUND('',#1157,.T.);
#860=FACE_OUTER_BOUND('',#1158,.T.);
#861=FACE_OUTER_BOUND('',#1159,.T.);
#862=FACE_OUTER_BOUND('',#1160,.T.);
#863=FACE_OUTER_BOUND('',#1161,.T.);
#864=FACE_OUTER_BOUND('',#1162,.T.);
#865=FACE_OUTER_BOUND('',#1163,.T.);
#866=FACE_OUTER_BOUND('',#1164,.T.);
#867=FACE_OUTER_BOUND('',#1165,.T.);
#868=FACE_OUTER_BOUND('',#1166,.T.);
#869=FACE_OUTER_BOUND('',#1167,.T.);
#870=FACE_OUTER_BOUND('',#1168,.T.);
#871=FACE_OUTER_BOUND('',#1169,.T.);
#872=FACE_OUTER_BOUND('',#1170,.T.);
#873=FACE_OUTER_BOUND('',#1171,.T.);
#874=FACE_OUTER_BOUND('',#1172,.T.);
#875=FACE_OUTER_BOUND('',#1173,.T.);
#876=FACE_OUTER_BOUND('',#1174,.T.);
#877=FACE_OUTER_BOUND('',#1175,.T.);
#878=FACE_OUTER_BOUND('',#1177,.T.);
#879=FACE_OUTER_BOUND('',#1178,.T.);
#880=FACE_OUTER_BOUND('',#1179,.T.);
#881=FACE_OUTER_BOUND('',#1180,.T.);
#882=FACE_OUTER_BOUND('',#1181,.T.);
#883=FACE_OUTER_BOUND('',#1182,.T.);
#884=FACE_OUTER_BOUND('',#1184,.T.);
#885=FACE_OUTER_BOUND('',#1185,.T.);
#886=FACE_OUTER_BOUND('',#1186,.T.);
#887=FACE_OUTER_BOUND('',#1187,.T.);
#888=FACE_OUTER_BOUND('',#1188,.T.);
#889=FACE_OUTER_BOUND('',#1189,.T.);
#890=FACE_OUTER_BOUND('',#1191,.T.);
#891=FACE_OUTER_BOUND('',#1192,.T.);
#892=FACE_OUTER_BOUND('',#1193,.T.);
#893=FACE_OUTER_BOUND('',#1194,.T.);
#894=FACE_OUTER_BOUND('',#1195,.T.);
#895=FACE_OUTER_BOUND('',#1196,.T.);
#896=FACE_OUTER_BOUND('',#1197,.T.);
#897=FACE_OUTER_BOUND('',#1198,.T.);
#898=FACE_OUTER_BOUND('',#1199,.T.);
#899=FACE_OUTER_BOUND('',#1201,.T.);
#900=FACE_OUTER_BOUND('',#1202,.T.);
#901=FACE_OUTER_BOUND('',#1203,.T.);
#902=FACE_OUTER_BOUND('',#1204,.T.);
#903=FACE_OUTER_BOUND('',#1205,.T.);
#904=FACE_OUTER_BOUND('',#1206,.T.);
#905=FACE_OUTER_BOUND('',#1207,.T.);
#906=FACE_OUTER_BOUND('',#1208,.T.);
#907=FACE_OUTER_BOUND('',#1209,.T.);
#908=FACE_OUTER_BOUND('',#1210,.T.);
#909=FACE_OUTER_BOUND('',#1211,.T.);
#910=FACE_OUTER_BOUND('',#1212,.T.);
#911=FACE_OUTER_BOUND('',#1213,.T.);
#912=FACE_OUTER_BOUND('',#1214,.T.);
#913=FACE_OUTER_BOUND('',#1215,.T.);
#914=FACE_OUTER_BOUND('',#1216,.T.);
#915=FACE_OUTER_BOUND('',#1217,.T.);
#916=FACE_OUTER_BOUND('',#1218,.T.);
#917=FACE_OUTER_BOUND('',#1219,.T.);
#918=FACE_OUTER_BOUND('',#1220,.T.);
#919=FACE_OUTER_BOUND('',#1221,.T.);
#920=FACE_OUTER_BOUND('',#1222,.T.);
#921=FACE_OUTER_BOUND('',#1223,.T.);
#922=FACE_OUTER_BOUND('',#1224,.T.);
#923=FACE_OUTER_BOUND('',#1225,.T.);
#924=FACE_OUTER_BOUND('',#1226,.T.);
#925=FACE_OUTER_BOUND('',#1227,.T.);
#926=FACE_OUTER_BOUND('',#1228,.T.);
#927=FACE_OUTER_BOUND('',#1229,.T.);
#928=FACE_OUTER_BOUND('',#1230,.T.);
#929=FACE_OUTER_BOUND('',#1231,.T.);
#930=FACE_OUTER_BOUND('',#1232,.T.);
#931=FACE_OUTER_BOUND('',#1233,.T.);
#932=FACE_OUTER_BOUND('',#1234,.T.);
#933=FACE_OUTER_BOUND('',#1235,.T.);
#934=FACE_OUTER_BOUND('',#1236,.T.);
#935=FACE_OUTER_BOUND('',#1237,.T.);
#936=FACE_OUTER_BOUND('',#1238,.T.);
#937=FACE_OUTER_BOUND('',#1239,.T.);
#938=FACE_OUTER_BOUND('',#1240,.T.);
#939=FACE_OUTER_BOUND('',#1241,.T.);
#940=FACE_OUTER_BOUND('',#1242,.T.);
#941=FACE_OUTER_BOUND('',#1243,.T.);
#942=FACE_OUTER_BOUND('',#1244,.T.);
#943=FACE_OUTER_BOUND('',#1245,.T.);
#944=FACE_OUTER_BOUND('',#1246,.T.);
#945=FACE_OUTER_BOUND('',#1247,.T.);
#946=FACE_OUTER_BOUND('',#1248,.T.);
#947=FACE_OUTER_BOUND('',#1249,.T.);
#948=FACE_OUTER_BOUND('',#1250,.T.);
#949=FACE_OUTER_BOUND('',#1251,.T.);
#950=FACE_OUTER_BOUND('',#1252,.T.);
#951=FACE_OUTER_BOUND('',#1253,.T.);
#952=FACE_OUTER_BOUND('',#1254,.T.);
#953=FACE_OUTER_BOUND('',#1255,.T.);
#954=FACE_OUTER_BOUND('',#1256,.T.);
#955=FACE_OUTER_BOUND('',#1257,.T.);
#956=FACE_OUTER_BOUND('',#1258,.T.);
#957=FACE_OUTER_BOUND('',#1259,.T.);
#958=FACE_OUTER_BOUND('',#1260,.T.);
#959=FACE_OUTER_BOUND('',#1261,.T.);
#960=FACE_OUTER_BOUND('',#1262,.T.);
#961=FACE_OUTER_BOUND('',#1263,.T.);
#962=FACE_OUTER_BOUND('',#1264,.T.);
#963=FACE_OUTER_BOUND('',#1265,.T.);
#964=FACE_OUTER_BOUND('',#1266,.T.);
#965=FACE_OUTER_BOUND('',#1267,.T.);
#966=FACE_OUTER_BOUND('',#1268,.T.);
#967=FACE_OUTER_BOUND('',#1269,.T.);
#968=FACE_OUTER_BOUND('',#1270,.T.);
#969=FACE_OUTER_BOUND('',#1271,.T.);
#970=FACE_OUTER_BOUND('',#1272,.T.);
#971=FACE_OUTER_BOUND('',#1273,.T.);
#972=FACE_OUTER_BOUND('',#1274,.T.);
#973=FACE_OUTER_BOUND('',#1275,.T.);
#974=FACE_OUTER_BOUND('',#1276,.T.);
#975=FACE_OUTER_BOUND('',#1277,.T.);
#976=FACE_OUTER_BOUND('',#1278,.T.);
#977=FACE_OUTER_BOUND('',#1279,.T.);
#978=FACE_OUTER_BOUND('',#1280,.T.);
#979=FACE_OUTER_BOUND('',#1281,.T.);
#980=FACE_OUTER_BOUND('',#1282,.T.);
#981=FACE_OUTER_BOUND('',#1283,.T.);
#982=FACE_OUTER_BOUND('',#1284,.T.);
#983=FACE_OUTER_BOUND('',#1285,.T.);
#984=FACE_OUTER_BOUND('',#1286,.T.);
#985=FACE_OUTER_BOUND('',#1287,.T.);
#986=FACE_OUTER_BOUND('',#1288,.T.);
#987=FACE_OUTER_BOUND('',#1289,.T.);
#988=FACE_OUTER_BOUND('',#1290,.T.);
#989=FACE_OUTER_BOUND('',#1291,.T.);
#990=FACE_OUTER_BOUND('',#1292,.T.);
#991=FACE_OUTER_BOUND('',#1293,.T.);
#992=FACE_OUTER_BOUND('',#1294,.T.);
#993=FACE_OUTER_BOUND('',#1318,.T.);
#994=EDGE_LOOP('',(#3206,#3207,#3208,#3209));
#995=EDGE_LOOP('',(#3210,#3211,#3212,#3213));
#996=EDGE_LOOP('',(#3214,#3215,#3216,#3217));
#997=EDGE_LOOP('',(#3218,#3219,#3220,#3221));
#998=EDGE_LOOP('',(#3222,#3223,#3224,#3225));
#999=EDGE_LOOP('',(#3226,#3227,#3228,#3229));
#1000=EDGE_LOOP('',(#3230,#3231,#3232,#3233,#3234,#3235,#3236,#3237,#3238,
#3239,#3240,#3241,#3242,#3243));
#1001=EDGE_LOOP('',(#3244,#3245,#3246,#3247,#3248,#3249,#3250));
#1002=EDGE_LOOP('',(#3251,#3252,#3253,#3254));
#1003=EDGE_LOOP('',(#3255,#3256,#3257,#3258));
#1004=EDGE_LOOP('',(#3259,#3260,#3261,#3262));
#1005=EDGE_LOOP('',(#3263,#3264,#3265,#3266));
#1006=EDGE_LOOP('',(#3267,#3268,#3269));
#1007=EDGE_LOOP('',(#3270,#3271,#3272,#3273,#3274,#3275,#3276,#3277));
#1008=EDGE_LOOP('',(#3278,#3279,#3280,#3281,#3282,#3283));
#1009=EDGE_LOOP('',(#3284,#3285,#3286,#3287,#3288,#3289,#3290,#3291));
#1010=EDGE_LOOP('',(#3292,#3293,#3294,#3295,#3296,#3297,#3298));
#1011=EDGE_LOOP('',(#3299,#3300,#3301,#3302));
#1012=EDGE_LOOP('',(#3303,#3304));
#1013=EDGE_LOOP('',(#3305,#3306,#3307,#3308));
#1014=EDGE_LOOP('',(#3309,#3310));
#1015=EDGE_LOOP('',(#3311,#3312,#3313,#3314));
#1016=EDGE_LOOP('',(#3315,#3316,#3317,#3318));
#1017=EDGE_LOOP('',(#3319,#3320,#3321,#3322,#3323,#3324,#3325,#3326,#3327,
#3328));
#1018=EDGE_LOOP('',(#3329,#3330,#3331,#3332,#3333,#3334,#3335,#3336,#3337,
#3338));
#1019=EDGE_LOOP('',(#3339,#3340,#3341,#3342,#3343,#3344,#3345,#3346,#3347,
#3348));
#1020=EDGE_LOOP('',(#3349,#3350,#3351,#3352,#3353,#3354,#3355,#3356,#3357,
#3358));
#1021=EDGE_LOOP('',(#3359,#3360,#3361,#3362,#3363,#3364));
#1022=EDGE_LOOP('',(#3365,#3366,#3367,#3368,#3369,#3370));
#1023=EDGE_LOOP('',(#3371,#3372,#3373,#3374));
#1024=EDGE_LOOP('',(#3375,#3376,#3377,#3378,#3379));
#1025=EDGE_LOOP('',(#3380,#3381,#3382,#3383));
#1026=EDGE_LOOP('',(#3384,#3385,#3386,#3387,#3388));
#1027=EDGE_LOOP('',(#3389,#3390,#3391,#3392,#3393,#3394,#3395,#3396));
#1028=EDGE_LOOP('',(#3397,#3398,#3399,#3400,#3401,#3402,#3403,#3404,#3405,
#3406,#3407,#3408,#3409,#3410,#3411,#3412,#3413,#3414));
#1029=EDGE_LOOP('',(#3415,#3416,#3417,#3418,#3419,#3420,#3421,#3422,#3423,
#3424,#3425,#3426,#3427,#3428));
#1030=EDGE_LOOP('',(#3429,#3430,#3431,#3432,#3433,#3434,#3435,#3436));
#1031=EDGE_LOOP('',(#3437,#3438,#3439,#3440,#3441));
#1032=EDGE_LOOP('',(#3442,#3443,#3444,#3445));
#1033=EDGE_LOOP('',(#3446,#3447));
#1034=EDGE_LOOP('',(#3448,#3449,#3450,#3451,#3452,#3453,#3454,#3455));
#1035=EDGE_LOOP('',(#3456,#3457,#3458,#3459,#3460,#3461,#3462,#3463));
#1036=EDGE_LOOP('',(#3464,#3465,#3466,#3467,#3468));
#1037=EDGE_LOOP('',(#3469,#3470,#3471,#3472));
#1038=EDGE_LOOP('',(#3473,#3474,#3475,#3476,#3477));
#1039=EDGE_LOOP('',(#3478,#3479,#3480));
#1040=EDGE_LOOP('',(#3481,#3482,#3483,#3484,#3485));
#1041=EDGE_LOOP('',(#3486,#3487,#3488,#3489,#3490,#3491,#3492,#3493));
#1042=EDGE_LOOP('',(#3494,#3495,#3496,#3497,#3498));
#1043=EDGE_LOOP('',(#3499,#3500,#3501,#3502,#3503));
#1044=EDGE_LOOP('',(#3504,#3505,#3506,#3507));
#1045=EDGE_LOOP('',(#3508,#3509,#3510));
#1046=EDGE_LOOP('',(#3511,#3512,#3513,#3514,#3515,#3516,#3517,#3518));
#1047=EDGE_LOOP('',(#3519,#3520,#3521,#3522,#3523));
#1048=EDGE_LOOP('',(#3524,#3525,#3526,#3527,#3528));
#1049=EDGE_LOOP('',(#3529,#3530,#3531,#3532));
#1050=EDGE_LOOP('',(#3533,#3534,#3535,#3536,#3537));
#1051=EDGE_LOOP('',(#3538,#3539,#3540));
#1052=EDGE_LOOP('',(#3541,#3542,#3543,#3544,#3545));
#1053=EDGE_LOOP('',(#3546,#3547,#3548,#3549,#3550,#3551,#3552,#3553));
#1054=EDGE_LOOP('',(#3554,#3555,#3556,#3557,#3558));
#1055=EDGE_LOOP('',(#3559,#3560,#3561,#3562,#3563));
#1056=EDGE_LOOP('',(#3564,#3565,#3566,#3567));
#1057=EDGE_LOOP('',(#3568,#3569,#3570));
#1058=EDGE_LOOP('',(#3571,#3572,#3573,#3574,#3575,#3576,#3577,#3578));
#1059=EDGE_LOOP('',(#3579,#3580,#3581,#3582,#3583));
#1060=EDGE_LOOP('',(#3584,#3585,#3586,#3587));
#1061=EDGE_LOOP('',(#3588,#3589,#3590,#3591));
#1062=EDGE_LOOP('',(#3592,#3593,#3594,#3595));
#1063=EDGE_LOOP('',(#3596,#3597,#3598));
#1064=EDGE_LOOP('',(#3599,#3600,#3601,#3602,#3603,#3604));
#1065=EDGE_LOOP('',(#3605,#3606,#3607,#3608,#3609,#3610,#3611,#3612,#3613));
#1066=EDGE_LOOP('',(#3614,#3615,#3616,#3617,#3618));
#1067=EDGE_LOOP('',(#3619,#3620,#3621,#3622));
#1068=EDGE_LOOP('',(#3623,#3624,#3625,#3626,#3627));
#1069=EDGE_LOOP('',(#3628,#3629,#3630));
#1070=EDGE_LOOP('',(#3631,#3632,#3633,#3634,#3635));
#1071=EDGE_LOOP('',(#3636,#3637,#3638,#3639));
#1072=EDGE_LOOP('',(#3640,#3641,#3642,#3643,#3644,#3645,#3646,#3647));
#1073=EDGE_LOOP('',(#3648));
#1074=EDGE_LOOP('',(#3649));
#1075=EDGE_LOOP('',(#3650));
#1076=EDGE_LOOP('',(#3651));
#1077=EDGE_LOOP('',(#3652));
#1078=EDGE_LOOP('',(#3653,#3654,#3655,#3656));
#1079=EDGE_LOOP('',(#3657,#3658,#3659,#3660));
#1080=EDGE_LOOP('',(#3661,#3662,#3663,#3664));
#1081=EDGE_LOOP('',(#3665,#3666,#3667,#3668));
#1082=EDGE_LOOP('',(#3669,#3670,#3671,#3672));
#1083=EDGE_LOOP('',(#3673,#3674,#3675,#3676));
#1084=EDGE_LOOP('',(#3677,#3678,#3679,#3680));
#1085=EDGE_LOOP('',(#3681,#3682,#3683,#3684));
#1086=EDGE_LOOP('',(#3685,#3686,#3687,#3688,#3689,#3690,#3691,#3692));
#1087=EDGE_LOOP('',(#3693));
#1088=EDGE_LOOP('',(#3694));
#1089=EDGE_LOOP('',(#3695));
#1090=EDGE_LOOP('',(#3696));
#1091=EDGE_LOOP('',(#3697));
#1092=EDGE_LOOP('',(#3698,#3699,#3700,#3701));
#1093=EDGE_LOOP('',(#3702,#3703,#3704,#3705));
#1094=EDGE_LOOP('',(#3706,#3707,#3708,#3709));
#1095=EDGE_LOOP('',(#3710,#3711,#3712,#3713));
#1096=EDGE_LOOP('',(#3714,#3715,#3716,#3717));
#1097=EDGE_LOOP('',(#3718,#3719,#3720,#3721));
#1098=EDGE_LOOP('',(#3722,#3723,#3724,#3725));
#1099=EDGE_LOOP('',(#3726,#3727,#3728,#3729));
#1100=EDGE_LOOP('',(#3730,#3731,#3732,#3733,#3734,#3735,#3736,#3737));
#1101=EDGE_LOOP('',(#3738));
#1102=EDGE_LOOP('',(#3739));
#1103=EDGE_LOOP('',(#3740));
#1104=EDGE_LOOP('',(#3741));
#1105=EDGE_LOOP('',(#3742));
#1106=EDGE_LOOP('',(#3743,#3744,#3745,#3746));
#1107=EDGE_LOOP('',(#3747,#3748,#3749,#3750));
#1108=EDGE_LOOP('',(#3751,#3752,#3753,#3754));
#1109=EDGE_LOOP('',(#3755,#3756,#3757,#3758));
#1110=EDGE_LOOP('',(#3759,#3760,#3761,#3762));
#1111=EDGE_LOOP('',(#3763,#3764,#3765,#3766));
#1112=EDGE_LOOP('',(#3767,#3768,#3769,#3770));
#1113=EDGE_LOOP('',(#3771,#3772,#3773,#3774));
#1114=EDGE_LOOP('',(#3775,#3776,#3777,#3778,#3779,#3780,#3781,#3782));
#1115=EDGE_LOOP('',(#3783));
#1116=EDGE_LOOP('',(#3784));
#1117=EDGE_LOOP('',(#3785));
#1118=EDGE_LOOP('',(#3786));
#1119=EDGE_LOOP('',(#3787));
#1120=EDGE_LOOP('',(#3788,#3789,#3790,#3791));
#1121=EDGE_LOOP('',(#3792,#3793,#3794,#3795));
#1122=EDGE_LOOP('',(#3796,#3797,#3798,#3799));
#1123=EDGE_LOOP('',(#3800,#3801,#3802,#3803));
#1124=EDGE_LOOP('',(#3804,#3805,#3806,#3807));
#1125=EDGE_LOOP('',(#3808,#3809,#3810,#3811));
#1126=EDGE_LOOP('',(#3812,#3813,#3814,#3815));
#1127=EDGE_LOOP('',(#3816,#3817,#3818,#3819));
#1128=EDGE_LOOP('',(#3820,#3821,#3822,#3823));
#1129=EDGE_LOOP('',(#3824,#3825,#3826,#3827));
#1130=EDGE_LOOP('',(#3828,#3829,#3830,#3831));
#1131=EDGE_LOOP('',(#3832,#3833,#3834,#3835));
#1132=EDGE_LOOP('',(#3836,#3837,#3838,#3839));
#1133=EDGE_LOOP('',(#3840,#3841,#3842,#3843));
#1134=EDGE_LOOP('',(#3844,#3845,#3846,#3847));
#1135=EDGE_LOOP('',(#3848,#3849,#3850,#3851));
#1136=EDGE_LOOP('',(#3852,#3853,#3854,#3855,#3856,#3857));
#1137=EDGE_LOOP('',(#3858,#3859,#3860,#3861,#3862,#3863));
#1138=EDGE_LOOP('',(#3864,#3865,#3866,#3867,#3868,#3869));
#1139=EDGE_LOOP('',(#3870,#3871,#3872,#3873));
#1140=EDGE_LOOP('',(#3874,#3875,#3876,#3877));
#1141=EDGE_LOOP('',(#3878,#3879,#3880,#3881));
#1142=EDGE_LOOP('',(#3882,#3883,#3884,#3885,#3886,#3887,#3888,#3889));
#1143=EDGE_LOOP('',(#3890,#3891,#3892,#3893,#3894,#3895,#3896,#3897));
#1144=EDGE_LOOP('',(#3898,#3899,#3900,#3901));
#1145=EDGE_LOOP('',(#3902,#3903,#3904,#3905));
#1146=EDGE_LOOP('',(#3906,#3907,#3908,#3909));
#1147=EDGE_LOOP('',(#3910,#3911,#3912,#3913));
#1148=EDGE_LOOP('',(#3914,#3915,#3916,#3917,#3918,#3919));
#1149=EDGE_LOOP('',(#3920,#3921,#3922,#3923,#3924,#3925,#3926,#3927));
#1150=EDGE_LOOP('',(#3928));
#1151=EDGE_LOOP('',(#3929,#3930,#3931,#3932));
#1152=EDGE_LOOP('',(#3933,#3934,#3935,#3936));
#1153=EDGE_LOOP('',(#3937,#3938,#3939,#3940,#3941,#3942));
#1154=EDGE_LOOP('',(#3943,#3944,#3945,#3946,#3947,#3948));
#1155=EDGE_LOOP('',(#3949,#3950,#3951,#3952,#3953,#3954));
#1156=EDGE_LOOP('',(#3955,#3956,#3957,#3958,#3959,#3960));
#1157=EDGE_LOOP('',(#3961,#3962,#3963,#3964,#3965,#3966));
#1158=EDGE_LOOP('',(#3967,#3968,#3969,#3970,#3971,#3972));
#1159=EDGE_LOOP('',(#3973,#3974,#3975,#3976,#3977,#3978));
#1160=EDGE_LOOP('',(#3979,#3980,#3981,#3982,#3983,#3984));
#1161=EDGE_LOOP('',(#3985,#3986));
#1162=EDGE_LOOP('',(#3987,#3988,#3989,#3990,#3991));
#1163=EDGE_LOOP('',(#3992,#3993,#3994,#3995,#3996));
#1164=EDGE_LOOP('',(#3997,#3998));
#1165=EDGE_LOOP('',(#3999,#4000,#4001,#4002,#4003,#4004,#4005));
#1166=EDGE_LOOP('',(#4006,#4007,#4008,#4009));
#1167=EDGE_LOOP('',(#4010,#4011,#4012,#4013));
#1168=EDGE_LOOP('',(#4014,#4015,#4016,#4017,#4018));
#1169=EDGE_LOOP('',(#4019,#4020,#4021));
#1170=EDGE_LOOP('',(#4022,#4023,#4024,#4025));
#1171=EDGE_LOOP('',(#4026,#4027,#4028));
#1172=EDGE_LOOP('',(#4029,#4030,#4031,#4032));
#1173=EDGE_LOOP('',(#4033,#4034,#4035,#4036,#4037,#4038,#4039,#4040));
#1174=EDGE_LOOP('',(#4041,#4042,#4043));
#1175=EDGE_LOOP('',(#4044,#4045,#4046,#4047,#4048,#4049,#4050,#4051));
#1176=EDGE_LOOP('',(#4052));
#1177=EDGE_LOOP('',(#4053,#4054,#4055,#4056));
#1178=EDGE_LOOP('',(#4057,#4058,#4059,#4060,#4061,#4062,#4063,#4064));
#1179=EDGE_LOOP('',(#4065,#4066,#4067));
#1180=EDGE_LOOP('',(#4068,#4069,#4070,#4071));
#1181=EDGE_LOOP('',(#4072,#4073,#4074));
#1182=EDGE_LOOP('',(#4075,#4076,#4077,#4078,#4079,#4080,#4081,#4082));
#1183=EDGE_LOOP('',(#4083));
#1184=EDGE_LOOP('',(#4084,#4085,#4086,#4087));
#1185=EDGE_LOOP('',(#4088,#4089,#4090,#4091,#4092,#4093,#4094,#4095));
#1186=EDGE_LOOP('',(#4096,#4097,#4098));
#1187=EDGE_LOOP('',(#4099,#4100,#4101,#4102));
#1188=EDGE_LOOP('',(#4103,#4104,#4105));
#1189=EDGE_LOOP('',(#4106,#4107,#4108,#4109,#4110,#4111,#4112,#4113));
#1190=EDGE_LOOP('',(#4114));
#1191=EDGE_LOOP('',(#4115,#4116,#4117,#4118));
#1192=EDGE_LOOP('',(#4119,#4120,#4121));
#1193=EDGE_LOOP('',(#4122,#4123,#4124,#4125));
#1194=EDGE_LOOP('',(#4126,#4127,#4128,#4129,#4130,#4131,#4132,#4133));
#1195=EDGE_LOOP('',(#4134,#4135,#4136,#4137,#4138,#4139,#4140,#4141,#4142,
#4143));
#1196=EDGE_LOOP('',(#4144,#4145,#4146,#4147,#4148));
#1197=EDGE_LOOP('',(#4149,#4150,#4151,#4152,#4153));
#1198=EDGE_LOOP('',(#4154,#4155,#4156,#4157));
#1199=EDGE_LOOP('',(#4158,#4159,#4160,#4161,#4162,#4163,#4164,#4165,#4166,
#4167));
#1200=EDGE_LOOP('',(#4168));
#1201=EDGE_LOOP('',(#4169,#4170,#4171,#4172));
#1202=EDGE_LOOP('',(#4173,#4174,#4175,#4176,#4177,#4178,#4179));
#1203=EDGE_LOOP('',(#4180,#4181));
#1204=EDGE_LOOP('',(#4182,#4183,#4184,#4185,#4186));
#1205=EDGE_LOOP('',(#4187,#4188,#4189,#4190,#4191,#4192));
#1206=EDGE_LOOP('',(#4193,#4194,#4195,#4196,#4197));
#1207=EDGE_LOOP('',(#4198,#4199));
#1208=EDGE_LOOP('',(#4200,#4201,#4202,#4203,#4204,#4205));
#1209=EDGE_LOOP('',(#4206,#4207,#4208,#4209,#4210,#4211,#4212));
#1210=EDGE_LOOP('',(#4213,#4214,#4215,#4216,#4217));
#1211=EDGE_LOOP('',(#4218,#4219,#4220,#4221,#4222,#4223,#4224,#4225));
#1212=EDGE_LOOP('',(#4226,#4227,#4228,#4229,#4230));
#1213=EDGE_LOOP('',(#4231,#4232,#4233,#4234,#4235,#4236,#4237,#4238));
#1214=EDGE_LOOP('',(#4239,#4240));
#1215=EDGE_LOOP('',(#4241,#4242,#4243,#4244,#4245));
#1216=EDGE_LOOP('',(#4246,#4247,#4248,#4249,#4250,#4251));
#1217=EDGE_LOOP('',(#4252,#4253,#4254,#4255,#4256));
#1218=EDGE_LOOP('',(#4257,#4258));
#1219=EDGE_LOOP('',(#4259,#4260,#4261,#4262,#4263,#4264));
#1220=EDGE_LOOP('',(#4265,#4266,#4267,#4268,#4269));
#1221=EDGE_LOOP('',(#4270,#4271,#4272,#4273,#4274,#4275,#4276,#4277));
#1222=EDGE_LOOP('',(#4278,#4279));
#1223=EDGE_LOOP('',(#4280,#4281));
#1224=EDGE_LOOP('',(#4282,#4283,#4284,#4285,#4286,#4287));
#1225=EDGE_LOOP('',(#4288,#4289,#4290,#4291,#4292));
#1226=EDGE_LOOP('',(#4293,#4294,#4295,#4296,#4297));
#1227=EDGE_LOOP('',(#4298,#4299,#4300,#4301));
#1228=EDGE_LOOP('',(#4302,#4303,#4304,#4305));
#1229=EDGE_LOOP('',(#4306,#4307,#4308,#4309));
#1230=EDGE_LOOP('',(#4310,#4311,#4312,#4313,#4314,#4315,#4316,#4317,#4318));
#1231=EDGE_LOOP('',(#4319,#4320,#4321,#4322));
#1232=EDGE_LOOP('',(#4323,#4324,#4325,#4326));
#1233=EDGE_LOOP('',(#4327,#4328,#4329,#4330));
#1234=EDGE_LOOP('',(#4331,#4332,#4333,#4334,#4335,#4336,#4337,#4338,#4339));
#1235=EDGE_LOOP('',(#4340,#4341,#4342,#4343));
#1236=EDGE_LOOP('',(#4344,#4345,#4346,#4347,#4348,#4349,#4350,#4351));
#1237=EDGE_LOOP('',(#4352,#4353,#4354,#4355));
#1238=EDGE_LOOP('',(#4356,#4357,#4358,#4359,#4360,#4361,#4362,#4363,#4364));
#1239=EDGE_LOOP('',(#4365,#4366,#4367,#4368));
#1240=EDGE_LOOP('',(#4369,#4370,#4371,#4372,#4373,#4374,#4375,#4376));
#1241=EDGE_LOOP('',(#4377,#4378,#4379,#4380));
#1242=EDGE_LOOP('',(#4381,#4382,#4383,#4384,#4385,#4386,#4387,#4388));
#1243=EDGE_LOOP('',(#4389,#4390,#4391,#4392));
#1244=EDGE_LOOP('',(#4393,#4394,#4395,#4396));
#1245=EDGE_LOOP('',(#4397,#4398,#4399,#4400));
#1246=EDGE_LOOP('',(#4401,#4402,#4403,#4404,#4405,#4406,#4407,#4408));
#1247=EDGE_LOOP('',(#4409,#4410,#4411,#4412));
#1248=EDGE_LOOP('',(#4413,#4414,#4415,#4416,#4417,#4418,#4419,#4420));
#1249=EDGE_LOOP('',(#4421,#4422,#4423,#4424));
#1250=EDGE_LOOP('',(#4425,#4426,#4427,#4428));
#1251=EDGE_LOOP('',(#4429,#4430,#4431,#4432));
#1252=EDGE_LOOP('',(#4433,#4434,#4435,#4436,#4437,#4438,#4439,#4440));
#1253=EDGE_LOOP('',(#4441,#4442,#4443,#4444));
#1254=EDGE_LOOP('',(#4445,#4446,#4447,#4448,#4449,#4450,#4451,#4452));
#1255=EDGE_LOOP('',(#4453,#4454,#4455,#4456));
#1256=EDGE_LOOP('',(#4457,#4458,#4459,#4460));
#1257=EDGE_LOOP('',(#4461,#4462,#4463,#4464));
#1258=EDGE_LOOP('',(#4465,#4466,#4467,#4468,#4469,#4470,#4471,#4472));
#1259=EDGE_LOOP('',(#4473,#4474,#4475,#4476));
#1260=EDGE_LOOP('',(#4477,#4478,#4479,#4480,#4481,#4482,#4483,#4484));
#1261=EDGE_LOOP('',(#4485,#4486,#4487,#4488));
#1262=EDGE_LOOP('',(#4489,#4490,#4491,#4492,#4493,#4494,#4495,#4496,#4497));
#1263=EDGE_LOOP('',(#4498,#4499,#4500,#4501));
#1264=EDGE_LOOP('',(#4502,#4503,#4504,#4505,#4506,#4507,#4508,#4509));
#1265=EDGE_LOOP('',(#4510,#4511,#4512,#4513));
#1266=EDGE_LOOP('',(#4514,#4515,#4516,#4517,#4518,#4519,#4520,#4521,#4522));
#1267=EDGE_LOOP('',(#4523,#4524,#4525,#4526));
#1268=EDGE_LOOP('',(#4527,#4528,#4529,#4530));
#1269=EDGE_LOOP('',(#4531,#4532,#4533,#4534));
#1270=EDGE_LOOP('',(#4535,#4536,#4537,#4538,#4539,#4540,#4541,#4542,#4543));
#1271=EDGE_LOOP('',(#4544,#4545,#4546,#4547));
#1272=EDGE_LOOP('',(#4548,#4549,#4550,#4551,#4552));
#1273=EDGE_LOOP('',(#4553,#4554,#4555,#4556));
#1274=EDGE_LOOP('',(#4557,#4558,#4559,#4560));
#1275=EDGE_LOOP('',(#4561,#4562,#4563,#4564,#4565));
#1276=EDGE_LOOP('',(#4566,#4567,#4568,#4569));
#1277=EDGE_LOOP('',(#4570,#4571,#4572,#4573,#4574,#4575,#4576,#4577,#4578));
#1278=EDGE_LOOP('',(#4579,#4580,#4581,#4582));
#1279=EDGE_LOOP('',(#4583,#4584,#4585,#4586));
#1280=EDGE_LOOP('',(#4587,#4588,#4589,#4590));
#1281=EDGE_LOOP('',(#4591,#4592,#4593,#4594,#4595,#4596,#4597,#4598,#4599));
#1282=EDGE_LOOP('',(#4600,#4601,#4602,#4603));
#1283=EDGE_LOOP('',(#4604,#4605,#4606,#4607,#4608));
#1284=EDGE_LOOP('',(#4609,#4610,#4611,#4612));
#1285=EDGE_LOOP('',(#4613,#4614,#4615,#4616));
#1286=EDGE_LOOP('',(#4617,#4618,#4619,#4620,#4621,#4622));
#1287=EDGE_LOOP('',(#4623,#4624,#4625,#4626,#4627,#4628,#4629,#4630,#4631));
#1288=EDGE_LOOP('',(#4632,#4633,#4634,#4635));
#1289=EDGE_LOOP('',(#4636,#4637,#4638,#4639));
#1290=EDGE_LOOP('',(#4640,#4641,#4642,#4643));
#1291=EDGE_LOOP('',(#4644,#4645,#4646,#4647,#4648,#4649,#4650,#4651,#4652));
#1292=EDGE_LOOP('',(#4653,#4654,#4655,#4656,#4657,#4658));
#1293=EDGE_LOOP('',(#4659,#4660,#4661,#4662,#4663,#4664));
#1294=EDGE_LOOP('',(#4665,#4666,#4667,#4668,#4669,#4670,#4671,#4672,#4673,
#4674,#4675,#4676,#4677,#4678,#4679,#4680,#4681,#4682,#4683,#4684,#4685,
#4686,#4687,#4688,#4689,#4690,#4691,#4692,#4693,#4694,#4695,#4696,#4697,
#4698,#4699,#4700,#4701,#4702,#4703,#4704,#4705,#4706,#4707,#4708,#4709,
#4710,#4711,#4712,#4713,#4714,#4715,#4716,#4717,#4718,#4719,#4720,#4721,
#4722,#4723,#4724,#4725,#4726,#4727,#4728,#4729,#4730));
#1295=EDGE_LOOP('',(#4731));
#1296=EDGE_LOOP('',(#4732));
#1297=EDGE_LOOP('',(#4733));
#1298=EDGE_LOOP('',(#4734));
#1299=EDGE_LOOP('',(#4735));
#1300=EDGE_LOOP('',(#4736));
#1301=EDGE_LOOP('',(#4737));
#1302=EDGE_LOOP('',(#4738));
#1303=EDGE_LOOP('',(#4739));
#1304=EDGE_LOOP('',(#4740));
#1305=EDGE_LOOP('',(#4741));
#1306=EDGE_LOOP('',(#4742));
#1307=EDGE_LOOP('',(#4743));
#1308=EDGE_LOOP('',(#4744));
#1309=EDGE_LOOP('',(#4745));
#1310=EDGE_LOOP('',(#4746));
#1311=EDGE_LOOP('',(#4747));
#1312=EDGE_LOOP('',(#4748));
#1313=EDGE_LOOP('',(#4749));
#1314=EDGE_LOOP('',(#4750));
#1315=EDGE_LOOP('',(#4751));
#1316=EDGE_LOOP('',(#4752));
#1317=EDGE_LOOP('',(#4753));
#1318=EDGE_LOOP('',(#4754,#4755,#4756,#4757));
#1319=LINE('',#7032,#1606);
#1320=LINE('',#7035,#1607);
#1321=LINE('',#7041,#1608);
#1322=LINE('',#7044,#1609);
#1323=LINE('',#7057,#1610);
#1324=LINE('',#7062,#1611);
#1325=LINE('',#7107,#1612);
#1326=LINE('',#7139,#1613);
#1327=LINE('',#7179,#1614);
#1328=LINE('',#7209,#1615);
#1329=LINE('',#7211,#1616);
#1330=LINE('',#7214,#1617);
#1331=LINE('',#7216,#1618);
#1332=LINE('',#7289,#1619);
#1333=LINE('',#7299,#1620);
#1334=LINE('',#7303,#1621);
#1335=LINE('',#7473,#1622);
#1336=LINE('',#7479,#1623);
#1337=LINE('',#7492,#1624);
#1338=LINE('',#7503,#1625);
#1339=LINE('',#7514,#1626);
#1340=LINE('',#7520,#1627);
#1341=LINE('',#7527,#1628);
#1342=LINE('',#7531,#1629);
#1343=LINE('',#7535,#1630);
#1344=LINE('',#7542,#1631);
#1345=LINE('',#7548,#1632);
#1346=LINE('',#7556,#1633);
#1347=LINE('',#7560,#1634);
#1348=LINE('',#7563,#1635);
#1349=LINE('',#7569,#1636);
#1350=LINE('',#7577,#1637);
#1351=LINE('',#7581,#1638);
#1352=LINE('',#7584,#1639);
#1353=LINE('',#7590,#1640);
#1354=LINE('',#7594,#1641);
#1355=LINE('',#7598,#1642);
#1356=LINE('',#7605,#1643);
#1357=LINE('',#7608,#1644);
#1358=LINE('',#7612,#1645);
#1359=LINE('',#7615,#1646);
#1360=LINE('',#7618,#1647);
#1361=LINE('',#7622,#1648);
#1362=LINE('',#7625,#1649);
#1363=LINE('',#7628,#1650);
#1364=LINE('',#7629,#1651);
#1365=LINE('',#7632,#1652);
#1366=LINE('',#7638,#1653);
#1367=LINE('',#7639,#1654);
#1368=LINE('',#7645,#1655);
#1369=LINE('',#7648,#1656);
#1370=LINE('',#7655,#1657);
#1371=LINE('',#7699,#1658);
#1372=LINE('',#7704,#1659);
#1373=LINE('',#7707,#1660);
#1374=LINE('',#7714,#1661);
#1375=LINE('',#7726,#1662);
#1376=LINE('',#7729,#1663);
#1377=LINE('',#7737,#1664);
#1378=LINE('',#7739,#1665);
#1379=LINE('',#7740,#1666);
#1380=LINE('',#7747,#1667);
#1381=LINE('',#7765,#1668);
#1382=LINE('',#7770,#1669);
#1383=LINE('',#7774,#1670);
#1384=LINE('',#7844,#1671);
#1385=LINE('',#7880,#1672);
#1386=LINE('',#7884,#1673);
#1387=LINE('',#7912,#1674);
#1388=LINE('',#7918,#1675);
#1389=LINE('',#8147,#1676);
#1390=LINE('',#8183,#1677);
#1391=LINE('',#8187,#1678);
#1392=LINE('',#8215,#1679);
#1393=LINE('',#8221,#1680);
#1394=LINE('',#8429,#1681);
#1395=LINE('',#8445,#1682);
#1396=LINE('',#8499,#1683);
#1397=LINE('',#8503,#1684);
#1398=LINE('',#8558,#1685);
#1399=LINE('',#8596,#1686);
#1400=LINE('',#8623,#1687);
#1401=LINE('',#8628,#1688);
#1402=LINE('',#8644,#1689);
#1403=LINE('',#8661,#1690);
#1404=LINE('',#8664,#1691);
#1405=LINE('',#8669,#1692);
#1406=LINE('',#8672,#1693);
#1407=LINE('',#8677,#1694);
#1408=LINE('',#8680,#1695);
#1409=LINE('',#8685,#1696);
#1410=LINE('',#8690,#1697);
#1411=LINE('',#8695,#1698);
#1412=LINE('',#8711,#1699);
#1413=LINE('',#8728,#1700);
#1414=LINE('',#8731,#1701);
#1415=LINE('',#8736,#1702);
#1416=LINE('',#8739,#1703);
#1417=LINE('',#8744,#1704);
#1418=LINE('',#8747,#1705);
#1419=LINE('',#8752,#1706);
#1420=LINE('',#8757,#1707);
#1421=LINE('',#8762,#1708);
#1422=LINE('',#8778,#1709);
#1423=LINE('',#8795,#1710);
#1424=LINE('',#8798,#1711);
#1425=LINE('',#8803,#1712);
#1426=LINE('',#8806,#1713);
#1427=LINE('',#8811,#1714);
#1428=LINE('',#8814,#1715);
#1429=LINE('',#8819,#1716);
#1430=LINE('',#8824,#1717);
#1431=LINE('',#8829,#1718);
#1432=LINE('',#8837,#1719);
#1433=LINE('',#8862,#1720);
#1434=LINE('',#8865,#1721);
#1435=LINE('',#8870,#1722);
#1436=LINE('',#8873,#1723);
#1437=LINE('',#8878,#1724);
#1438=LINE('',#8881,#1725);
#1439=LINE('',#8886,#1726);
#1440=LINE('',#9941,#1727);
#1441=LINE('',#9942,#1728);
#1442=LINE('',#9945,#1729);
#1443=LINE('',#9946,#1730);
#1444=LINE('',#10001,#1731);
#1445=LINE('',#10003,#1732);
#1446=LINE('',#10066,#1733);
#1447=LINE('',#10067,#1734);
#1448=LINE('',#10078,#1735);
#1449=LINE('',#10080,#1736);
#1450=LINE('',#10096,#1737);
#1451=LINE('',#10106,#1738);
#1452=LINE('',#10109,#1739);
#1453=LINE('',#10190,#1740);
#1454=LINE('',#10248,#1741);
#1455=LINE('',#10250,#1742);
#1456=LINE('',#10252,#1743);
#1457=LINE('',#10253,#1744);
#1458=LINE('',#10255,#1745);
#1459=LINE('',#10259,#1746);
#1460=LINE('',#10266,#1747);
#1461=LINE('',#10268,#1748);
#1462=LINE('',#10269,#1749);
#1463=LINE('',#10275,#1750);
#1464=LINE('',#10278,#1751);
#1465=LINE('',#10279,#1752);
#1466=LINE('',#10282,#1753);
#1467=LINE('',#10285,#1754);
#1468=LINE('',#10292,#1755);
#1469=LINE('',#10295,#1756);
#1470=LINE('',#10302,#1757);
#1471=LINE('',#10304,#1758);
#1472=LINE('',#10305,#1759);
#1473=LINE('',#10308,#1760);
#1474=LINE('',#10312,#1761);
#1475=LINE('',#10315,#1762);
#1476=LINE('',#10318,#1763);
#1477=LINE('',#10321,#1764);
#1478=LINE('',#10328,#1765);
#1479=LINE('',#10331,#1766);
#1480=LINE('',#10338,#1767);
#1481=LINE('',#10340,#1768);
#1482=LINE('',#10341,#1769);
#1483=LINE('',#10346,#1770);
#1484=LINE('',#10348,#1771);
#1485=LINE('',#10351,#1772);
#1486=LINE('',#10354,#1773);
#1487=LINE('',#10357,#1774);
#1488=LINE('',#10364,#1775);
#1489=LINE('',#10367,#1776);
#1490=LINE('',#10374,#1777);
#1491=LINE('',#10376,#1778);
#1492=LINE('',#10377,#1779);
#1493=LINE('',#10383,#1780);
#1494=LINE('',#10386,#1781);
#1495=LINE('',#10387,#1782);
#1496=LINE('',#10390,#1783);
#1497=LINE('',#10393,#1784);
#1498=LINE('',#10396,#1785);
#1499=LINE('',#10400,#1786);
#1500=LINE('',#10404,#1787);
#1501=LINE('',#10405,#1788);
#1502=LINE('',#10408,#1789);
#1503=LINE('',#10409,#1790);
#1504=LINE('',#10412,#1791);
#1505=LINE('',#10413,#1792);
#1506=LINE('',#10416,#1793);
#1507=LINE('',#10419,#1794);
#1508=LINE('',#10421,#1795);
#1509=LINE('',#10424,#1796);
#1510=LINE('',#10427,#1797);
#1511=LINE('',#10429,#1798);
#1512=LINE('',#10430,#1799);
#1513=LINE('',#10476,#1800);
#1514=LINE('',#10479,#1801);
#1515=LINE('',#10563,#1802);
#1516=LINE('',#10650,#1803);
#1517=LINE('',#10914,#1804);
#1518=LINE('',#10927,#1805);
#1519=LINE('',#11000,#1806);
#1520=LINE('',#11008,#1807);
#1521=LINE('',#11125,#1808);
#1522=LINE('',#11136,#1809);
#1523=LINE('',#11139,#1810);
#1524=LINE('',#11142,#1811);
#1525=LINE('',#11158,#1812);
#1526=LINE('',#11174,#1813);
#1527=LINE('',#11187,#1814);
#1528=LINE('',#11191,#1815);
#1529=LINE('',#11195,#1816);
#1530=LINE('',#11199,#1817);
#1531=LINE('',#11201,#1818);
#1532=LINE('',#11202,#1819);
#1533=LINE('',#11206,#1820);
#1534=LINE('',#11210,#1821);
#1535=LINE('',#11214,#1822);
#1536=LINE('',#11217,#1823);
#1537=LINE('',#11218,#1824);
#1538=LINE('',#11222,#1825);
#1539=LINE('',#11229,#1826);
#1540=LINE('',#11230,#1827);
#1541=LINE('',#11233,#1828);
#1542=LINE('',#11234,#1829);
#1543=LINE('',#11238,#1830);
#1544=LINE('',#11241,#1831);
#1545=LINE('',#11242,#1832);
#1546=LINE('',#11246,#1833);
#1547=LINE('',#11249,#1834);
#1548=LINE('',#11250,#1835);
#1549=LINE('',#11253,#1836);
#1550=LINE('',#11257,#1837);
#1551=LINE('',#11262,#1838);
#1552=LINE('',#11265,#1839);
#1553=LINE('',#11266,#1840);
#1554=LINE('',#11270,#1841);
#1555=LINE('',#11273,#1842);
#1556=LINE('',#11274,#1843);
#1557=LINE('',#11277,#1844);
#1558=LINE('',#11282,#1845);
#1559=LINE('',#11286,#1846);
#1560=LINE('',#11289,#1847);
#1561=LINE('',#11290,#1848);
#1562=LINE('',#11294,#1849);
#1563=LINE('',#11297,#1850);
#1564=LINE('',#11298,#1851);
#1565=LINE('',#11301,#1852);
#1566=LINE('',#11305,#1853);
#1567=LINE('',#11310,#1854);
#1568=LINE('',#11313,#1855);
#1569=LINE('',#11314,#1856);
#1570=LINE('',#11318,#1857);
#1571=LINE('',#11321,#1858);
#1572=LINE('',#11322,#1859);
#1573=LINE('',#11326,#1860);
#1574=LINE('',#11329,#1861);
#1575=LINE('',#11330,#1862);
#1576=LINE('',#11334,#1863);
#1577=LINE('',#11338,#1864);
#1578=LINE('',#11342,#1865);
#1579=LINE('',#11345,#1866);
#1580=LINE('',#11346,#1867);
#1581=LINE('',#11350,#1868);
#1582=LINE('',#11354,#1869);
#1583=LINE('',#11358,#1870);
#1584=LINE('',#11361,#1871);
#1585=LINE('',#11362,#1872);
#1586=LINE('',#11366,#1873);
#1587=LINE('',#11372,#1874);
#1588=LINE('',#11375,#1875);
#1589=LINE('',#11377,#1876);
#1590=LINE('',#11384,#1877);
#1591=LINE('',#11387,#1878);
#1592=LINE('',#11388,#1879);
#1593=LINE('',#11392,#1880);
#1594=LINE('',#11396,#1881);
#1595=LINE('',#11400,#1882);
#1596=LINE('',#11403,#1883);
#1597=LINE('',#11404,#1884);
#1598=LINE('',#11407,#1885);
#1599=LINE('',#11415,#1886);
#1600=LINE('',#11484,#1887);
#1601=LINE('',#11485,#1888);
#1602=LINE('',#11488,#1889);
#1603=LINE('',#11492,#1890);
#1604=LINE('',#11496,#1891);
#1605=LINE('',#11511,#1892);
#1606=VECTOR('',#5667,10.);
#1607=VECTOR('',#5670,10.);
#1608=VECTOR('',#5675,10.);
#1609=VECTOR('',#5678,10.);
#1610=VECTOR('',#5683,10.);
#1611=VECTOR('',#5688,10.);
#1612=VECTOR('',#5693,10.);
#1613=VECTOR('',#5696,10.);
#1614=VECTOR('',#5697,10.);
#1615=VECTOR('',#5698,10.);
#1616=VECTOR('',#5699,10.);
#1617=VECTOR('',#5702,10.);
#1618=VECTOR('',#5703,10.);
#1619=VECTOR('',#5708,10.);
#1620=VECTOR('',#5711,10.);
#1621=VECTOR('',#5714,10.);
#1622=VECTOR('',#5733,10.);
#1623=VECTOR('',#5740,10.);
#1624=VECTOR('',#5749,2.75);
#1625=VECTOR('',#5762,2.75);
#1626=VECTOR('',#5775,2.75);
#1627=VECTOR('',#5782,2.75);
#1628=VECTOR('',#5789,10.);
#1629=VECTOR('',#5792,10.);
#1630=VECTOR('',#5795,10.);
#1631=VECTOR('',#5802,10.);
#1632=VECTOR('',#5807,10.);
#1633=VECTOR('',#5814,10.);
#1634=VECTOR('',#5817,10.);
#1635=VECTOR('',#5820,10.);
#1636=VECTOR('',#5825,10.);
#1637=VECTOR('',#5832,10.);
#1638=VECTOR('',#5835,10.);
#1639=VECTOR('',#5838,10.);
#1640=VECTOR('',#5843,10.);
#1641=VECTOR('',#5846,10.);
#1642=VECTOR('',#5849,10.);
#1643=VECTOR('',#5856,10.);
#1644=VECTOR('',#5859,10.);
#1645=VECTOR('',#5862,10.);
#1646=VECTOR('',#5865,10.);
#1647=VECTOR('',#5868,10.);
#1648=VECTOR('',#5871,10.);
#1649=VECTOR('',#5874,10.);
#1650=VECTOR('',#5877,10.);
#1651=VECTOR('',#5878,10.);
#1652=VECTOR('',#5881,10.);
#1653=VECTOR('',#5888,10.);
#1654=VECTOR('',#5889,10.);
#1655=VECTOR('',#5896,10.);
#1656=VECTOR('',#5899,10.);
#1657=VECTOR('',#5906,10.);
#1658=VECTOR('',#5911,10.);
#1659=VECTOR('',#5916,10.);
#1660=VECTOR('',#5919,10.);
#1661=VECTOR('',#5928,10.);
#1662=VECTOR('',#5929,10.);
#1663=VECTOR('',#5932,10.);
#1664=VECTOR('',#5941,10.);
#1665=VECTOR('',#5942,10.);
#1666=VECTOR('',#5943,10.);
#1667=VECTOR('',#5952,10.);
#1668=VECTOR('',#5959,10.);
#1669=VECTOR('',#5964,10.);
#1670=VECTOR('',#5967,10.);
#1671=VECTOR('',#5978,10.);
#1672=VECTOR('',#5989,10.);
#1673=VECTOR('',#5992,10.);
#1674=VECTOR('',#5999,10.);
#1675=VECTOR('',#6006,10.);
#1676=VECTOR('',#6021,10.);
#1677=VECTOR('',#6032,10.);
#1678=VECTOR('',#6035,10.);
#1679=VECTOR('',#6042,10.);
#1680=VECTOR('',#6049,10.);
#1681=VECTOR('',#6060,10.);
#1682=VECTOR('',#6065,10.);
#1683=VECTOR('',#6074,10.);
#1684=VECTOR('',#6077,10.);
#1685=VECTOR('',#6084,10.);
#1686=VECTOR('',#6097,10.);
#1687=VECTOR('',#6102,2.1);
#1688=VECTOR('',#6107,10.);
#1689=VECTOR('',#6110,10.);
#1690=VECTOR('',#6129,1.6);
#1691=VECTOR('',#6132,2.1);
#1692=VECTOR('',#6139,1.6);
#1693=VECTOR('',#6142,2.1);
#1694=VECTOR('',#6149,1.6);
#1695=VECTOR('',#6152,2.1);
#1696=VECTOR('',#6159,1.6);
#1697=VECTOR('',#6164,2.1);
#1698=VECTOR('',#6169,10.);
#1699=VECTOR('',#6172,10.);
#1700=VECTOR('',#6191,1.6);
#1701=VECTOR('',#6194,2.1);
#1702=VECTOR('',#6201,1.6);
#1703=VECTOR('',#6204,2.1);
#1704=VECTOR('',#6211,1.6);
#1705=VECTOR('',#6214,2.1);
#1706=VECTOR('',#6221,1.6);
#1707=VECTOR('',#6226,2.1);
#1708=VECTOR('',#6231,10.);
#1709=VECTOR('',#6234,10.);
#1710=VECTOR('',#6253,1.6);
#1711=VECTOR('',#6256,2.1);
#1712=VECTOR('',#6263,1.6);
#1713=VECTOR('',#6266,2.1);
#1714=VECTOR('',#6273,1.6);
#1715=VECTOR('',#6276,2.1);
#1716=VECTOR('',#6283,1.6);
#1717=VECTOR('',#6288,2.1);
#1718=VECTOR('',#6293,10.);
#1719=VECTOR('',#6300,10.);
#1720=VECTOR('',#6315,1.6);
#1721=VECTOR('',#6318,2.1);
#1722=VECTOR('',#6325,1.6);
#1723=VECTOR('',#6328,2.1);
#1724=VECTOR('',#6335,1.6);
#1725=VECTOR('',#6338,2.1);
#1726=VECTOR('',#6345,1.6);
#1727=VECTOR('',#6418,10.);
#1728=VECTOR('',#6419,10.);
#1729=VECTOR('',#6422,10.);
#1730=VECTOR('',#6423,10.);
#1731=VECTOR('',#6430,10.);
#1732=VECTOR('',#6431,10.);
#1733=VECTOR('',#6438,10.);
#1734=VECTOR('',#6439,10.);
#1735=VECTOR('',#6442,10.);
#1736=VECTOR('',#6443,10.);
#1737=VECTOR('',#6458,10.);
#1738=VECTOR('',#6461,10.);
#1739=VECTOR('',#6464,10.);
#1740=VECTOR('',#6467,10.);
#1741=VECTOR('',#6472,10.);
#1742=VECTOR('',#6473,10.);
#1743=VECTOR('',#6474,10.);
#1744=VECTOR('',#6475,10.);
#1745=VECTOR('',#6478,10.);
#1746=VECTOR('',#6483,10.);
#1747=VECTOR('',#6490,10.);
#1748=VECTOR('',#6493,10.);
#1749=VECTOR('',#6494,10.);
#1750=VECTOR('',#6499,10.);
#1751=VECTOR('',#6504,10.);
#1752=VECTOR('',#6505,10.);
#1753=VECTOR('',#6508,10.);
#1754=VECTOR('',#6511,10.);
#1755=VECTOR('',#6518,10.);
#1756=VECTOR('',#6521,10.);
#1757=VECTOR('',#6528,10.);
#1758=VECTOR('',#6531,10.);
#1759=VECTOR('',#6532,10.);
#1760=VECTOR('',#6535,10.);
#1761=VECTOR('',#6538,10.);
#1762=VECTOR('',#6541,10.);
#1763=VECTOR('',#6544,10.);
#1764=VECTOR('',#6549,10.);
#1765=VECTOR('',#6556,10.);
#1766=VECTOR('',#6559,10.);
#1767=VECTOR('',#6566,10.);
#1768=VECTOR('',#6569,10.);
#1769=VECTOR('',#6570,10.);
#1770=VECTOR('',#6575,10.);
#1771=VECTOR('',#6576,10.);
#1772=VECTOR('',#6579,10.);
#1773=VECTOR('',#6582,10.);
#1774=VECTOR('',#6587,10.);
#1775=VECTOR('',#6594,10.);
#1776=VECTOR('',#6597,10.);
#1777=VECTOR('',#6604,10.);
#1778=VECTOR('',#6607,10.);
#1779=VECTOR('',#6608,10.);
#1780=VECTOR('',#6613,10.);
#1781=VECTOR('',#6618,10.);
#1782=VECTOR('',#6619,10.);
#1783=VECTOR('',#6622,10.);
#1784=VECTOR('',#6625,10.);
#1785=VECTOR('',#6628,10.);
#1786=VECTOR('',#6631,10.);
#1787=VECTOR('',#6636,10.);
#1788=VECTOR('',#6637,10.);
#1789=VECTOR('',#6640,10.);
#1790=VECTOR('',#6641,10.);
#1791=VECTOR('',#6644,10.);
#1792=VECTOR('',#6645,10.);
#1793=VECTOR('',#6648,10.);
#1794=VECTOR('',#6651,10.);
#1795=VECTOR('',#6652,10.);
#1796=VECTOR('',#6655,10.);
#1797=VECTOR('',#6658,10.);
#1798=VECTOR('',#6659,10.);
#1799=VECTOR('',#6660,10.);
#1800=VECTOR('',#6667,10.);
#1801=VECTOR('',#6670,10.);
#1802=VECTOR('',#6673,10.);
#1803=VECTOR('',#6676,10.);
#1804=VECTOR('',#6689,10.);
#1805=VECTOR('',#6692,10.);
#1806=VECTOR('',#6695,10.);
#1807=VECTOR('',#6698,10.);
#1808=VECTOR('',#6705,10.);
#1809=VECTOR('',#6708,10.);
#1810=VECTOR('',#6711,10.);
#1811=VECTOR('',#6714,10.);
#1812=VECTOR('',#6717,10.);
#1813=VECTOR('',#6720,10.);
#1814=VECTOR('',#6723,5.);
#1815=VECTOR('',#6728,5.);
#1816=VECTOR('',#6733,5.);
#1817=VECTOR('',#6738,7.00000000000001);
#1818=VECTOR('',#6739,10.);
#1819=VECTOR('',#6740,10.);
#1820=VECTOR('',#6745,10.);
#1821=VECTOR('',#6750,10.);
#1822=VECTOR('',#6755,10.);
#1823=VECTOR('',#6758,10.);
#1824=VECTOR('',#6759,6.99999999999999);
#1825=VECTOR('',#6764,6.99999999999999);
#1826=VECTOR('',#6773,10.);
#1827=VECTOR('',#6774,10.);
#1828=VECTOR('',#6777,10.);
#1829=VECTOR('',#6778,10.);
#1830=VECTOR('',#6783,10.);
#1831=VECTOR('',#6786,10.);
#1832=VECTOR('',#6787,10.);
#1833=VECTOR('',#6792,10.);
#1834=VECTOR('',#6795,10.);
#1835=VECTOR('',#6796,10.);
#1836=VECTOR('',#6799,10.);
#1837=VECTOR('',#6804,10.);
#1838=VECTOR('',#6811,10.);
#1839=VECTOR('',#6814,10.);
#1840=VECTOR('',#6815,10.);
#1841=VECTOR('',#6820,10.);
#1842=VECTOR('',#6823,10.);
#1843=VECTOR('',#6824,10.);
#1844=VECTOR('',#6827,10.);
#1845=VECTOR('',#6834,10.);
#1846=VECTOR('',#6839,10.);
#1847=VECTOR('',#6842,10.);
#1848=VECTOR('',#6843,10.);
#1849=VECTOR('',#6848,10.);
#1850=VECTOR('',#6851,10.);
#1851=VECTOR('',#6852,10.);
#1852=VECTOR('',#6855,10.);
#1853=VECTOR('',#6860,10.);
#1854=VECTOR('',#6867,10.);
#1855=VECTOR('',#6870,10.);
#1856=VECTOR('',#6871,10.);
#1857=VECTOR('',#6876,10.);
#1858=VECTOR('',#6879,10.);
#1859=VECTOR('',#6880,10.);
#1860=VECTOR('',#6885,10.);
#1861=VECTOR('',#6888,10.);
#1862=VECTOR('',#6889,10.);
#1863=VECTOR('',#6894,10.);
#1864=VECTOR('',#6899,7.);
#1865=VECTOR('',#6904,10.);
#1866=VECTOR('',#6907,10.);
#1867=VECTOR('',#6908,10.);
#1868=VECTOR('',#6913,10.);
#1869=VECTOR('',#6918,10.);
#1870=VECTOR('',#6923,10.);
#1871=VECTOR('',#6926,10.);
#1872=VECTOR('',#6927,6.99999999999999);
#1873=VECTOR('',#6932,6.99999999999999);
#1874=VECTOR('',#6941,7.);
#1875=VECTOR('',#6944,10.);
#1876=VECTOR('',#6945,7.00000000000001);
#1877=VECTOR('',#6956,7.00000000000001);
#1878=VECTOR('',#6959,10.);
#1879=VECTOR('',#6960,10.);
#1880=VECTOR('',#6965,10.);
#1881=VECTOR('',#6970,10.);
#1882=VECTOR('',#6975,10.);
#1883=VECTOR('',#6978,10.);
#1884=VECTOR('',#6979,7.00000000000001);
#1885=VECTOR('',#6982,10.);
#1886=VECTOR('',#6995,5.);
#1887=VECTOR('',#7000,10.);
#1888=VECTOR('',#7001,10.);
#1889=VECTOR('',#7004,10.);
#1890=VECTOR('',#7009,10.);
#1891=VECTOR('',#7014,10.);
#1892=VECTOR('',#7019,10.);
#1893=ELLIPSE('',#5124,8.83883476483185,6.25);
#1894=ELLIPSE('',#5125,13.0814754519511,9.25);
#1895=ELLIPSE('',#5127,13.0814754519511,9.25);
#1896=ELLIPSE('',#5128,8.83883476483185,6.25);
#1897=ELLIPSE('',#5159,5.86898628384834,4.15);
#1898=ELLIPSE('',#5165,5.86898628384834,4.15);
#1899=ELLIPSE('',#5177,39.2444263558534,27.75);
#1900=ELLIPSE('',#5179,39.2444263558534,27.75);
#1901=ELLIPSE('',#5182,39.2444263558534,27.75);
#1902=ELLIPSE('',#5184,39.2444263558534,27.75);
#1903=ELLIPSE('',#5189,39.2444263558534,27.75);
#1904=ELLIPSE('',#5191,39.2444263558534,27.75);
#1905=ELLIPSE('',#5198,39.2444263558534,27.75);
#1906=ELLIPSE('',#5200,39.2444263558534,27.75);
#1907=ELLIPSE('',#5202,7.42462120245875,5.25);
#1908=ELLIPSE('',#5203,10.2530483272049,7.25);
#1909=ELLIPSE('',#5205,10.2530483272049,7.25);
#1910=ELLIPSE('',#5206,7.42462120245875,5.25);
#1911=ELLIPSE('',#5217,7.07106781186548,5.);
#1912=ELLIPSE('',#5218,7.07106781186548,5.);
#1913=ELLIPSE('',#5222,10.2530483272049,7.25);
#1914=ELLIPSE('',#5224,10.2530483272049,7.25);
#1915=ELLIPSE('',#5229,7.07106781186548,5.);
#1916=ELLIPSE('',#5230,7.07106781186548,5.);
#1917=ELLIPSE('',#5462,7.42462120245873,5.25);
#1918=ELLIPSE('',#5465,42.4264068711929,30.);
#1919=ELLIPSE('',#5469,42.4264068711929,30.);
#1920=ELLIPSE('',#5475,42.4264068711929,30.);
#1921=ELLIPSE('',#5485,42.4264068711929,30.);
#1922=ELLIPSE('',#5489,42.4264068711928,30.);
#1923=ELLIPSE('',#5499,42.4264068711928,30.);
#1924=ELLIPSE('',#5503,42.4264068711928,30.);
#1925=ELLIPSE('',#5511,42.4264068711928,30.);
#1926=ELLIPSE('',#5517,7.42462120245873,5.25);
#1927=ELLIPSE('',#5566,42.4264068711928,30.);
#1928=ELLIPSE('',#5609,42.4264068711928,30.);
#1929=VERTEX_POINT('',#7028);
#1930=VERTEX_POINT('',#7029);
#1931=VERTEX_POINT('',#7031);
#1932=VERTEX_POINT('',#7033);
#1933=VERTEX_POINT('',#7037);
#1934=VERTEX_POINT('',#7038);
#1935=VERTEX_POINT('',#7040);
#1936=VERTEX_POINT('',#7042);
#1937=VERTEX_POINT('',#7046);
#1938=VERTEX_POINT('',#7047);
#1939=VERTEX_POINT('',#7054);
#1940=VERTEX_POINT('',#7056);
#1941=VERTEX_POINT('',#7060);
#1942=VERTEX_POINT('',#7061);
#1943=VERTEX_POINT('',#7085);
#1944=VERTEX_POINT('',#7086);
#1945=VERTEX_POINT('',#7100);
#1946=VERTEX_POINT('',#7106);
#1947=VERTEX_POINT('',#7138);
#1948=VERTEX_POINT('',#7140);
#1949=VERTEX_POINT('',#7178);
#1950=VERTEX_POINT('',#7180);
#1951=VERTEX_POINT('',#7187);
#1952=VERTEX_POINT('',#7210);
#1953=VERTEX_POINT('',#7212);
#1954=VERTEX_POINT('',#7215);
#1955=VERTEX_POINT('',#7239);
#1956=VERTEX_POINT('',#7275);
#1957=VERTEX_POINT('',#7276);
#1958=VERTEX_POINT('',#7281);
#1959=VERTEX_POINT('',#7288);
#1960=VERTEX_POINT('',#7297);
#1961=VERTEX_POINT('',#7298);
#1962=VERTEX_POINT('',#7300);
#1963=VERTEX_POINT('',#7302);
#1964=VERTEX_POINT('',#7348);
#1965=VERTEX_POINT('',#7358);
#1966=VERTEX_POINT('',#7428);
#1967=VERTEX_POINT('',#7429);
#1968=VERTEX_POINT('',#7463);
#1969=VERTEX_POINT('',#7468);
#1970=VERTEX_POINT('',#7470);
#1971=VERTEX_POINT('',#7472);
#1972=VERTEX_POINT('',#7476);
#1973=VERTEX_POINT('',#7478);
#1974=VERTEX_POINT('',#7480);
#1975=VERTEX_POINT('',#7485);
#1976=VERTEX_POINT('',#7489);
#1977=VERTEX_POINT('',#7491);
#1978=VERTEX_POINT('',#7495);
#1979=VERTEX_POINT('',#7496);
#1980=VERTEX_POINT('',#7500);
#1981=VERTEX_POINT('',#7502);
#1982=VERTEX_POINT('',#7506);
#1983=VERTEX_POINT('',#7507);
#1984=VERTEX_POINT('',#7511);
#1985=VERTEX_POINT('',#7513);
#1986=VERTEX_POINT('',#7517);
#1987=VERTEX_POINT('',#7519);
#1988=VERTEX_POINT('',#7523);
#1989=VERTEX_POINT('',#7524);
#1990=VERTEX_POINT('',#7526);
#1991=VERTEX_POINT('',#7528);
#1992=VERTEX_POINT('',#7530);
#1993=VERTEX_POINT('',#7532);
#1994=VERTEX_POINT('',#7534);
#1995=VERTEX_POINT('',#7536);
#1996=VERTEX_POINT('',#7538);
#1997=VERTEX_POINT('',#7540);
#1998=VERTEX_POINT('',#7544);
#1999=VERTEX_POINT('',#7545);
#2000=VERTEX_POINT('',#7547);
#2001=VERTEX_POINT('',#7549);
#2002=VERTEX_POINT('',#7551);
#2003=VERTEX_POINT('',#7553);
#2004=VERTEX_POINT('',#7555);
#2005=VERTEX_POINT('',#7557);
#2006=VERTEX_POINT('',#7559);
#2007=VERTEX_POINT('',#7561);
#2008=VERTEX_POINT('',#7565);
#2009=VERTEX_POINT('',#7566);
#2010=VERTEX_POINT('',#7568);
#2011=VERTEX_POINT('',#7570);
#2012=VERTEX_POINT('',#7572);
#2013=VERTEX_POINT('',#7574);
#2014=VERTEX_POINT('',#7576);
#2015=VERTEX_POINT('',#7578);
#2016=VERTEX_POINT('',#7580);
#2017=VERTEX_POINT('',#7582);
#2018=VERTEX_POINT('',#7586);
#2019=VERTEX_POINT('',#7587);
#2020=VERTEX_POINT('',#7589);
#2021=VERTEX_POINT('',#7591);
#2022=VERTEX_POINT('',#7593);
#2023=VERTEX_POINT('',#7595);
#2024=VERTEX_POINT('',#7597);
#2025=VERTEX_POINT('',#7599);
#2026=VERTEX_POINT('',#7601);
#2027=VERTEX_POINT('',#7603);
#2028=VERTEX_POINT('',#7607);
#2029=VERTEX_POINT('',#7609);
#2030=VERTEX_POINT('',#7611);
#2031=VERTEX_POINT('',#7613);
#2032=VERTEX_POINT('',#7617);
#2033=VERTEX_POINT('',#7619);
#2034=VERTEX_POINT('',#7621);
#2035=VERTEX_POINT('',#7623);
#2036=VERTEX_POINT('',#7627);
#2037=VERTEX_POINT('',#7631);
#2038=VERTEX_POINT('',#7633);
#2039=VERTEX_POINT('',#7637);
#2040=VERTEX_POINT('',#7641);
#2041=VERTEX_POINT('',#7643);
#2042=VERTEX_POINT('',#7647);
#2043=VERTEX_POINT('',#7649);
#2044=VERTEX_POINT('',#7651);
#2045=VERTEX_POINT('',#7653);
#2046=VERTEX_POINT('',#7657);
#2047=VERTEX_POINT('',#7666);
#2048=VERTEX_POINT('',#7677);
#2049=VERTEX_POINT('',#7679);
#2050=VERTEX_POINT('',#7698);
#2051=VERTEX_POINT('',#7700);
#2052=VERTEX_POINT('',#7702);
#2053=VERTEX_POINT('',#7706);
#2054=VERTEX_POINT('',#7708);
#2055=VERTEX_POINT('',#7713);
#2056=VERTEX_POINT('',#7715);
#2057=VERTEX_POINT('',#7728);
#2058=VERTEX_POINT('',#7730);
#2059=VERTEX_POINT('',#7732);
#2060=VERTEX_POINT('',#7736);
#2061=VERTEX_POINT('',#7738);
#2062=VERTEX_POINT('',#7745);
#2063=VERTEX_POINT('',#7746);
#2064=VERTEX_POINT('',#7748);
#2065=VERTEX_POINT('',#7753);
#2066=VERTEX_POINT('',#7755);
#2067=VERTEX_POINT('',#7757);
#2068=VERTEX_POINT('',#7759);
#2069=VERTEX_POINT('',#7764);
#2070=VERTEX_POINT('',#7768);
#2071=VERTEX_POINT('',#7769);
#2072=VERTEX_POINT('',#7771);
#2073=VERTEX_POINT('',#7773);
#2074=VERTEX_POINT('',#7775);
#2075=VERTEX_POINT('',#7780);
#2076=VERTEX_POINT('',#7782);
#2077=VERTEX_POINT('',#7784);
#2078=VERTEX_POINT('',#7810);
#2079=VERTEX_POINT('',#7811);
#2080=VERTEX_POINT('',#7816);
#2081=VERTEX_POINT('',#7822);
#2082=VERTEX_POINT('',#7830);
#2083=VERTEX_POINT('',#7841);
#2084=VERTEX_POINT('',#7843);
#2085=VERTEX_POINT('',#7848);
#2086=VERTEX_POINT('',#7879);
#2087=VERTEX_POINT('',#7881);
#2088=VERTEX_POINT('',#7883);
#2089=VERTEX_POINT('',#7909);
#2090=VERTEX_POINT('',#7911);
#2091=VERTEX_POINT('',#7915);
#2092=VERTEX_POINT('',#7917);
#2093=VERTEX_POINT('',#7919);
#2094=VERTEX_POINT('',#7921);
#2095=VERTEX_POINT('',#7961);
#2096=VERTEX_POINT('',#7962);
#2097=VERTEX_POINT('',#7967);
#2098=VERTEX_POINT('',#8068);
#2099=VERTEX_POINT('',#8077);
#2100=VERTEX_POINT('',#8086);
#2101=VERTEX_POINT('',#8113);
#2102=VERTEX_POINT('',#8114);
#2103=VERTEX_POINT('',#8119);
#2104=VERTEX_POINT('',#8125);
#2105=VERTEX_POINT('',#8133);
#2106=VERTEX_POINT('',#8144);
#2107=VERTEX_POINT('',#8146);
#2108=VERTEX_POINT('',#8151);
#2109=VERTEX_POINT('',#8182);
#2110=VERTEX_POINT('',#8184);
#2111=VERTEX_POINT('',#8186);
#2112=VERTEX_POINT('',#8212);
#2113=VERTEX_POINT('',#8214);
#2114=VERTEX_POINT('',#8218);
#2115=VERTEX_POINT('',#8220);
#2116=VERTEX_POINT('',#8222);
#2117=VERTEX_POINT('',#8224);
#2118=VERTEX_POINT('',#8264);
#2119=VERTEX_POINT('',#8265);
#2120=VERTEX_POINT('',#8270);
#2121=VERTEX_POINT('',#8371);
#2122=VERTEX_POINT('',#8380);
#2123=VERTEX_POINT('',#8389);
#2124=VERTEX_POINT('',#8416);
#2125=VERTEX_POINT('',#8417);
#2126=VERTEX_POINT('',#8422);
#2127=VERTEX_POINT('',#8428);
#2128=VERTEX_POINT('',#8436);
#2129=VERTEX_POINT('',#8437);
#2130=VERTEX_POINT('',#8442);
#2131=VERTEX_POINT('',#8444);
#2132=VERTEX_POINT('',#8498);
#2133=VERTEX_POINT('',#8500);
#2134=VERTEX_POINT('',#8502);
#2135=VERTEX_POINT('',#8526);
#2136=VERTEX_POINT('',#8527);
#2137=VERTEX_POINT('',#8532);
#2138=VERTEX_POINT('',#8538);
#2139=VERTEX_POINT('',#8546);
#2140=VERTEX_POINT('',#8557);
#2141=VERTEX_POINT('',#8562);
#2142=VERTEX_POINT('',#8593);
#2143=VERTEX_POINT('',#8595);
#2144=VERTEX_POINT('',#8620);
#2145=VERTEX_POINT('',#8622);
#2146=VERTEX_POINT('',#8626);
#2147=VERTEX_POINT('',#8627);
#2148=VERTEX_POINT('',#8629);
#2149=VERTEX_POINT('',#8635);
#2150=VERTEX_POINT('',#8637);
#2151=VERTEX_POINT('',#8643);
#2152=VERTEX_POINT('',#8645);
#2153=VERTEX_POINT('',#8647);
#2154=VERTEX_POINT('',#8650);
#2155=VERTEX_POINT('',#8652);
#2156=VERTEX_POINT('',#8654);
#2157=VERTEX_POINT('',#8656);
#2158=VERTEX_POINT('',#8659);
#2159=VERTEX_POINT('',#8663);
#2160=VERTEX_POINT('',#8667);
#2161=VERTEX_POINT('',#8671);
#2162=VERTEX_POINT('',#8675);
#2163=VERTEX_POINT('',#8679);
#2164=VERTEX_POINT('',#8683);
#2165=VERTEX_POINT('',#8687);
#2166=VERTEX_POINT('',#8689);
#2167=VERTEX_POINT('',#8693);
#2168=VERTEX_POINT('',#8694);
#2169=VERTEX_POINT('',#8696);
#2170=VERTEX_POINT('',#8702);
#2171=VERTEX_POINT('',#8704);
#2172=VERTEX_POINT('',#8710);
#2173=VERTEX_POINT('',#8712);
#2174=VERTEX_POINT('',#8714);
#2175=VERTEX_POINT('',#8717);
#2176=VERTEX_POINT('',#8719);
#2177=VERTEX_POINT('',#8721);
#2178=VERTEX_POINT('',#8723);
#2179=VERTEX_POINT('',#8726);
#2180=VERTEX_POINT('',#8730);
#2181=VERTEX_POINT('',#8734);
#2182=VERTEX_POINT('',#8738);
#2183=VERTEX_POINT('',#8742);
#2184=VERTEX_POINT('',#8746);
#2185=VERTEX_POINT('',#8750);
#2186=VERTEX_POINT('',#8754);
#2187=VERTEX_POINT('',#8756);
#2188=VERTEX_POINT('',#8760);
#2189=VERTEX_POINT('',#8761);
#2190=VERTEX_POINT('',#8763);
#2191=VERTEX_POINT('',#8769);
#2192=VERTEX_POINT('',#8771);
#2193=VERTEX_POINT('',#8777);
#2194=VERTEX_POINT('',#8779);
#2195=VERTEX_POINT('',#8781);
#2196=VERTEX_POINT('',#8784);
#2197=VERTEX_POINT('',#8786);
#2198=VERTEX_POINT('',#8788);
#2199=VERTEX_POINT('',#8790);
#2200=VERTEX_POINT('',#8793);
#2201=VERTEX_POINT('',#8797);
#2202=VERTEX_POINT('',#8801);
#2203=VERTEX_POINT('',#8805);
#2204=VERTEX_POINT('',#8809);
#2205=VERTEX_POINT('',#8813);
#2206=VERTEX_POINT('',#8817);
#2207=VERTEX_POINT('',#8821);
#2208=VERTEX_POINT('',#8823);
#2209=VERTEX_POINT('',#8827);
#2210=VERTEX_POINT('',#8828);
#2211=VERTEX_POINT('',#8830);
#2212=VERTEX_POINT('',#8832);
#2213=VERTEX_POINT('',#8834);
#2214=VERTEX_POINT('',#8836);
#2215=VERTEX_POINT('',#8838);
#2216=VERTEX_POINT('',#8844);
#2217=VERTEX_POINT('',#8851);
#2218=VERTEX_POINT('',#8853);
#2219=VERTEX_POINT('',#8855);
#2220=VERTEX_POINT('',#8857);
#2221=VERTEX_POINT('',#8860);
#2222=VERTEX_POINT('',#8864);
#2223=VERTEX_POINT('',#8868);
#2224=VERTEX_POINT('',#8872);
#2225=VERTEX_POINT('',#8876);
#2226=VERTEX_POINT('',#8880);
#2227=VERTEX_POINT('',#8884);
#2228=VERTEX_POINT('',#8917);
#2229=VERTEX_POINT('',#8976);
#2230=VERTEX_POINT('',#8985);
#2231=VERTEX_POINT('',#9018);
#2232=VERTEX_POINT('',#9116);
#2233=VERTEX_POINT('',#9175);
#2234=VERTEX_POINT('',#9184);
#2235=VERTEX_POINT('',#9217);
#2236=VERTEX_POINT('',#9315);
#2237=VERTEX_POINT('',#9377);
#2238=VERTEX_POINT('',#9386);
#2239=VERTEX_POINT('',#9419);
#2240=VERTEX_POINT('',#9526);
#2241=VERTEX_POINT('',#9540);
#2242=VERTEX_POINT('',#9551);
#2243=VERTEX_POINT('',#9564);
#2244=VERTEX_POINT('',#9577);
#2245=VERTEX_POINT('',#9591);
#2246=VERTEX_POINT('',#9598);
#2247=VERTEX_POINT('',#9648);
#2248=VERTEX_POINT('',#9653);
#2249=VERTEX_POINT('',#9658);
#2250=VERTEX_POINT('',#9713);
#2251=VERTEX_POINT('',#9772);
#2252=VERTEX_POINT('',#9781);
#2253=VERTEX_POINT('',#9814);
#2254=VERTEX_POINT('',#9883);
#2255=VERTEX_POINT('',#9884);
#2256=VERTEX_POINT('',#9886);
#2257=VERTEX_POINT('',#9888);
#2258=VERTEX_POINT('',#9890);
#2259=VERTEX_POINT('',#9892);
#2260=VERTEX_POINT('',#9894);
#2261=VERTEX_POINT('',#9896);
#2262=VERTEX_POINT('',#9940);
#2263=VERTEX_POINT('',#9944);
#2264=VERTEX_POINT('',#9948);
#2265=VERTEX_POINT('',#9962);
#2266=VERTEX_POINT('',#9969);
#2267=VERTEX_POINT('',#9971);
#2268=VERTEX_POINT('',#9992);
#2269=VERTEX_POINT('',#10002);
#2270=VERTEX_POINT('',#10013);
#2271=VERTEX_POINT('',#10027);
#2272=VERTEX_POINT('',#10034);
#2273=VERTEX_POINT('',#10036);
#2274=VERTEX_POINT('',#10057);
#2275=VERTEX_POINT('',#10069);
#2276=VERTEX_POINT('',#10079);
#2277=VERTEX_POINT('',#10098);
#2278=VERTEX_POINT('',#10108);
#2279=VERTEX_POINT('',#10239);
#2280=VERTEX_POINT('',#10247);
#2281=VERTEX_POINT('',#10249);
#2282=VERTEX_POINT('',#10251);
#2283=VERTEX_POINT('',#10257);
#2284=VERTEX_POINT('',#10261);
#2285=VERTEX_POINT('',#10262);
#2286=VERTEX_POINT('',#10264);
#2287=VERTEX_POINT('',#10271);
#2288=VERTEX_POINT('',#10272);
#2289=VERTEX_POINT('',#10274);
#2290=VERTEX_POINT('',#10281);
#2291=VERTEX_POINT('',#10283);
#2292=VERTEX_POINT('',#10287);
#2293=VERTEX_POINT('',#10288);
#2294=VERTEX_POINT('',#10290);
#2295=VERTEX_POINT('',#10294);
#2296=VERTEX_POINT('',#10296);
#2297=VERTEX_POINT('',#10298);
#2298=VERTEX_POINT('',#10300);
#2299=VERTEX_POINT('',#10307);
#2300=VERTEX_POINT('',#10309);
#2301=VERTEX_POINT('',#10311);
#2302=VERTEX_POINT('',#10313);
#2303=VERTEX_POINT('',#10317);
#2304=VERTEX_POINT('',#10323);
#2305=VERTEX_POINT('',#10324);
#2306=VERTEX_POINT('',#10326);
#2307=VERTEX_POINT('',#10330);
#2308=VERTEX_POINT('',#10332);
#2309=VERTEX_POINT('',#10334);
#2310=VERTEX_POINT('',#10336);
#2311=VERTEX_POINT('',#10343);
#2312=VERTEX_POINT('',#10344);
#2313=VERTEX_POINT('',#10347);
#2314=VERTEX_POINT('',#10349);
#2315=VERTEX_POINT('',#10353);
#2316=VERTEX_POINT('',#10359);
#2317=VERTEX_POINT('',#10360);
#2318=VERTEX_POINT('',#10362);
#2319=VERTEX_POINT('',#10366);
#2320=VERTEX_POINT('',#10368);
#2321=VERTEX_POINT('',#10370);
#2322=VERTEX_POINT('',#10372);
#2323=VERTEX_POINT('',#10379);
#2324=VERTEX_POINT('',#10380);
#2325=VERTEX_POINT('',#10382);
#2326=VERTEX_POINT('',#10389);
#2327=VERTEX_POINT('',#10391);
#2328=VERTEX_POINT('',#10395);
#2329=VERTEX_POINT('',#10397);
#2330=VERTEX_POINT('',#10399);
#2331=VERTEX_POINT('',#10403);
#2332=VERTEX_POINT('',#10407);
#2333=VERTEX_POINT('',#10411);
#2334=VERTEX_POINT('',#10415);
#2335=VERTEX_POINT('',#10417);
#2336=VERTEX_POINT('',#10420);
#2337=VERTEX_POINT('',#10422);
#2338=VERTEX_POINT('',#10426);
#2339=VERTEX_POINT('',#10428);
#2340=VERTEX_POINT('',#10461);
#2341=VERTEX_POINT('',#10466);
#2342=VERTEX_POINT('',#10470);
#2343=VERTEX_POINT('',#10471);
#2344=VERTEX_POINT('',#10478);
#2345=VERTEX_POINT('',#10549);
#2346=VERTEX_POINT('',#10562);
#2347=VERTEX_POINT('',#10644);
#2348=VERTEX_POINT('',#10645);
#2349=VERTEX_POINT('',#10757);
#2350=VERTEX_POINT('',#10821);
#2351=VERTEX_POINT('',#10823);
#2352=VERTEX_POINT('',#10897);
#2353=VERTEX_POINT('',#10908);
#2354=VERTEX_POINT('',#10909);
#2355=VERTEX_POINT('',#10916);
#2356=VERTEX_POINT('',#10987);
#2357=VERTEX_POINT('',#11002);
#2358=VERTEX_POINT('',#11003);
#2359=VERTEX_POINT('',#11119);
#2360=VERTEX_POINT('',#11120);
#2361=VERTEX_POINT('',#11127);
#2362=VERTEX_POINT('',#11128);
#2363=VERTEX_POINT('',#11138);
#2364=VERTEX_POINT('',#11140);
#2365=VERTEX_POINT('',#11144);
#2366=VERTEX_POINT('',#11145);
#2367=VERTEX_POINT('',#11166);
#2368=VERTEX_POINT('',#11173);
#2369=VERTEX_POINT('',#11186);
#2370=VERTEX_POINT('',#11190);
#2371=VERTEX_POINT('',#11194);
#2372=VERTEX_POINT('',#11198);
#2373=VERTEX_POINT('',#11200);
#2374=VERTEX_POINT('',#11204);
#2375=VERTEX_POINT('',#11208);
#2376=VERTEX_POINT('',#11212);
#2377=VERTEX_POINT('',#11216);
#2378=VERTEX_POINT('',#11220);
#2379=VERTEX_POINT('',#11224);
#2380=VERTEX_POINT('',#11228);
#2381=VERTEX_POINT('',#11232);
#2382=VERTEX_POINT('',#11236);
#2383=VERTEX_POINT('',#11240);
#2384=VERTEX_POINT('',#11244);
#2385=VERTEX_POINT('',#11248);
#2386=VERTEX_POINT('',#11252);
#2387=VERTEX_POINT('',#11256);
#2388=VERTEX_POINT('',#11260);
#2389=VERTEX_POINT('',#11264);
#2390=VERTEX_POINT('',#11268);
#2391=VERTEX_POINT('',#11272);
#2392=VERTEX_POINT('',#11276);
#2393=VERTEX_POINT('',#11280);
#2394=VERTEX_POINT('',#11284);
#2395=VERTEX_POINT('',#11288);
#2396=VERTEX_POINT('',#11292);
#2397=VERTEX_POINT('',#11296);
#2398=VERTEX_POINT('',#11300);
#2399=VERTEX_POINT('',#11304);
#2400=VERTEX_POINT('',#11308);
#2401=VERTEX_POINT('',#11312);
#2402=VERTEX_POINT('',#11316);
#2403=VERTEX_POINT('',#11320);
#2404=VERTEX_POINT('',#11324);
#2405=VERTEX_POINT('',#11328);
#2406=VERTEX_POINT('',#11332);
#2407=VERTEX_POINT('',#11336);
#2408=VERTEX_POINT('',#11340);
#2409=VERTEX_POINT('',#11344);
#2410=VERTEX_POINT('',#11348);
#2411=VERTEX_POINT('',#11352);
#2412=VERTEX_POINT('',#11356);
#2413=VERTEX_POINT('',#11360);
#2414=VERTEX_POINT('',#11364);
#2415=VERTEX_POINT('',#11370);
#2416=VERTEX_POINT('',#11374);
#2417=VERTEX_POINT('',#11376);
#2418=VERTEX_POINT('',#11382);
#2419=VERTEX_POINT('',#11386);
#2420=VERTEX_POINT('',#11390);
#2421=VERTEX_POINT('',#11394);
#2422=VERTEX_POINT('',#11398);
#2423=VERTEX_POINT('',#11402);
#2424=VERTEX_POINT('',#11406);
#2425=VERTEX_POINT('',#11414);
#2426=VERTEX_POINT('',#11483);
#2427=VERTEX_POINT('',#11487);
#2428=VERTEX_POINT('',#11491);
#2429=VERTEX_POINT('',#11495);
#2430=EDGE_CURVE('',#1929,#1930,#1893,.T.);
#2431=EDGE_CURVE('',#1931,#1930,#1319,.T.);
#2432=EDGE_CURVE('',#1931,#1932,#1894,.T.);
#2433=EDGE_CURVE('',#1932,#1929,#1320,.T.);
#2434=EDGE_CURVE('',#1933,#1934,#1895,.T.);
#2435=EDGE_CURVE('',#1935,#1934,#1321,.T.);
#2436=EDGE_CURVE('',#1935,#1936,#1896,.T.);
#2437=EDGE_CURVE('',#1936,#1933,#1322,.T.);
#2438=EDGE_CURVE('',#1937,#1938,#499,.T.);
#2439=EDGE_CURVE('',#1937,#1939,#230,.T.);
#2440=EDGE_CURVE('',#1939,#1940,#1323,.T.);
#2441=EDGE_CURVE('',#1940,#1938,#231,.T.);
#2442=EDGE_CURVE('',#1941,#1942,#1324,.T.);
#2443=EDGE_CURVE('',#1942,#1940,#232,.T.);
#2444=EDGE_CURVE('',#1939,#1941,#233,.T.);
#2445=EDGE_CURVE('',#1943,#1944,#500,.T.);
#2446=EDGE_CURVE('',#1944,#1945,#501,.T.);
#2447=EDGE_CURVE('',#1945,#1946,#1325,.T.);
#2448=EDGE_CURVE('',#1946,#1943,#502,.T.);
#2449=EDGE_CURVE('',#1945,#1942,#503,.T.);
#2450=EDGE_CURVE('',#1941,#1946,#504,.T.);
#2451=EDGE_CURVE('',#1938,#1947,#1326,.T.);
#2452=EDGE_CURVE('',#1948,#1947,#505,.T.);
#2453=EDGE_CURVE('',#1949,#1948,#1327,.T.);
#2454=EDGE_CURVE('',#1949,#1950,#506,.T.);
#2455=EDGE_CURVE('',#1951,#1950,#507,.T.);
#2456=EDGE_CURVE('',#1951,#1934,#1328,.T.);
#2457=EDGE_CURVE('',#1933,#1952,#1329,.T.);
#2458=EDGE_CURVE('',#1953,#1952,#234,.T.);
#2459=EDGE_CURVE('',#1953,#1932,#1330,.T.);
#2460=EDGE_CURVE('',#1954,#1931,#1331,.T.);
#2461=EDGE_CURVE('',#1937,#1954,#508,.T.);
#2462=EDGE_CURVE('',#1955,#1944,#235,.F.);
#2463=EDGE_CURVE('',#1947,#1955,#509,.T.);
#2464=EDGE_CURVE('',#1956,#1957,#510,.T.);
#2465=EDGE_CURVE('',#1957,#1958,#511,.T.);
#2466=EDGE_CURVE('',#1958,#1959,#1332,.T.);
#2467=EDGE_CURVE('',#1959,#1956,#512,.T.);
#2468=EDGE_CURVE('',#1960,#1961,#1333,.T.);
#2469=EDGE_CURVE('',#1961,#1962,#236,.T.);
#2470=EDGE_CURVE('',#1962,#1963,#1334,.T.);
#2471=EDGE_CURVE('',#1963,#1960,#237,.T.);
#2472=EDGE_CURVE('',#1949,#1963,#238,.T.);
#2473=EDGE_CURVE('',#1962,#1950,#239,.T.);
#2474=EDGE_CURVE('',#1960,#1959,#513,.T.);
#2475=EDGE_CURVE('',#1958,#1961,#514,.T.);
#2476=EDGE_CURVE('',#1956,#1964,#515,.T.);
#2477=EDGE_CURVE('',#1964,#1957,#516,.T.);
#2478=EDGE_CURVE('',#1965,#1948,#517,.T.);
#2479=EDGE_CURVE('',#1964,#1965,#240,.F.);
#2480=EDGE_CURVE('',#1966,#1967,#518,.F.);
#2481=EDGE_CURVE('',#1966,#1965,#519,.T.);
#2482=EDGE_CURVE('',#1955,#1967,#520,.T.);
#2483=EDGE_CURVE('',#1968,#1943,#521,.T.);
#2484=EDGE_CURVE('',#1968,#1969,#241,.F.);
#2485=EDGE_CURVE('',#1969,#1970,#242,.F.);
#2486=EDGE_CURVE('',#1970,#1971,#1335,.T.);
#2487=EDGE_CURVE('',#1967,#1971,#243,.F.);
#2488=EDGE_CURVE('',#1972,#1966,#244,.F.);
#2489=EDGE_CURVE('',#1973,#1972,#1336,.T.);
#2490=EDGE_CURVE('',#1973,#1974,#522,.F.);
#2491=EDGE_CURVE('',#1974,#1975,#245,.F.);
#2492=EDGE_CURVE('',#1975,#1964,#246,.F.);
#2493=EDGE_CURVE('',#1976,#1976,#247,.T.);
#2494=EDGE_CURVE('',#1976,#1977,#1337,.T.);
#2495=EDGE_CURVE('',#1977,#1977,#248,.T.);
#2496=EDGE_CURVE('',#1978,#1979,#1897,.T.);
#2497=EDGE_CURVE('',#1978,#1979,#249,.T.);
#2498=EDGE_CURVE('',#1980,#1980,#250,.T.);
#2499=EDGE_CURVE('',#1980,#1981,#1338,.T.);
#2500=EDGE_CURVE('',#1981,#1981,#251,.T.);
#2501=EDGE_CURVE('',#1982,#1983,#1898,.T.);
#2502=EDGE_CURVE('',#1982,#1983,#252,.T.);
#2503=EDGE_CURVE('',#1984,#1984,#253,.T.);
#2504=EDGE_CURVE('',#1984,#1985,#1339,.T.);
#2505=EDGE_CURVE('',#1985,#1985,#254,.T.);
#2506=EDGE_CURVE('',#1986,#1986,#255,.T.);
#2507=EDGE_CURVE('',#1986,#1987,#1340,.T.);
#2508=EDGE_CURVE('',#1987,#1987,#256,.T.);
#2509=EDGE_CURVE('',#1988,#1989,#257,.T.);
#2510=EDGE_CURVE('',#1989,#1990,#1341,.T.);
#2511=EDGE_CURVE('',#1991,#1990,#258,.T.);
#2512=EDGE_CURVE('',#1991,#1992,#1342,.T.);
#2513=EDGE_CURVE('',#1992,#1993,#259,.T.);
#2514=EDGE_CURVE('',#1993,#1994,#1343,.T.);
#2515=EDGE_CURVE('',#1995,#1994,#1899,.T.);
#2516=EDGE_CURVE('',#1996,#1995,#260,.T.);
#2517=EDGE_CURVE('',#1997,#1996,#1900,.T.);
#2518=EDGE_CURVE('',#1997,#1988,#1344,.T.);
#2519=EDGE_CURVE('',#1998,#1999,#261,.T.);
#2520=EDGE_CURVE('',#1999,#2000,#1345,.T.);
#2521=EDGE_CURVE('',#2001,#2000,#1901,.T.);
#2522=EDGE_CURVE('',#2002,#2001,#262,.T.);
#2523=EDGE_CURVE('',#2003,#2002,#1902,.T.);
#2524=EDGE_CURVE('',#2003,#2004,#1346,.T.);
#2525=EDGE_CURVE('',#2004,#2005,#263,.T.);
#2526=EDGE_CURVE('',#2005,#2006,#1347,.T.);
#2527=EDGE_CURVE('',#2007,#2006,#264,.T.);
#2528=EDGE_CURVE('',#2007,#1998,#1348,.T.);
#2529=EDGE_CURVE('',#2008,#2009,#265,.T.);
#2530=EDGE_CURVE('',#2009,#2010,#1349,.T.);
#2531=EDGE_CURVE('',#2011,#2010,#1903,.T.);
#2532=EDGE_CURVE('',#2012,#2011,#266,.T.);
#2533=EDGE_CURVE('',#2013,#2012,#1904,.T.);
#2534=EDGE_CURVE('',#2013,#2014,#1350,.T.);
#2535=EDGE_CURVE('',#2014,#2015,#267,.T.);
#2536=EDGE_CURVE('',#2015,#2016,#1351,.T.);
#2537=EDGE_CURVE('',#2017,#2016,#268,.T.);
#2538=EDGE_CURVE('',#2017,#2008,#1352,.T.);
#2539=EDGE_CURVE('',#2018,#2019,#269,.T.);
#2540=EDGE_CURVE('',#2019,#2020,#1353,.T.);
#2541=EDGE_CURVE('',#2021,#2020,#270,.T.);
#2542=EDGE_CURVE('',#2021,#2022,#1354,.T.);
#2543=EDGE_CURVE('',#2022,#2023,#271,.T.);
#2544=EDGE_CURVE('',#2023,#2024,#1355,.T.);
#2545=EDGE_CURVE('',#2025,#2024,#1905,.T.);
#2546=EDGE_CURVE('',#2026,#2025,#272,.T.);
#2547=EDGE_CURVE('',#2027,#2026,#1906,.T.);
#2548=EDGE_CURVE('',#2027,#2018,#1356,.T.);
#2549=EDGE_CURVE('',#1982,#2028,#1357,.T.);
#2550=EDGE_CURVE('',#2028,#2029,#1907,.T.);
#2551=EDGE_CURVE('',#2029,#2030,#1358,.T.);
#2552=EDGE_CURVE('',#2030,#2031,#1908,.T.);
#2553=EDGE_CURVE('',#2031,#1983,#1359,.T.);
#2554=EDGE_CURVE('',#1978,#2032,#1360,.T.);
#2555=EDGE_CURVE('',#2032,#2033,#1909,.T.);
#2556=EDGE_CURVE('',#2033,#2034,#1361,.T.);
#2557=EDGE_CURVE('',#2034,#2035,#1910,.T.);
#2558=EDGE_CURVE('',#2035,#1979,#1362,.T.);
#2559=EDGE_CURVE('',#2036,#1953,#1363,.T.);
#2560=EDGE_CURVE('',#1929,#2036,#1364,.T.);
#2561=EDGE_CURVE('',#1930,#2037,#1365,.T.);
#2562=EDGE_CURVE('',#2038,#2037,#273,.T.);
#2563=EDGE_CURVE('',#1954,#2038,#274,.T.);
#2564=EDGE_CURVE('',#2039,#1936,#1366,.T.);
#2565=EDGE_CURVE('',#1952,#2039,#1367,.T.);
#2566=EDGE_CURVE('',#2040,#1951,#275,.T.);
#2567=EDGE_CURVE('',#2041,#2040,#276,.T.);
#2568=EDGE_CURVE('',#2041,#1935,#1368,.T.);
#2569=EDGE_CURVE('',#2038,#2042,#1369,.T.);
#2570=EDGE_CURVE('',#2043,#2042,#277,.F.);
#2571=EDGE_CURVE('',#2043,#2044,#1911,.T.);
#2572=EDGE_CURVE('',#2044,#2045,#1912,.T.);
#2573=EDGE_CURVE('',#2045,#1939,#1370,.T.);
#2574=EDGE_CURVE('',#2037,#2046,#523,.T.);
#2575=EDGE_CURVE('',#2047,#2046,#524,.F.);
#2576=EDGE_CURVE('',#2048,#2047,#278,.F.);
#2577=EDGE_CURVE('',#2049,#2048,#525,.F.);
#2578=EDGE_CURVE('',#2049,#2041,#526,.T.);
#2579=EDGE_CURVE('',#2050,#2040,#1371,.T.);
#2580=EDGE_CURVE('',#2050,#2051,#279,.T.);
#2581=EDGE_CURVE('',#2052,#2051,#1913,.T.);
#2582=EDGE_CURVE('',#2052,#2033,#1372,.F.);
#2583=EDGE_CURVE('',#2032,#2031,#280,.F.);
#2584=EDGE_CURVE('',#2030,#2053,#1373,.T.);
#2585=EDGE_CURVE('',#2054,#2053,#1914,.T.);
#2586=EDGE_CURVE('',#2054,#2042,#281,.T.);
#2587=EDGE_CURVE('',#2039,#2036,#282,.T.);
#2588=EDGE_CURVE('',#2048,#2055,#1374,.T.);
#2589=EDGE_CURVE('',#2055,#2056,#527,.T.);
#2590=EDGE_CURVE('',#2056,#2047,#1375,.T.);
#2591=EDGE_CURVE('',#1962,#2057,#1376,.T.);
#2592=EDGE_CURVE('',#2058,#2057,#1915,.F.);
#2593=EDGE_CURVE('',#2059,#2058,#1916,.F.);
#2594=EDGE_CURVE('',#2059,#2050,#283,.T.);
#2595=EDGE_CURVE('',#2060,#2059,#1377,.T.);
#2596=EDGE_CURVE('',#2061,#2060,#1378,.T.);
#2597=EDGE_CURVE('',#2051,#2061,#1379,.T.);
#2598=EDGE_CURVE('',#2055,#2056,#284,.F.);
#2599=EDGE_CURVE('',#2062,#2063,#1380,.T.);
#2600=EDGE_CURVE('',#2062,#2064,#528,.F.);
#2601=EDGE_CURVE('',#2064,#2065,#285,.F.);
#2602=EDGE_CURVE('',#2065,#2066,#286,.F.);
#2603=EDGE_CURVE('',#2066,#2067,#287,.F.);
#2604=EDGE_CURVE('',#2068,#2067,#529,.T.);
#2605=EDGE_CURVE('',#2068,#2069,#1381,.T.);
#2606=EDGE_CURVE('',#2063,#2069,#288,.F.);
#2607=EDGE_CURVE('',#2070,#2071,#1382,.T.);
#2608=EDGE_CURVE('',#2072,#2071,#289,.F.);
#2609=EDGE_CURVE('',#2073,#2072,#1383,.T.);
#2610=EDGE_CURVE('',#2073,#2074,#530,.F.);
#2611=EDGE_CURVE('',#2074,#2075,#290,.F.);
#2612=EDGE_CURVE('',#2075,#2076,#291,.F.);
#2613=EDGE_CURVE('',#2076,#2077,#292,.F.);
#2614=EDGE_CURVE('',#2070,#2077,#531,.T.);
#2615=EDGE_CURVE('',#2078,#2079,#532,.T.);
#2616=EDGE_CURVE('',#2079,#2080,#533,.T.);
#2617=EDGE_CURVE('',#2080,#2081,#534,.T.);
#2618=EDGE_CURVE('',#2081,#2082,#535,.T.);
#2619=EDGE_CURVE('',#2082,#2078,#536,.T.);
#2620=EDGE_CURVE('',#1973,#2083,#293,.T.);
#2621=EDGE_CURVE('',#2083,#2084,#1384,.T.);
#2622=EDGE_CURVE('',#2084,#1974,#294,.T.);
#2623=EDGE_CURVE('',#2080,#2084,#295,.T.);
#2624=EDGE_CURVE('',#2083,#2085,#296,.T.);
#2625=EDGE_CURVE('',#2085,#2081,#537,.T.);
#2626=EDGE_CURVE('',#2078,#1975,#538,.T.);
#2627=EDGE_CURVE('',#1975,#2079,#539,.T.);
#2628=EDGE_CURVE('',#2083,#2086,#1385,.T.);
#2629=EDGE_CURVE('',#2086,#2087,#297,.T.);
#2630=EDGE_CURVE('',#2087,#2088,#1386,.T.);
#2631=EDGE_CURVE('',#2088,#2085,#540,.T.);
#2632=EDGE_CURVE('',#2071,#1972,#298,.T.);
#2633=EDGE_CURVE('',#2089,#2070,#299,.T.);
#2634=EDGE_CURVE('',#2090,#2089,#1387,.T.);
#2635=EDGE_CURVE('',#2090,#2086,#300,.F.);
#2636=EDGE_CURVE('',#2091,#2089,#301,.T.);
#2637=EDGE_CURVE('',#2089,#2092,#1388,.T.);
#2638=EDGE_CURVE('',#2092,#2093,#302,.T.);
#2639=EDGE_CURVE('',#2093,#2094,#541,.T.);
#2640=EDGE_CURVE('',#2094,#2091,#542,.T.);
#2641=EDGE_CURVE('',#2095,#2096,#543,.T.);
#2642=EDGE_CURVE('',#2096,#2097,#544,.T.);
#2643=EDGE_CURVE('',#2094,#2097,#545,.T.);
#2644=EDGE_CURVE('',#2093,#2095,#546,.T.);
#2645=EDGE_CURVE('',#2077,#2092,#303,.T.);
#2646=EDGE_CURVE('',#2095,#2076,#547,.T.);
#2647=EDGE_CURVE('',#2076,#2096,#548,.T.);
#2648=EDGE_CURVE('',#2098,#2076,#549,.F.);
#2649=EDGE_CURVE('',#2098,#2099,#550,.T.);
#2650=EDGE_CURVE('',#2100,#2099,#304,.T.);
#2651=EDGE_CURVE('',#2100,#2091,#551,.T.);
#2652=EDGE_CURVE('',#2101,#2102,#552,.T.);
#2653=EDGE_CURVE('',#2102,#2103,#553,.T.);
#2654=EDGE_CURVE('',#2103,#2104,#554,.T.);
#2655=EDGE_CURVE('',#2104,#2105,#555,.T.);
#2656=EDGE_CURVE('',#2105,#2101,#556,.T.);
#2657=EDGE_CURVE('',#2073,#2106,#305,.T.);
#2658=EDGE_CURVE('',#2106,#2107,#1389,.T.);
#2659=EDGE_CURVE('',#2107,#2074,#306,.T.);
#2660=EDGE_CURVE('',#2103,#2107,#307,.T.);
#2661=EDGE_CURVE('',#2106,#2108,#308,.T.);
#2662=EDGE_CURVE('',#2108,#2104,#557,.T.);
#2663=EDGE_CURVE('',#2101,#2075,#558,.T.);
#2664=EDGE_CURVE('',#2075,#2102,#559,.T.);
#2665=EDGE_CURVE('',#2106,#2109,#1390,.T.);
#2666=EDGE_CURVE('',#2109,#2110,#309,.T.);
#2667=EDGE_CURVE('',#2110,#2111,#1391,.T.);
#2668=EDGE_CURVE('',#2111,#2108,#560,.T.);
#2669=EDGE_CURVE('',#2069,#2072,#310,.T.);
#2670=EDGE_CURVE('',#2112,#2068,#311,.T.);
#2671=EDGE_CURVE('',#2113,#2112,#1392,.T.);
#2672=EDGE_CURVE('',#2113,#2109,#312,.F.);
#2673=EDGE_CURVE('',#2114,#2112,#313,.T.);
#2674=EDGE_CURVE('',#2112,#2115,#1393,.T.);
#2675=EDGE_CURVE('',#2115,#2116,#314,.T.);
#2676=EDGE_CURVE('',#2116,#2117,#561,.T.);
#2677=EDGE_CURVE('',#2117,#2114,#562,.T.);
#2678=EDGE_CURVE('',#2118,#2119,#563,.T.);
#2679=EDGE_CURVE('',#2119,#2120,#564,.T.);
#2680=EDGE_CURVE('',#2117,#2120,#565,.T.);
#2681=EDGE_CURVE('',#2116,#2118,#566,.T.);
#2682=EDGE_CURVE('',#2067,#2115,#315,.T.);
#2683=EDGE_CURVE('',#2118,#2066,#567,.T.);
#2684=EDGE_CURVE('',#2066,#2119,#568,.T.);
#2685=EDGE_CURVE('',#2121,#2066,#569,.F.);
#2686=EDGE_CURVE('',#2121,#2122,#570,.T.);
#2687=EDGE_CURVE('',#2123,#2122,#316,.T.);
#2688=EDGE_CURVE('',#2123,#2114,#571,.T.);
#2689=EDGE_CURVE('',#2124,#2125,#572,.T.);
#2690=EDGE_CURVE('',#2125,#2126,#573,.T.);
#2691=EDGE_CURVE('',#2126,#2127,#1394,.T.);
#2692=EDGE_CURVE('',#2127,#2124,#574,.T.);
#2693=EDGE_CURVE('',#2128,#2129,#575,.T.);
#2694=EDGE_CURVE('',#2129,#2130,#317,.T.);
#2695=EDGE_CURVE('',#2130,#2131,#1395,.T.);
#2696=EDGE_CURVE('',#2131,#2128,#318,.T.);
#2697=EDGE_CURVE('',#2130,#2127,#576,.T.);
#2698=EDGE_CURVE('',#2126,#2131,#577,.T.);
#2699=EDGE_CURVE('',#2124,#1969,#578,.T.);
#2700=EDGE_CURVE('',#1969,#2125,#579,.T.);
#2701=EDGE_CURVE('',#2129,#1970,#319,.T.);
#2702=EDGE_CURVE('',#2128,#2132,#1396,.T.);
#2703=EDGE_CURVE('',#2132,#2133,#320,.F.);
#2704=EDGE_CURVE('',#2134,#2133,#1397,.T.);
#2705=EDGE_CURVE('',#2062,#2134,#321,.T.);
#2706=EDGE_CURVE('',#1971,#2063,#322,.T.);
#2707=EDGE_CURVE('',#2135,#2136,#580,.T.);
#2708=EDGE_CURVE('',#2136,#2137,#581,.T.);
#2709=EDGE_CURVE('',#2137,#2138,#582,.T.);
#2710=EDGE_CURVE('',#2138,#2139,#583,.T.);
#2711=EDGE_CURVE('',#2139,#2135,#584,.T.);
#2712=EDGE_CURVE('',#2134,#2140,#1398,.T.);
#2713=EDGE_CURVE('',#2140,#2064,#323,.T.);
#2714=EDGE_CURVE('',#2137,#2140,#324,.T.);
#2715=EDGE_CURVE('',#2134,#2141,#325,.T.);
#2716=EDGE_CURVE('',#2141,#2138,#585,.T.);
#2717=EDGE_CURVE('',#2135,#2065,#586,.T.);
#2718=EDGE_CURVE('',#2065,#2136,#587,.T.);
#2719=EDGE_CURVE('',#2133,#2142,#326,.T.);
#2720=EDGE_CURVE('',#2142,#2143,#1399,.T.);
#2721=EDGE_CURVE('',#2143,#2141,#588,.T.);
#2722=EDGE_CURVE('',#2144,#2144,#327,.T.);
#2723=EDGE_CURVE('',#2144,#2145,#1400,.T.);
#2724=EDGE_CURVE('',#2145,#2145,#328,.T.);
#2725=EDGE_CURVE('',#2146,#2147,#1401,.T.);
#2726=EDGE_CURVE('',#2148,#2147,#589,.T.);
#2727=EDGE_CURVE('',#2149,#2148,#329,.T.);
#2728=EDGE_CURVE('',#2150,#2149,#590,.T.);
#2729=EDGE_CURVE('',#2150,#2151,#1402,.T.);
#2730=EDGE_CURVE('',#2151,#2152,#330,.T.);
#2731=EDGE_CURVE('',#2152,#2153,#331,.T.);
#2732=EDGE_CURVE('',#2153,#2146,#332,.T.);
#2733=EDGE_CURVE('',#2154,#2154,#333,.T.);
#2734=EDGE_CURVE('',#2155,#2155,#334,.T.);
#2735=EDGE_CURVE('',#2156,#2156,#335,.T.);
#2736=EDGE_CURVE('',#2157,#2157,#336,.T.);
#2737=EDGE_CURVE('',#2158,#2158,#337,.T.);
#2738=EDGE_CURVE('',#2158,#2145,#1403,.T.);
#2739=EDGE_CURVE('',#2154,#2159,#1404,.T.);
#2740=EDGE_CURVE('',#2159,#2159,#338,.T.);
#2741=EDGE_CURVE('',#2160,#2160,#339,.T.);
#2742=EDGE_CURVE('',#2160,#2159,#1405,.T.);
#2743=EDGE_CURVE('',#2157,#2161,#1406,.T.);
#2744=EDGE_CURVE('',#2161,#2161,#340,.T.);
#2745=EDGE_CURVE('',#2162,#2162,#341,.T.);
#2746=EDGE_CURVE('',#2162,#2161,#1407,.T.);
#2747=EDGE_CURVE('',#2155,#2163,#1408,.T.);
#2748=EDGE_CURVE('',#2163,#2163,#342,.T.);
#2749=EDGE_CURVE('',#2164,#2164,#343,.T.);
#2750=EDGE_CURVE('',#2164,#2163,#1409,.T.);
#2751=EDGE_CURVE('',#2165,#2165,#344,.T.);
#2752=EDGE_CURVE('',#2165,#2166,#1410,.T.);
#2753=EDGE_CURVE('',#2166,#2166,#345,.T.);
#2754=EDGE_CURVE('',#2167,#2168,#1411,.T.);
#2755=EDGE_CURVE('',#2169,#2168,#591,.T.);
#2756=EDGE_CURVE('',#2170,#2169,#346,.T.);
#2757=EDGE_CURVE('',#2171,#2170,#592,.T.);
#2758=EDGE_CURVE('',#2171,#2172,#1412,.T.);
#2759=EDGE_CURVE('',#2172,#2173,#347,.T.);
#2760=EDGE_CURVE('',#2173,#2174,#348,.T.);
#2761=EDGE_CURVE('',#2174,#2167,#349,.T.);
#2762=EDGE_CURVE('',#2175,#2175,#350,.T.);
#2763=EDGE_CURVE('',#2176,#2176,#351,.T.);
#2764=EDGE_CURVE('',#2177,#2177,#352,.T.);
#2765=EDGE_CURVE('',#2178,#2178,#353,.T.);
#2766=EDGE_CURVE('',#2179,#2179,#354,.T.);
#2767=EDGE_CURVE('',#2179,#2166,#1413,.T.);
#2768=EDGE_CURVE('',#2175,#2180,#1414,.T.);
#2769=EDGE_CURVE('',#2180,#2180,#355,.T.);
#2770=EDGE_CURVE('',#2181,#2181,#356,.T.);
#2771=EDGE_CURVE('',#2181,#2180,#1415,.T.);
#2772=EDGE_CURVE('',#2178,#2182,#1416,.T.);
#2773=EDGE_CURVE('',#2182,#2182,#357,.T.);
#2774=EDGE_CURVE('',#2183,#2183,#358,.T.);
#2775=EDGE_CURVE('',#2183,#2182,#1417,.T.);
#2776=EDGE_CURVE('',#2176,#2184,#1418,.T.);
#2777=EDGE_CURVE('',#2184,#2184,#359,.T.);
#2778=EDGE_CURVE('',#2185,#2185,#360,.T.);
#2779=EDGE_CURVE('',#2185,#2184,#1419,.T.);
#2780=EDGE_CURVE('',#2186,#2186,#361,.T.);
#2781=EDGE_CURVE('',#2186,#2187,#1420,.T.);
#2782=EDGE_CURVE('',#2187,#2187,#362,.T.);
#2783=EDGE_CURVE('',#2188,#2189,#1421,.T.);
#2784=EDGE_CURVE('',#2190,#2189,#593,.T.);
#2785=EDGE_CURVE('',#2191,#2190,#363,.T.);
#2786=EDGE_CURVE('',#2192,#2191,#594,.T.);
#2787=EDGE_CURVE('',#2192,#2193,#1422,.T.);
#2788=EDGE_CURVE('',#2193,#2194,#364,.T.);
#2789=EDGE_CURVE('',#2194,#2195,#365,.T.);
#2790=EDGE_CURVE('',#2195,#2188,#366,.T.);
#2791=EDGE_CURVE('',#2196,#2196,#367,.T.);
#2792=EDGE_CURVE('',#2197,#2197,#368,.T.);
#2793=EDGE_CURVE('',#2198,#2198,#369,.T.);
#2794=EDGE_CURVE('',#2199,#2199,#370,.T.);
#2795=EDGE_CURVE('',#2200,#2200,#371,.T.);
#2796=EDGE_CURVE('',#2200,#2187,#1423,.T.);
#2797=EDGE_CURVE('',#2196,#2201,#1424,.T.);
#2798=EDGE_CURVE('',#2201,#2201,#372,.T.);
#2799=EDGE_CURVE('',#2202,#2202,#373,.T.);
#2800=EDGE_CURVE('',#2202,#2201,#1425,.T.);
#2801=EDGE_CURVE('',#2199,#2203,#1426,.T.);
#2802=EDGE_CURVE('',#2203,#2203,#374,.T.);
#2803=EDGE_CURVE('',#2204,#2204,#375,.T.);
#2804=EDGE_CURVE('',#2204,#2203,#1427,.T.);
#2805=EDGE_CURVE('',#2197,#2205,#1428,.T.);
#2806=EDGE_CURVE('',#2205,#2205,#376,.T.);
#2807=EDGE_CURVE('',#2206,#2206,#377,.T.);
#2808=EDGE_CURVE('',#2206,#2205,#1429,.T.);
#2809=EDGE_CURVE('',#2207,#2207,#378,.T.);
#2810=EDGE_CURVE('',#2207,#2208,#1430,.T.);
#2811=EDGE_CURVE('',#2208,#2208,#379,.T.);
#2812=EDGE_CURVE('',#2209,#2210,#1431,.T.);
#2813=EDGE_CURVE('',#2210,#2211,#380,.T.);
#2814=EDGE_CURVE('',#2211,#2212,#381,.T.);
#2815=EDGE_CURVE('',#2212,#2213,#382,.T.);
#2816=EDGE_CURVE('',#2213,#2214,#1432,.T.);
#2817=EDGE_CURVE('',#2215,#2214,#595,.T.);
#2818=EDGE_CURVE('',#2216,#2215,#383,.T.);
#2819=EDGE_CURVE('',#2209,#2216,#596,.T.);
#2820=EDGE_CURVE('',#2217,#2217,#384,.T.);
#2821=EDGE_CURVE('',#2218,#2218,#385,.T.);
#2822=EDGE_CURVE('',#2219,#2219,#386,.T.);
#2823=EDGE_CURVE('',#2220,#2220,#387,.T.);
#2824=EDGE_CURVE('',#2221,#2221,#388,.T.);
#2825=EDGE_CURVE('',#2221,#2208,#1433,.T.);
#2826=EDGE_CURVE('',#2217,#2222,#1434,.T.);
#2827=EDGE_CURVE('',#2222,#2222,#389,.T.);
#2828=EDGE_CURVE('',#2223,#2223,#390,.T.);
#2829=EDGE_CURVE('',#2223,#2222,#1435,.T.);
#2830=EDGE_CURVE('',#2220,#2224,#1436,.T.);
#2831=EDGE_CURVE('',#2224,#2224,#391,.T.);
#2832=EDGE_CURVE('',#2225,#2225,#392,.T.);
#2833=EDGE_CURVE('',#2225,#2224,#1437,.T.);
#2834=EDGE_CURVE('',#2218,#2226,#1438,.T.);
#2835=EDGE_CURVE('',#2226,#2226,#393,.T.);
#2836=EDGE_CURVE('',#2227,#2227,#394,.T.);
#2837=EDGE_CURVE('',#2227,#2226,#1439,.T.);
#2838=EDGE_CURVE('',#2150,#2228,#597,.F.);
#2839=EDGE_CURVE('',#2149,#2229,#395,.T.);
#2840=EDGE_CURVE('',#2229,#2228,#598,.T.);
#2841=EDGE_CURVE('',#2148,#2230,#396,.T.);
#2842=EDGE_CURVE('',#2230,#2229,#397,.T.);
#2843=EDGE_CURVE('',#2147,#2231,#599,.T.);
#2844=EDGE_CURVE('',#2231,#2230,#600,.T.);
#2845=EDGE_CURVE('',#2171,#2232,#601,.F.);
#2846=EDGE_CURVE('',#2170,#2233,#398,.T.);
#2847=EDGE_CURVE('',#2233,#2232,#602,.T.);
#2848=EDGE_CURVE('',#2169,#2234,#399,.T.);
#2849=EDGE_CURVE('',#2234,#2233,#400,.T.);
#2850=EDGE_CURVE('',#2168,#2235,#603,.T.);
#2851=EDGE_CURVE('',#2235,#2234,#604,.T.);
#2852=EDGE_CURVE('',#2214,#2236,#605,.T.);
#2853=EDGE_CURVE('',#2236,#2237,#606,.T.);
#2854=EDGE_CURVE('',#2237,#2215,#401,.T.);
#2855=EDGE_CURVE('',#2238,#2216,#402,.T.);
#2856=EDGE_CURVE('',#2237,#2238,#403,.T.);
#2857=EDGE_CURVE('',#2209,#2239,#607,.F.);
#2858=EDGE_CURVE('',#2238,#2239,#608,.T.);
#2859=EDGE_CURVE('',#2238,#2240,#609,.T.);
#2860=EDGE_CURVE('',#2240,#2241,#610,.T.);
#2861=EDGE_CURVE('',#2241,#2242,#611,.T.);
#2862=EDGE_CURVE('',#2242,#2243,#612,.T.);
#2863=EDGE_CURVE('',#2243,#2239,#613,.T.);
#2864=EDGE_CURVE('',#2244,#2237,#614,.T.);
#2865=EDGE_CURVE('',#2244,#2245,#615,.T.);
#2866=EDGE_CURVE('',#2245,#2246,#404,.T.);
#2867=EDGE_CURVE('',#2246,#2240,#616,.T.);
#2868=EDGE_CURVE('',#2236,#2247,#617,.T.);
#2869=EDGE_CURVE('',#2247,#2248,#618,.T.);
#2870=EDGE_CURVE('',#2248,#2249,#619,.T.);
#2871=EDGE_CURVE('',#2244,#2249,#620,.T.);
#2872=EDGE_CURVE('',#2192,#2250,#621,.F.);
#2873=EDGE_CURVE('',#2191,#2251,#405,.T.);
#2874=EDGE_CURVE('',#2251,#2250,#622,.T.);
#2875=EDGE_CURVE('',#2190,#2252,#406,.T.);
#2876=EDGE_CURVE('',#2252,#2251,#407,.T.);
#2877=EDGE_CURVE('',#2189,#2253,#623,.T.);
#2878=EDGE_CURVE('',#2253,#2252,#624,.T.);
#2879=EDGE_CURVE('',#2254,#2255,#408,.T.);
#2880=EDGE_CURVE('',#2256,#2255,#409,.T.);
#2881=EDGE_CURVE('',#2256,#2257,#410,.T.);
#2882=EDGE_CURVE('',#2258,#2257,#411,.T.);
#2883=EDGE_CURVE('',#2258,#2259,#412,.T.);
#2884=EDGE_CURVE('',#2260,#2259,#413,.T.);
#2885=EDGE_CURVE('',#2260,#2261,#414,.T.);
#2886=EDGE_CURVE('',#2254,#2261,#415,.T.);
#2887=EDGE_CURVE('',#1991,#2257,#625,.F.);
#2888=EDGE_CURVE('',#2258,#1990,#626,.F.);
#2889=EDGE_CURVE('',#2260,#2006,#627,.F.);
#2890=EDGE_CURVE('',#2007,#2259,#628,.F.);
#2891=EDGE_CURVE('',#2254,#2016,#629,.F.);
#2892=EDGE_CURVE('',#2017,#2261,#630,.F.);
#2893=EDGE_CURVE('',#2021,#2255,#631,.F.);
#2894=EDGE_CURVE('',#2256,#2020,#632,.F.);
#2895=EDGE_CURVE('',#1992,#2019,#416,.F.);
#2896=EDGE_CURVE('',#2028,#2035,#417,.F.);
#2897=EDGE_CURVE('',#2262,#2052,#1440,.T.);
#2898=EDGE_CURVE('',#2034,#2262,#1441,.T.);
#2899=EDGE_CURVE('',#2263,#2029,#1442,.T.);
#2900=EDGE_CURVE('',#2053,#2263,#1443,.T.);
#2901=EDGE_CURVE('',#2264,#2252,#633,.T.);
#2902=EDGE_CURVE('',#2264,#2265,#634,.T.);
#2903=EDGE_CURVE('',#2265,#2266,#418,.T.);
#2904=EDGE_CURVE('',#2266,#2267,#635,.T.);
#2905=EDGE_CURVE('',#2251,#2267,#636,.T.);
#2906=EDGE_CURVE('',#2268,#1968,#637,.T.);
#2907=EDGE_CURVE('',#2266,#2268,#1444,.T.);
#2908=EDGE_CURVE('',#2269,#2265,#1445,.T.);
#2909=EDGE_CURVE('',#2269,#1969,#638,.F.);
#2910=EDGE_CURVE('',#2270,#2230,#639,.T.);
#2911=EDGE_CURVE('',#2271,#2270,#640,.T.);
#2912=EDGE_CURVE('',#2271,#2272,#419,.T.);
#2913=EDGE_CURVE('',#2272,#2273,#641,.T.);
#2914=EDGE_CURVE('',#2229,#2273,#642,.T.);
#2915=EDGE_CURVE('',#2274,#2075,#643,.T.);
#2916=EDGE_CURVE('',#2272,#2274,#1446,.T.);
#2917=EDGE_CURVE('',#2098,#2271,#1447,.T.);
#2918=EDGE_CURVE('',#2275,#1975,#644,.T.);
#2919=EDGE_CURVE('',#2246,#2275,#1448,.T.);
#2920=EDGE_CURVE('',#2276,#2245,#1449,.T.);
#2921=EDGE_CURVE('',#2276,#1964,#645,.F.);
#2922=EDGE_CURVE('',#2008,#2005,#420,.F.);
#2923=EDGE_CURVE('',#1998,#1989,#421,.F.);
#2924=EDGE_CURVE('',#2015,#2022,#422,.T.);
#2925=EDGE_CURVE('',#2242,#2243,#1450,.T.);
#2926=EDGE_CURVE('',#2277,#2275,#646,.T.);
#2927=EDGE_CURVE('',#2277,#2241,#1451,.T.);
#2928=EDGE_CURVE('',#2249,#2278,#1452,.T.);
#2929=EDGE_CURVE('',#2276,#2278,#647,.T.);
#2930=EDGE_CURVE('',#2247,#2248,#1453,.T.);
#2931=EDGE_CURVE('',#2279,#2278,#423,.T.);
#2932=EDGE_CURVE('',#2279,#1961,#648,.T.);
#2933=EDGE_CURVE('',#2058,#2280,#1454,.T.);
#2934=EDGE_CURVE('',#2281,#2058,#1455,.T.);
#2935=EDGE_CURVE('',#2282,#2281,#1456,.T.);
#2936=EDGE_CURVE('',#2280,#2282,#1457,.T.);
#2937=EDGE_CURVE('',#2280,#2060,#1458,.T.);
#2938=EDGE_CURVE('',#2262,#2283,#1917,.F.);
#2939=EDGE_CURVE('',#2283,#2061,#1459,.F.);
#2940=EDGE_CURVE('',#2284,#2285,#424,.T.);
#2941=EDGE_CURVE('',#2286,#2284,#1918,.T.);
#2942=EDGE_CURVE('',#2286,#2285,#1460,.T.);
#2943=EDGE_CURVE('',#1994,#2286,#1461,.T.);
#2944=EDGE_CURVE('',#1995,#2284,#1462,.T.);
#2945=EDGE_CURVE('',#2287,#2288,#425,.T.);
#2946=EDGE_CURVE('',#2287,#2289,#1463,.T.);
#2947=EDGE_CURVE('',#2288,#2289,#1919,.T.);
#2948=EDGE_CURVE('',#2289,#1997,#1464,.T.);
#2949=EDGE_CURVE('',#2288,#1996,#1465,.T.);
#2950=EDGE_CURVE('',#2285,#2290,#1466,.T.);
#2951=EDGE_CURVE('',#2290,#2291,#426,.T.);
#2952=EDGE_CURVE('',#2291,#2287,#1467,.T.);
#2953=EDGE_CURVE('',#2292,#2293,#427,.T.);
#2954=EDGE_CURVE('',#2294,#2292,#1920,.T.);
#2955=EDGE_CURVE('',#2294,#2293,#1468,.T.);
#2956=EDGE_CURVE('',#2295,#1988,#1469,.T.);
#2957=EDGE_CURVE('',#2295,#2296,#428,.T.);
#2958=EDGE_CURVE('',#2296,#2297,#429,.F.);
#2959=EDGE_CURVE('',#2297,#2298,#430,.T.);
#2960=EDGE_CURVE('',#1999,#2298,#1470,.T.);
#2961=EDGE_CURVE('',#2000,#2294,#1471,.T.);
#2962=EDGE_CURVE('',#2001,#2292,#1472,.T.);
#2963=EDGE_CURVE('',#2293,#2299,#1473,.T.);
#2964=EDGE_CURVE('',#2299,#2300,#431,.T.);
#2965=EDGE_CURVE('',#2300,#2301,#1474,.T.);
#2966=EDGE_CURVE('',#2301,#2302,#432,.T.);
#2967=EDGE_CURVE('',#2302,#2002,#1475,.T.);
#2968=EDGE_CURVE('',#2301,#2303,#1476,.T.);
#2969=EDGE_CURVE('',#2302,#2303,#1921,.T.);
#2970=EDGE_CURVE('',#2303,#2003,#1477,.T.);
#2971=EDGE_CURVE('',#2304,#2305,#433,.T.);
#2972=EDGE_CURVE('',#2306,#2304,#1922,.T.);
#2973=EDGE_CURVE('',#2306,#2305,#1478,.T.);
#2974=EDGE_CURVE('',#2307,#2004,#1479,.T.);
#2975=EDGE_CURVE('',#2307,#2308,#434,.T.);
#2976=EDGE_CURVE('',#2308,#2309,#435,.F.);
#2977=EDGE_CURVE('',#2309,#2310,#436,.T.);
#2978=EDGE_CURVE('',#2009,#2310,#1480,.T.);
#2979=EDGE_CURVE('',#2010,#2306,#1481,.T.);
#2980=EDGE_CURVE('',#2011,#2304,#1482,.T.);
#2981=EDGE_CURVE('',#2311,#2312,#437,.T.);
#2982=EDGE_CURVE('',#2312,#2012,#1483,.T.);
#2983=EDGE_CURVE('',#2305,#2313,#1484,.T.);
#2984=EDGE_CURVE('',#2313,#2314,#438,.T.);
#2985=EDGE_CURVE('',#2314,#2311,#1485,.T.);
#2986=EDGE_CURVE('',#2311,#2315,#1486,.T.);
#2987=EDGE_CURVE('',#2312,#2315,#1923,.T.);
#2988=EDGE_CURVE('',#2315,#2013,#1487,.T.);
#2989=EDGE_CURVE('',#2316,#2317,#439,.T.);
#2990=EDGE_CURVE('',#2318,#2316,#1924,.T.);
#2991=EDGE_CURVE('',#2318,#2317,#1488,.T.);
#2992=EDGE_CURVE('',#2319,#2014,#1489,.T.);
#2993=EDGE_CURVE('',#2319,#2320,#440,.T.);
#2994=EDGE_CURVE('',#2320,#2321,#441,.F.);
#2995=EDGE_CURVE('',#2321,#2322,#442,.T.);
#2996=EDGE_CURVE('',#2023,#2322,#1490,.T.);
#2997=EDGE_CURVE('',#2024,#2318,#1491,.T.);
#2998=EDGE_CURVE('',#2025,#2316,#1492,.T.);
#2999=EDGE_CURVE('',#2323,#2324,#443,.T.);
#3000=EDGE_CURVE('',#2323,#2325,#1493,.T.);
#3001=EDGE_CURVE('',#2324,#2325,#1925,.T.);
#3002=EDGE_CURVE('',#2325,#2027,#1494,.T.);
#3003=EDGE_CURVE('',#2324,#2026,#1495,.T.);
#3004=EDGE_CURVE('',#2317,#2326,#1496,.T.);
#3005=EDGE_CURVE('',#2326,#2327,#444,.T.);
#3006=EDGE_CURVE('',#2327,#2323,#1497,.T.);
#3007=EDGE_CURVE('',#2283,#2328,#1498,.F.);
#3008=EDGE_CURVE('',#2329,#2328,#445,.F.);
#3009=EDGE_CURVE('',#2329,#2330,#1499,.F.);
#3010=EDGE_CURVE('',#2263,#2330,#1926,.T.);
#3011=EDGE_CURVE('',#2330,#2331,#1500,.T.);
#3012=EDGE_CURVE('',#2331,#2054,#1501,.T.);
#3013=EDGE_CURVE('',#2332,#2331,#1502,.T.);
#3014=EDGE_CURVE('',#2043,#2332,#1503,.T.);
#3015=EDGE_CURVE('',#2332,#2333,#1504,.T.);
#3016=EDGE_CURVE('',#2333,#2044,#1505,.T.);
#3017=EDGE_CURVE('',#2334,#2018,#1506,.T.);
#3018=EDGE_CURVE('',#2334,#2335,#446,.T.);
#3019=EDGE_CURVE('',#2335,#2329,#1507,.T.);
#3020=EDGE_CURVE('',#2328,#2336,#1508,.T.);
#3021=EDGE_CURVE('',#2336,#2337,#447,.T.);
#3022=EDGE_CURVE('',#1993,#2337,#1509,.T.);
#3023=EDGE_CURVE('',#2338,#2333,#1510,.T.);
#3024=EDGE_CURVE('',#2339,#2338,#1511,.T.);
#3025=EDGE_CURVE('',#2044,#2339,#1512,.T.);
#3026=EDGE_CURVE('',#1941,#2340,#649,.T.);
#3027=EDGE_CURVE('',#2340,#2341,#448,.T.);
#3028=EDGE_CURVE('',#2341,#2268,#449,.T.);
#3029=EDGE_CURVE('',#2342,#2343,#650,.T.);
#3030=EDGE_CURVE('',#2342,#2343,#1513,.T.);
#3031=EDGE_CURVE('',#2341,#2344,#1514,.T.);
#3032=EDGE_CURVE('',#2267,#2344,#651,.T.);
#3033=EDGE_CURVE('',#2344,#2342,#652,.T.);
#3034=EDGE_CURVE('',#2343,#2250,#653,.T.);
#3035=EDGE_CURVE('',#2264,#2345,#654,.T.);
#3036=EDGE_CURVE('',#2345,#2346,#1515,.T.);
#3037=EDGE_CURVE('',#2269,#2346,#655,.T.);
#3038=EDGE_CURVE('',#2347,#2348,#656,.T.);
#3039=EDGE_CURVE('',#2347,#2348,#1516,.T.);
#3040=EDGE_CURVE('',#2253,#2347,#657,.T.);
#3041=EDGE_CURVE('',#2348,#2345,#658,.T.);
#3042=EDGE_CURVE('',#2349,#2346,#450,.T.);
#3043=EDGE_CURVE('',#2349,#2131,#659,.T.);
#3044=EDGE_CURVE('',#2350,#2143,#451,.T.);
#3045=EDGE_CURVE('',#2350,#2351,#660,.T.);
#3046=EDGE_CURVE('',#2351,#2065,#661,.T.);
#3047=EDGE_CURVE('',#2352,#2111,#452,.T.);
#3048=EDGE_CURVE('',#2352,#2274,#662,.T.);
#3049=EDGE_CURVE('',#2353,#2354,#663,.T.);
#3050=EDGE_CURVE('',#2353,#2354,#1517,.T.);
#3051=EDGE_CURVE('',#2273,#2355,#664,.T.);
#3052=EDGE_CURVE('',#2352,#2355,#1518,.T.);
#3053=EDGE_CURVE('',#2355,#2353,#665,.T.);
#3054=EDGE_CURVE('',#2354,#2228,#666,.T.);
#3055=EDGE_CURVE('',#2270,#2356,#667,.T.);
#3056=EDGE_CURVE('',#2356,#2099,#1519,.T.);
#3057=EDGE_CURVE('',#2357,#2358,#668,.T.);
#3058=EDGE_CURVE('',#2357,#2358,#1520,.T.);
#3059=EDGE_CURVE('',#2231,#2357,#669,.T.);
#3060=EDGE_CURVE('',#2358,#2356,#670,.T.);
#3061=EDGE_CURVE('',#2277,#2088,#453,.T.);
#3062=EDGE_CURVE('',#2359,#2360,#671,.T.);
#3063=EDGE_CURVE('',#2359,#2360,#1521,.T.);
#3064=EDGE_CURVE('',#2361,#2362,#672,.T.);
#3065=EDGE_CURVE('',#2361,#2362,#1522,.T.);
#3066=EDGE_CURVE('',#2363,#2351,#1523,.T.);
#3067=EDGE_CURVE('',#2364,#2363,#454,.T.);
#3068=EDGE_CURVE('',#2121,#2364,#1524,.T.);
#3069=EDGE_CURVE('',#2365,#2366,#673,.T.);
#3070=EDGE_CURVE('',#2366,#2122,#1525,.T.);
#3071=EDGE_CURVE('',#2364,#2365,#674,.T.);
#3072=EDGE_CURVE('',#2363,#2367,#675,.T.);
#3073=EDGE_CURVE('',#2350,#2368,#1526,.T.);
#3074=EDGE_CURVE('',#2367,#2368,#676,.T.);
#3075=EDGE_CURVE('',#2198,#2369,#1527,.T.);
#3076=EDGE_CURVE('',#2369,#2369,#455,.F.);
#3077=EDGE_CURVE('',#2156,#2370,#1528,.T.);
#3078=EDGE_CURVE('',#2370,#2370,#456,.F.);
#3079=EDGE_CURVE('',#2219,#2371,#1529,.T.);
#3080=EDGE_CURVE('',#2371,#2371,#457,.F.);
#3081=EDGE_CURVE('',#2372,#2277,#1530,.T.);
#3082=EDGE_CURVE('',#2372,#2373,#1531,.T.);
#3083=EDGE_CURVE('',#2210,#2373,#1532,.T.);
#3084=EDGE_CURVE('',#2373,#2374,#458,.T.);
#3085=EDGE_CURVE('',#2374,#2211,#1533,.T.);
#3086=EDGE_CURVE('',#2374,#2375,#459,.F.);
#3087=EDGE_CURVE('',#2212,#2375,#1534,.F.);
#3088=EDGE_CURVE('',#2375,#2376,#460,.T.);
#3089=EDGE_CURVE('',#2376,#2213,#1535,.T.);
#3090=EDGE_CURVE('',#2376,#2377,#1536,.T.);
#3091=EDGE_CURVE('',#2278,#2377,#1537,.T.);
#3092=EDGE_CURVE('',#2378,#2377,#461,.F.);
#3093=EDGE_CURVE('',#2378,#2279,#1538,.T.);
#3094=EDGE_CURVE('',#2378,#2379,#462,.T.);
#3095=EDGE_CURVE('',#2281,#2379,#1927,.T.);
#3096=EDGE_CURVE('',#2379,#2380,#1539,.T.);
#3097=EDGE_CURVE('',#2380,#2282,#1540,.T.);
#3098=EDGE_CURVE('',#2336,#2381,#1541,.T.);
#3099=EDGE_CURVE('',#2380,#2381,#1542,.T.);
#3100=EDGE_CURVE('',#2381,#2382,#463,.T.);
#3101=EDGE_CURVE('',#2382,#2337,#1543,.F.);
#3102=EDGE_CURVE('',#2382,#2383,#1544,.F.);
#3103=EDGE_CURVE('',#2290,#2383,#1545,.T.);
#3104=EDGE_CURVE('',#2383,#2384,#464,.T.);
#3105=EDGE_CURVE('',#2384,#2291,#1546,.T.);
#3106=EDGE_CURVE('',#2384,#2385,#1547,.F.);
#3107=EDGE_CURVE('',#2385,#2295,#1548,.T.);
#3108=EDGE_CURVE('',#2386,#2296,#1549,.T.);
#3109=EDGE_CURVE('',#2385,#2386,#465,.T.);
#3110=EDGE_CURVE('',#2297,#2387,#1550,.T.);
#3111=EDGE_CURVE('',#2386,#2387,#466,.F.);
#3112=EDGE_CURVE('',#2387,#2388,#467,.T.);
#3113=EDGE_CURVE('',#2388,#2298,#1551,.F.);
#3114=EDGE_CURVE('',#2388,#2389,#1552,.F.);
#3115=EDGE_CURVE('',#2299,#2389,#1553,.T.);
#3116=EDGE_CURVE('',#2389,#2390,#468,.T.);
#3117=EDGE_CURVE('',#2390,#2300,#1554,.T.);
#3118=EDGE_CURVE('',#2390,#2391,#1555,.F.);
#3119=EDGE_CURVE('',#2391,#2307,#1556,.T.);
#3120=EDGE_CURVE('',#2308,#2392,#1557,.F.);
#3121=EDGE_CURVE('',#2391,#2392,#469,.T.);
#3122=EDGE_CURVE('',#2392,#2393,#470,.F.);
#3123=EDGE_CURVE('',#2309,#2393,#1558,.T.);
#3124=EDGE_CURVE('',#2393,#2394,#471,.T.);
#3125=EDGE_CURVE('',#2394,#2310,#1559,.F.);
#3126=EDGE_CURVE('',#2394,#2395,#1560,.F.);
#3127=EDGE_CURVE('',#2313,#2395,#1561,.T.);
#3128=EDGE_CURVE('',#2395,#2396,#472,.T.);
#3129=EDGE_CURVE('',#2396,#2314,#1562,.T.);
#3130=EDGE_CURVE('',#2396,#2397,#1563,.F.);
#3131=EDGE_CURVE('',#2397,#2319,#1564,.T.);
#3132=EDGE_CURVE('',#2398,#2320,#1565,.T.);
#3133=EDGE_CURVE('',#2398,#2397,#473,.T.);
#3134=EDGE_CURVE('',#2321,#2399,#1566,.T.);
#3135=EDGE_CURVE('',#2398,#2399,#474,.F.);
#3136=EDGE_CURVE('',#2399,#2400,#475,.T.);
#3137=EDGE_CURVE('',#2400,#2322,#1567,.F.);
#3138=EDGE_CURVE('',#2400,#2401,#1568,.F.);
#3139=EDGE_CURVE('',#2326,#2401,#1569,.T.);
#3140=EDGE_CURVE('',#2401,#2402,#476,.T.);
#3141=EDGE_CURVE('',#2402,#2327,#1570,.T.);
#3142=EDGE_CURVE('',#2402,#2403,#1571,.F.);
#3143=EDGE_CURVE('',#2403,#2334,#1572,.T.);
#3144=EDGE_CURVE('',#2403,#2404,#477,.T.);
#3145=EDGE_CURVE('',#2404,#2335,#1573,.T.);
#3146=EDGE_CURVE('',#2404,#2405,#1574,.T.);
#3147=EDGE_CURVE('',#2338,#2405,#1575,.T.);
#3148=EDGE_CURVE('',#2406,#2339,#1928,.T.);
#3149=EDGE_CURVE('',#2405,#2406,#1576,.T.);
#3150=EDGE_CURVE('',#2406,#2407,#478,.T.);
#3151=EDGE_CURVE('',#2340,#2407,#1577,.T.);
#3152=EDGE_CURVE('',#2408,#2407,#479,.F.);
#3153=EDGE_CURVE('',#2408,#2341,#1578,.T.);
#3154=EDGE_CURVE('',#2408,#2409,#1579,.T.);
#3155=EDGE_CURVE('',#2193,#2409,#1580,.T.);
#3156=EDGE_CURVE('',#2409,#2410,#480,.T.);
#3157=EDGE_CURVE('',#2410,#2194,#1581,.T.);
#3158=EDGE_CURVE('',#2410,#2411,#481,.F.);
#3159=EDGE_CURVE('',#2195,#2411,#1582,.F.);
#3160=EDGE_CURVE('',#2411,#2412,#482,.T.);
#3161=EDGE_CURVE('',#2412,#2188,#1583,.T.);
#3162=EDGE_CURVE('',#2412,#2413,#1584,.T.);
#3163=EDGE_CURVE('',#2346,#2413,#1585,.T.);
#3164=EDGE_CURVE('',#2414,#2413,#483,.F.);
#3165=EDGE_CURVE('',#2414,#2349,#1586,.T.);
#3166=EDGE_CURVE('',#2414,#2132,#484,.T.);
#3167=EDGE_CURVE('',#2415,#2142,#485,.F.);
#3168=EDGE_CURVE('',#2415,#2350,#1587,.T.);
#3169=EDGE_CURVE('',#2416,#2123,#1588,.T.);
#3170=EDGE_CURVE('',#2122,#2417,#1589,.T.);
#3171=EDGE_CURVE('',#2416,#2417,#486,.F.);
#3172=EDGE_CURVE('',#2416,#2113,#487,.T.);
#3173=EDGE_CURVE('',#2418,#2110,#488,.F.);
#3174=EDGE_CURVE('',#2418,#2352,#1590,.T.);
#3175=EDGE_CURVE('',#2418,#2419,#1591,.T.);
#3176=EDGE_CURVE('',#2151,#2419,#1592,.T.);
#3177=EDGE_CURVE('',#2419,#2420,#489,.T.);
#3178=EDGE_CURVE('',#2420,#2152,#1593,.T.);
#3179=EDGE_CURVE('',#2420,#2421,#490,.F.);
#3180=EDGE_CURVE('',#2153,#2421,#1594,.F.);
#3181=EDGE_CURVE('',#2421,#2422,#491,.T.);
#3182=EDGE_CURVE('',#2422,#2146,#1595,.T.);
#3183=EDGE_CURVE('',#2422,#2423,#1596,.T.);
#3184=EDGE_CURVE('',#2099,#2423,#1597,.T.);
#3185=EDGE_CURVE('',#2424,#2100,#1598,.T.);
#3186=EDGE_CURVE('',#2424,#2423,#492,.F.);
#3187=EDGE_CURVE('',#2424,#2090,#493,.T.);
#3188=EDGE_CURVE('',#2372,#2087,#494,.F.);
#3189=EDGE_CURVE('',#2177,#2425,#1599,.T.);
#3190=EDGE_CURVE('',#2425,#2425,#495,.F.);
#3191=EDGE_CURVE('',#2235,#2359,#677,.T.);
#3192=EDGE_CURVE('',#2360,#2366,#678,.T.);
#3193=EDGE_CURVE('',#2365,#2234,#679,.T.);
#3194=EDGE_CURVE('',#2426,#2167,#1600,.T.);
#3195=EDGE_CURVE('',#2426,#2417,#1601,.T.);
#3196=EDGE_CURVE('',#2174,#2427,#1602,.F.);
#3197=EDGE_CURVE('',#2427,#2426,#496,.T.);
#3198=EDGE_CURVE('',#2428,#2173,#1603,.T.);
#3199=EDGE_CURVE('',#2428,#2427,#497,.F.);
#3200=EDGE_CURVE('',#2172,#2429,#1604,.T.);
#3201=EDGE_CURVE('',#2429,#2428,#498,.T.);
#3202=EDGE_CURVE('',#2368,#2361,#680,.T.);
#3203=EDGE_CURVE('',#2415,#2429,#1605,.T.);
#3204=EDGE_CURVE('',#2362,#2232,#681,.T.);
#3205=EDGE_CURVE('',#2233,#2367,#682,.T.);
#3206=ORIENTED_EDGE('',*,*,#2430,.T.);
#3207=ORIENTED_EDGE('',*,*,#2431,.F.);
#3208=ORIENTED_EDGE('',*,*,#2432,.T.);
#3209=ORIENTED_EDGE('',*,*,#2433,.T.);
#3210=ORIENTED_EDGE('',*,*,#2434,.T.);
#3211=ORIENTED_EDGE('',*,*,#2435,.F.);
#3212=ORIENTED_EDGE('',*,*,#2436,.T.);
#3213=ORIENTED_EDGE('',*,*,#2437,.T.);
#3214=ORIENTED_EDGE('',*,*,#2438,.F.);
#3215=ORIENTED_EDGE('',*,*,#2439,.T.);
#3216=ORIENTED_EDGE('',*,*,#2440,.T.);
#3217=ORIENTED_EDGE('',*,*,#2441,.T.);
#3218=ORIENTED_EDGE('',*,*,#2442,.T.);
#3219=ORIENTED_EDGE('',*,*,#2443,.T.);
#3220=ORIENTED_EDGE('',*,*,#2440,.F.);
#3221=ORIENTED_EDGE('',*,*,#2444,.T.);
#3222=ORIENTED_EDGE('',*,*,#2445,.T.);
#3223=ORIENTED_EDGE('',*,*,#2446,.T.);
#3224=ORIENTED_EDGE('',*,*,#2447,.T.);
#3225=ORIENTED_EDGE('',*,*,#2448,.T.);
#3226=ORIENTED_EDGE('',*,*,#2447,.F.);
#3227=ORIENTED_EDGE('',*,*,#2449,.T.);
#3228=ORIENTED_EDGE('',*,*,#2442,.F.);
#3229=ORIENTED_EDGE('',*,*,#2450,.T.);
#3230=ORIENTED_EDGE('',*,*,#2438,.T.);
#3231=ORIENTED_EDGE('',*,*,#2451,.T.);
#3232=ORIENTED_EDGE('',*,*,#2452,.F.);
#3233=ORIENTED_EDGE('',*,*,#2453,.F.);
#3234=ORIENTED_EDGE('',*,*,#2454,.T.);
#3235=ORIENTED_EDGE('',*,*,#2455,.F.);
#3236=ORIENTED_EDGE('',*,*,#2456,.T.);
#3237=ORIENTED_EDGE('',*,*,#2434,.F.);
#3238=ORIENTED_EDGE('',*,*,#2457,.T.);
#3239=ORIENTED_EDGE('',*,*,#2458,.F.);
#3240=ORIENTED_EDGE('',*,*,#2459,.T.);
#3241=ORIENTED_EDGE('',*,*,#2432,.F.);
#3242=ORIENTED_EDGE('',*,*,#2460,.F.);
#3243=ORIENTED_EDGE('',*,*,#2461,.F.);
#3244=ORIENTED_EDGE('',*,*,#2441,.F.);
#3245=ORIENTED_EDGE('',*,*,#2443,.F.);
#3246=ORIENTED_EDGE('',*,*,#2449,.F.);
#3247=ORIENTED_EDGE('',*,*,#2446,.F.);
#3248=ORIENTED_EDGE('',*,*,#2462,.F.);
#3249=ORIENTED_EDGE('',*,*,#2463,.F.);
#3250=ORIENTED_EDGE('',*,*,#2451,.F.);
#3251=ORIENTED_EDGE('',*,*,#2464,.T.);
#3252=ORIENTED_EDGE('',*,*,#2465,.T.);
#3253=ORIENTED_EDGE('',*,*,#2466,.T.);
#3254=ORIENTED_EDGE('',*,*,#2467,.T.);
#3255=ORIENTED_EDGE('',*,*,#2468,.T.);
#3256=ORIENTED_EDGE('',*,*,#2469,.T.);
#3257=ORIENTED_EDGE('',*,*,#2470,.T.);
#3258=ORIENTED_EDGE('',*,*,#2471,.T.);
#3259=ORIENTED_EDGE('',*,*,#2454,.F.);
#3260=ORIENTED_EDGE('',*,*,#2472,.T.);
#3261=ORIENTED_EDGE('',*,*,#2470,.F.);
#3262=ORIENTED_EDGE('',*,*,#2473,.T.);
#3263=ORIENTED_EDGE('',*,*,#2468,.F.);
#3264=ORIENTED_EDGE('',*,*,#2474,.T.);
#3265=ORIENTED_EDGE('',*,*,#2466,.F.);
#3266=ORIENTED_EDGE('',*,*,#2475,.T.);
#3267=ORIENTED_EDGE('',*,*,#2464,.F.);
#3268=ORIENTED_EDGE('',*,*,#2476,.T.);
#3269=ORIENTED_EDGE('',*,*,#2477,.T.);
#3270=ORIENTED_EDGE('',*,*,#2476,.F.);
#3271=ORIENTED_EDGE('',*,*,#2467,.F.);
#3272=ORIENTED_EDGE('',*,*,#2474,.F.);
#3273=ORIENTED_EDGE('',*,*,#2471,.F.);
#3274=ORIENTED_EDGE('',*,*,#2472,.F.);
#3275=ORIENTED_EDGE('',*,*,#2453,.T.);
#3276=ORIENTED_EDGE('',*,*,#2478,.F.);
#3277=ORIENTED_EDGE('',*,*,#2479,.F.);
#3278=ORIENTED_EDGE('',*,*,#2480,.F.);
#3279=ORIENTED_EDGE('',*,*,#2481,.T.);
#3280=ORIENTED_EDGE('',*,*,#2478,.T.);
#3281=ORIENTED_EDGE('',*,*,#2452,.T.);
#3282=ORIENTED_EDGE('',*,*,#2463,.T.);
#3283=ORIENTED_EDGE('',*,*,#2482,.T.);
#3284=ORIENTED_EDGE('',*,*,#2482,.F.);
#3285=ORIENTED_EDGE('',*,*,#2462,.T.);
#3286=ORIENTED_EDGE('',*,*,#2445,.F.);
#3287=ORIENTED_EDGE('',*,*,#2483,.F.);
#3288=ORIENTED_EDGE('',*,*,#2484,.T.);
#3289=ORIENTED_EDGE('',*,*,#2485,.T.);
#3290=ORIENTED_EDGE('',*,*,#2486,.T.);
#3291=ORIENTED_EDGE('',*,*,#2487,.F.);
#3292=ORIENTED_EDGE('',*,*,#2481,.F.);
#3293=ORIENTED_EDGE('',*,*,#2488,.F.);
#3294=ORIENTED_EDGE('',*,*,#2489,.F.);
#3295=ORIENTED_EDGE('',*,*,#2490,.T.);
#3296=ORIENTED_EDGE('',*,*,#2491,.T.);
#3297=ORIENTED_EDGE('',*,*,#2492,.T.);
#3298=ORIENTED_EDGE('',*,*,#2479,.T.);
#3299=ORIENTED_EDGE('',*,*,#2493,.F.);
#3300=ORIENTED_EDGE('',*,*,#2494,.T.);
#3301=ORIENTED_EDGE('',*,*,#2495,.F.);
#3302=ORIENTED_EDGE('',*,*,#2494,.F.);
#3303=ORIENTED_EDGE('',*,*,#2496,.T.);
#3304=ORIENTED_EDGE('',*,*,#2497,.F.);
#3305=ORIENTED_EDGE('',*,*,#2498,.F.);
#3306=ORIENTED_EDGE('',*,*,#2499,.T.);
#3307=ORIENTED_EDGE('',*,*,#2500,.F.);
#3308=ORIENTED_EDGE('',*,*,#2499,.F.);
#3309=ORIENTED_EDGE('',*,*,#2501,.T.);
#3310=ORIENTED_EDGE('',*,*,#2502,.F.);
#3311=ORIENTED_EDGE('',*,*,#2503,.F.);
#3312=ORIENTED_EDGE('',*,*,#2504,.T.);
#3313=ORIENTED_EDGE('',*,*,#2505,.F.);
#3314=ORIENTED_EDGE('',*,*,#2504,.F.);
#3315=ORIENTED_EDGE('',*,*,#2506,.F.);
#3316=ORIENTED_EDGE('',*,*,#2507,.T.);
#3317=ORIENTED_EDGE('',*,*,#2508,.F.);
#3318=ORIENTED_EDGE('',*,*,#2507,.F.);
#3319=ORIENTED_EDGE('',*,*,#2509,.T.);
#3320=ORIENTED_EDGE('',*,*,#2510,.T.);
#3321=ORIENTED_EDGE('',*,*,#2511,.F.);
#3322=ORIENTED_EDGE('',*,*,#2512,.T.);
#3323=ORIENTED_EDGE('',*,*,#2513,.T.);
#3324=ORIENTED_EDGE('',*,*,#2514,.T.);
#3325=ORIENTED_EDGE('',*,*,#2515,.F.);
#3326=ORIENTED_EDGE('',*,*,#2516,.F.);
#3327=ORIENTED_EDGE('',*,*,#2517,.F.);
#3328=ORIENTED_EDGE('',*,*,#2518,.T.);
#3329=ORIENTED_EDGE('',*,*,#2519,.T.);
#3330=ORIENTED_EDGE('',*,*,#2520,.T.);
#3331=ORIENTED_EDGE('',*,*,#2521,.F.);
#3332=ORIENTED_EDGE('',*,*,#2522,.F.);
#3333=ORIENTED_EDGE('',*,*,#2523,.F.);
#3334=ORIENTED_EDGE('',*,*,#2524,.T.);
#3335=ORIENTED_EDGE('',*,*,#2525,.T.);
#3336=ORIENTED_EDGE('',*,*,#2526,.T.);
#3337=ORIENTED_EDGE('',*,*,#2527,.F.);
#3338=ORIENTED_EDGE('',*,*,#2528,.T.);
#3339=ORIENTED_EDGE('',*,*,#2529,.T.);
#3340=ORIENTED_EDGE('',*,*,#2530,.T.);
#3341=ORIENTED_EDGE('',*,*,#2531,.F.);
#3342=ORIENTED_EDGE('',*,*,#2532,.F.);
#3343=ORIENTED_EDGE('',*,*,#2533,.F.);
#3344=ORIENTED_EDGE('',*,*,#2534,.T.);
#3345=ORIENTED_EDGE('',*,*,#2535,.T.);
#3346=ORIENTED_EDGE('',*,*,#2536,.T.);
#3347=ORIENTED_EDGE('',*,*,#2537,.F.);
#3348=ORIENTED_EDGE('',*,*,#2538,.T.);
#3349=ORIENTED_EDGE('',*,*,#2539,.T.);
#3350=ORIENTED_EDGE('',*,*,#2540,.T.);
#3351=ORIENTED_EDGE('',*,*,#2541,.F.);
#3352=ORIENTED_EDGE('',*,*,#2542,.T.);
#3353=ORIENTED_EDGE('',*,*,#2543,.T.);
#3354=ORIENTED_EDGE('',*,*,#2544,.T.);
#3355=ORIENTED_EDGE('',*,*,#2545,.F.);
#3356=ORIENTED_EDGE('',*,*,#2546,.F.);
#3357=ORIENTED_EDGE('',*,*,#2547,.F.);
#3358=ORIENTED_EDGE('',*,*,#2548,.T.);
#3359=ORIENTED_EDGE('',*,*,#2501,.F.);
#3360=ORIENTED_EDGE('',*,*,#2549,.T.);
#3361=ORIENTED_EDGE('',*,*,#2550,.T.);
#3362=ORIENTED_EDGE('',*,*,#2551,.T.);
#3363=ORIENTED_EDGE('',*,*,#2552,.T.);
#3364=ORIENTED_EDGE('',*,*,#2553,.T.);
#3365=ORIENTED_EDGE('',*,*,#2496,.F.);
#3366=ORIENTED_EDGE('',*,*,#2554,.T.);
#3367=ORIENTED_EDGE('',*,*,#2555,.T.);
#3368=ORIENTED_EDGE('',*,*,#2556,.T.);
#3369=ORIENTED_EDGE('',*,*,#2557,.T.);
#3370=ORIENTED_EDGE('',*,*,#2558,.T.);
#3371=ORIENTED_EDGE('',*,*,#2433,.F.);
#3372=ORIENTED_EDGE('',*,*,#2459,.F.);
#3373=ORIENTED_EDGE('',*,*,#2559,.F.);
#3374=ORIENTED_EDGE('',*,*,#2560,.F.);
#3375=ORIENTED_EDGE('',*,*,#2431,.T.);
#3376=ORIENTED_EDGE('',*,*,#2561,.T.);
#3377=ORIENTED_EDGE('',*,*,#2562,.F.);
#3378=ORIENTED_EDGE('',*,*,#2563,.F.);
#3379=ORIENTED_EDGE('',*,*,#2460,.T.);
#3380=ORIENTED_EDGE('',*,*,#2437,.F.);
#3381=ORIENTED_EDGE('',*,*,#2564,.F.);
#3382=ORIENTED_EDGE('',*,*,#2565,.F.);
#3383=ORIENTED_EDGE('',*,*,#2457,.F.);
#3384=ORIENTED_EDGE('',*,*,#2435,.T.);
#3385=ORIENTED_EDGE('',*,*,#2456,.F.);
#3386=ORIENTED_EDGE('',*,*,#2566,.F.);
#3387=ORIENTED_EDGE('',*,*,#2567,.F.);
#3388=ORIENTED_EDGE('',*,*,#2568,.T.);
#3389=ORIENTED_EDGE('',*,*,#2439,.F.);
#3390=ORIENTED_EDGE('',*,*,#2461,.T.);
#3391=ORIENTED_EDGE('',*,*,#2563,.T.);
#3392=ORIENTED_EDGE('',*,*,#2569,.T.);
#3393=ORIENTED_EDGE('',*,*,#2570,.F.);
#3394=ORIENTED_EDGE('',*,*,#2571,.T.);
#3395=ORIENTED_EDGE('',*,*,#2572,.T.);
#3396=ORIENTED_EDGE('',*,*,#2573,.T.);
#3397=ORIENTED_EDGE('',*,*,#2562,.T.);
#3398=ORIENTED_EDGE('',*,*,#2574,.T.);
#3399=ORIENTED_EDGE('',*,*,#2575,.F.);
#3400=ORIENTED_EDGE('',*,*,#2576,.F.);
#3401=ORIENTED_EDGE('',*,*,#2577,.F.);
#3402=ORIENTED_EDGE('',*,*,#2578,.T.);
#3403=ORIENTED_EDGE('',*,*,#2567,.T.);
#3404=ORIENTED_EDGE('',*,*,#2579,.F.);
#3405=ORIENTED_EDGE('',*,*,#2580,.T.);
#3406=ORIENTED_EDGE('',*,*,#2581,.F.);
#3407=ORIENTED_EDGE('',*,*,#2582,.T.);
#3408=ORIENTED_EDGE('',*,*,#2555,.F.);
#3409=ORIENTED_EDGE('',*,*,#2583,.T.);
#3410=ORIENTED_EDGE('',*,*,#2552,.F.);
#3411=ORIENTED_EDGE('',*,*,#2584,.T.);
#3412=ORIENTED_EDGE('',*,*,#2585,.F.);
#3413=ORIENTED_EDGE('',*,*,#2586,.T.);
#3414=ORIENTED_EDGE('',*,*,#2569,.F.);
#3415=ORIENTED_EDGE('',*,*,#2560,.T.);
#3416=ORIENTED_EDGE('',*,*,#2587,.F.);
#3417=ORIENTED_EDGE('',*,*,#2564,.T.);
#3418=ORIENTED_EDGE('',*,*,#2436,.F.);
#3419=ORIENTED_EDGE('',*,*,#2568,.F.);
#3420=ORIENTED_EDGE('',*,*,#2578,.F.);
#3421=ORIENTED_EDGE('',*,*,#2577,.T.);
#3422=ORIENTED_EDGE('',*,*,#2588,.T.);
#3423=ORIENTED_EDGE('',*,*,#2589,.T.);
#3424=ORIENTED_EDGE('',*,*,#2590,.T.);
#3425=ORIENTED_EDGE('',*,*,#2575,.T.);
#3426=ORIENTED_EDGE('',*,*,#2574,.F.);
#3427=ORIENTED_EDGE('',*,*,#2561,.F.);
#3428=ORIENTED_EDGE('',*,*,#2430,.F.);
#3429=ORIENTED_EDGE('',*,*,#2473,.F.);
#3430=ORIENTED_EDGE('',*,*,#2591,.T.);
#3431=ORIENTED_EDGE('',*,*,#2592,.F.);
#3432=ORIENTED_EDGE('',*,*,#2593,.F.);
#3433=ORIENTED_EDGE('',*,*,#2594,.T.);
#3434=ORIENTED_EDGE('',*,*,#2579,.T.);
#3435=ORIENTED_EDGE('',*,*,#2566,.T.);
#3436=ORIENTED_EDGE('',*,*,#2455,.T.);
#3437=ORIENTED_EDGE('',*,*,#2594,.F.);
#3438=ORIENTED_EDGE('',*,*,#2595,.F.);
#3439=ORIENTED_EDGE('',*,*,#2596,.F.);
#3440=ORIENTED_EDGE('',*,*,#2597,.F.);
#3441=ORIENTED_EDGE('',*,*,#2580,.F.);
#3442=ORIENTED_EDGE('',*,*,#2588,.F.);
#3443=ORIENTED_EDGE('',*,*,#2576,.T.);
#3444=ORIENTED_EDGE('',*,*,#2590,.F.);
#3445=ORIENTED_EDGE('',*,*,#2598,.F.);
#3446=ORIENTED_EDGE('',*,*,#2589,.F.);
#3447=ORIENTED_EDGE('',*,*,#2598,.T.);
#3448=ORIENTED_EDGE('',*,*,#2599,.F.);
#3449=ORIENTED_EDGE('',*,*,#2600,.T.);
#3450=ORIENTED_EDGE('',*,*,#2601,.T.);
#3451=ORIENTED_EDGE('',*,*,#2602,.T.);
#3452=ORIENTED_EDGE('',*,*,#2603,.T.);
#3453=ORIENTED_EDGE('',*,*,#2604,.F.);
#3454=ORIENTED_EDGE('',*,*,#2605,.T.);
#3455=ORIENTED_EDGE('',*,*,#2606,.F.);
#3456=ORIENTED_EDGE('',*,*,#2607,.T.);
#3457=ORIENTED_EDGE('',*,*,#2608,.F.);
#3458=ORIENTED_EDGE('',*,*,#2609,.F.);
#3459=ORIENTED_EDGE('',*,*,#2610,.T.);
#3460=ORIENTED_EDGE('',*,*,#2611,.T.);
#3461=ORIENTED_EDGE('',*,*,#2612,.T.);
#3462=ORIENTED_EDGE('',*,*,#2613,.T.);
#3463=ORIENTED_EDGE('',*,*,#2614,.F.);
#3464=ORIENTED_EDGE('',*,*,#2615,.T.);
#3465=ORIENTED_EDGE('',*,*,#2616,.T.);
#3466=ORIENTED_EDGE('',*,*,#2617,.T.);
#3467=ORIENTED_EDGE('',*,*,#2618,.T.);
#3468=ORIENTED_EDGE('',*,*,#2619,.T.);
#3469=ORIENTED_EDGE('',*,*,#2490,.F.);
#3470=ORIENTED_EDGE('',*,*,#2620,.T.);
#3471=ORIENTED_EDGE('',*,*,#2621,.T.);
#3472=ORIENTED_EDGE('',*,*,#2622,.T.);
#3473=ORIENTED_EDGE('',*,*,#2623,.T.);
#3474=ORIENTED_EDGE('',*,*,#2621,.F.);
#3475=ORIENTED_EDGE('',*,*,#2624,.T.);
#3476=ORIENTED_EDGE('',*,*,#2625,.T.);
#3477=ORIENTED_EDGE('',*,*,#2617,.F.);
#3478=ORIENTED_EDGE('',*,*,#2615,.F.);
#3479=ORIENTED_EDGE('',*,*,#2626,.T.);
#3480=ORIENTED_EDGE('',*,*,#2627,.T.);
#3481=ORIENTED_EDGE('',*,*,#2624,.F.);
#3482=ORIENTED_EDGE('',*,*,#2628,.T.);
#3483=ORIENTED_EDGE('',*,*,#2629,.T.);
#3484=ORIENTED_EDGE('',*,*,#2630,.T.);
#3485=ORIENTED_EDGE('',*,*,#2631,.T.);
#3486=ORIENTED_EDGE('',*,*,#2620,.F.);
#3487=ORIENTED_EDGE('',*,*,#2489,.T.);
#3488=ORIENTED_EDGE('',*,*,#2632,.F.);
#3489=ORIENTED_EDGE('',*,*,#2607,.F.);
#3490=ORIENTED_EDGE('',*,*,#2633,.F.);
#3491=ORIENTED_EDGE('',*,*,#2634,.F.);
#3492=ORIENTED_EDGE('',*,*,#2635,.T.);
#3493=ORIENTED_EDGE('',*,*,#2628,.F.);
#3494=ORIENTED_EDGE('',*,*,#2636,.T.);
#3495=ORIENTED_EDGE('',*,*,#2637,.T.);
#3496=ORIENTED_EDGE('',*,*,#2638,.T.);
#3497=ORIENTED_EDGE('',*,*,#2639,.T.);
#3498=ORIENTED_EDGE('',*,*,#2640,.T.);
#3499=ORIENTED_EDGE('',*,*,#2641,.T.);
#3500=ORIENTED_EDGE('',*,*,#2642,.T.);
#3501=ORIENTED_EDGE('',*,*,#2643,.F.);
#3502=ORIENTED_EDGE('',*,*,#2639,.F.);
#3503=ORIENTED_EDGE('',*,*,#2644,.T.);
#3504=ORIENTED_EDGE('',*,*,#2614,.T.);
#3505=ORIENTED_EDGE('',*,*,#2645,.T.);
#3506=ORIENTED_EDGE('',*,*,#2637,.F.);
#3507=ORIENTED_EDGE('',*,*,#2633,.T.);
#3508=ORIENTED_EDGE('',*,*,#2641,.F.);
#3509=ORIENTED_EDGE('',*,*,#2646,.T.);
#3510=ORIENTED_EDGE('',*,*,#2647,.T.);
#3511=ORIENTED_EDGE('',*,*,#2642,.F.);
#3512=ORIENTED_EDGE('',*,*,#2647,.F.);
#3513=ORIENTED_EDGE('',*,*,#2648,.F.);
#3514=ORIENTED_EDGE('',*,*,#2649,.T.);
#3515=ORIENTED_EDGE('',*,*,#2650,.F.);
#3516=ORIENTED_EDGE('',*,*,#2651,.T.);
#3517=ORIENTED_EDGE('',*,*,#2640,.F.);
#3518=ORIENTED_EDGE('',*,*,#2643,.T.);
#3519=ORIENTED_EDGE('',*,*,#2646,.F.);
#3520=ORIENTED_EDGE('',*,*,#2644,.F.);
#3521=ORIENTED_EDGE('',*,*,#2638,.F.);
#3522=ORIENTED_EDGE('',*,*,#2645,.F.);
#3523=ORIENTED_EDGE('',*,*,#2613,.F.);
#3524=ORIENTED_EDGE('',*,*,#2652,.T.);
#3525=ORIENTED_EDGE('',*,*,#2653,.T.);
#3526=ORIENTED_EDGE('',*,*,#2654,.T.);
#3527=ORIENTED_EDGE('',*,*,#2655,.T.);
#3528=ORIENTED_EDGE('',*,*,#2656,.T.);
#3529=ORIENTED_EDGE('',*,*,#2610,.F.);
#3530=ORIENTED_EDGE('',*,*,#2657,.T.);
#3531=ORIENTED_EDGE('',*,*,#2658,.T.);
#3532=ORIENTED_EDGE('',*,*,#2659,.T.);
#3533=ORIENTED_EDGE('',*,*,#2660,.T.);
#3534=ORIENTED_EDGE('',*,*,#2658,.F.);
#3535=ORIENTED_EDGE('',*,*,#2661,.T.);
#3536=ORIENTED_EDGE('',*,*,#2662,.T.);
#3537=ORIENTED_EDGE('',*,*,#2654,.F.);
#3538=ORIENTED_EDGE('',*,*,#2652,.F.);
#3539=ORIENTED_EDGE('',*,*,#2663,.T.);
#3540=ORIENTED_EDGE('',*,*,#2664,.T.);
#3541=ORIENTED_EDGE('',*,*,#2661,.F.);
#3542=ORIENTED_EDGE('',*,*,#2665,.T.);
#3543=ORIENTED_EDGE('',*,*,#2666,.T.);
#3544=ORIENTED_EDGE('',*,*,#2667,.T.);
#3545=ORIENTED_EDGE('',*,*,#2668,.T.);
#3546=ORIENTED_EDGE('',*,*,#2657,.F.);
#3547=ORIENTED_EDGE('',*,*,#2609,.T.);
#3548=ORIENTED_EDGE('',*,*,#2669,.F.);
#3549=ORIENTED_EDGE('',*,*,#2605,.F.);
#3550=ORIENTED_EDGE('',*,*,#2670,.F.);
#3551=ORIENTED_EDGE('',*,*,#2671,.F.);
#3552=ORIENTED_EDGE('',*,*,#2672,.T.);
#3553=ORIENTED_EDGE('',*,*,#2665,.F.);
#3554=ORIENTED_EDGE('',*,*,#2673,.T.);
#3555=ORIENTED_EDGE('',*,*,#2674,.T.);
#3556=ORIENTED_EDGE('',*,*,#2675,.T.);
#3557=ORIENTED_EDGE('',*,*,#2676,.T.);
#3558=ORIENTED_EDGE('',*,*,#2677,.T.);
#3559=ORIENTED_EDGE('',*,*,#2678,.T.);
#3560=ORIENTED_EDGE('',*,*,#2679,.T.);
#3561=ORIENTED_EDGE('',*,*,#2680,.F.);
#3562=ORIENTED_EDGE('',*,*,#2676,.F.);
#3563=ORIENTED_EDGE('',*,*,#2681,.T.);
#3564=ORIENTED_EDGE('',*,*,#2604,.T.);
#3565=ORIENTED_EDGE('',*,*,#2682,.T.);
#3566=ORIENTED_EDGE('',*,*,#2674,.F.);
#3567=ORIENTED_EDGE('',*,*,#2670,.T.);
#3568=ORIENTED_EDGE('',*,*,#2678,.F.);
#3569=ORIENTED_EDGE('',*,*,#2683,.T.);
#3570=ORIENTED_EDGE('',*,*,#2684,.T.);
#3571=ORIENTED_EDGE('',*,*,#2679,.F.);
#3572=ORIENTED_EDGE('',*,*,#2684,.F.);
#3573=ORIENTED_EDGE('',*,*,#2685,.F.);
#3574=ORIENTED_EDGE('',*,*,#2686,.T.);
#3575=ORIENTED_EDGE('',*,*,#2687,.F.);
#3576=ORIENTED_EDGE('',*,*,#2688,.T.);
#3577=ORIENTED_EDGE('',*,*,#2677,.F.);
#3578=ORIENTED_EDGE('',*,*,#2680,.T.);
#3579=ORIENTED_EDGE('',*,*,#2683,.F.);
#3580=ORIENTED_EDGE('',*,*,#2681,.F.);
#3581=ORIENTED_EDGE('',*,*,#2675,.F.);
#3582=ORIENTED_EDGE('',*,*,#2682,.F.);
#3583=ORIENTED_EDGE('',*,*,#2603,.F.);
#3584=ORIENTED_EDGE('',*,*,#2689,.T.);
#3585=ORIENTED_EDGE('',*,*,#2690,.T.);
#3586=ORIENTED_EDGE('',*,*,#2691,.T.);
#3587=ORIENTED_EDGE('',*,*,#2692,.T.);
#3588=ORIENTED_EDGE('',*,*,#2693,.T.);
#3589=ORIENTED_EDGE('',*,*,#2694,.T.);
#3590=ORIENTED_EDGE('',*,*,#2695,.T.);
#3591=ORIENTED_EDGE('',*,*,#2696,.T.);
#3592=ORIENTED_EDGE('',*,*,#2695,.F.);
#3593=ORIENTED_EDGE('',*,*,#2697,.T.);
#3594=ORIENTED_EDGE('',*,*,#2691,.F.);
#3595=ORIENTED_EDGE('',*,*,#2698,.T.);
#3596=ORIENTED_EDGE('',*,*,#2689,.F.);
#3597=ORIENTED_EDGE('',*,*,#2699,.T.);
#3598=ORIENTED_EDGE('',*,*,#2700,.T.);
#3599=ORIENTED_EDGE('',*,*,#2699,.F.);
#3600=ORIENTED_EDGE('',*,*,#2692,.F.);
#3601=ORIENTED_EDGE('',*,*,#2697,.F.);
#3602=ORIENTED_EDGE('',*,*,#2694,.F.);
#3603=ORIENTED_EDGE('',*,*,#2701,.T.);
#3604=ORIENTED_EDGE('',*,*,#2485,.F.);
#3605=ORIENTED_EDGE('',*,*,#2693,.F.);
#3606=ORIENTED_EDGE('',*,*,#2702,.T.);
#3607=ORIENTED_EDGE('',*,*,#2703,.T.);
#3608=ORIENTED_EDGE('',*,*,#2704,.F.);
#3609=ORIENTED_EDGE('',*,*,#2705,.F.);
#3610=ORIENTED_EDGE('',*,*,#2599,.T.);
#3611=ORIENTED_EDGE('',*,*,#2706,.F.);
#3612=ORIENTED_EDGE('',*,*,#2486,.F.);
#3613=ORIENTED_EDGE('',*,*,#2701,.F.);
#3614=ORIENTED_EDGE('',*,*,#2707,.T.);
#3615=ORIENTED_EDGE('',*,*,#2708,.T.);
#3616=ORIENTED_EDGE('',*,*,#2709,.T.);
#3617=ORIENTED_EDGE('',*,*,#2710,.T.);
#3618=ORIENTED_EDGE('',*,*,#2711,.T.);
#3619=ORIENTED_EDGE('',*,*,#2600,.F.);
#3620=ORIENTED_EDGE('',*,*,#2705,.T.);
#3621=ORIENTED_EDGE('',*,*,#2712,.T.);
#3622=ORIENTED_EDGE('',*,*,#2713,.T.);
#3623=ORIENTED_EDGE('',*,*,#2714,.T.);
#3624=ORIENTED_EDGE('',*,*,#2712,.F.);
#3625=ORIENTED_EDGE('',*,*,#2715,.T.);
#3626=ORIENTED_EDGE('',*,*,#2716,.T.);
#3627=ORIENTED_EDGE('',*,*,#2709,.F.);
#3628=ORIENTED_EDGE('',*,*,#2707,.F.);
#3629=ORIENTED_EDGE('',*,*,#2717,.T.);
#3630=ORIENTED_EDGE('',*,*,#2718,.T.);
#3631=ORIENTED_EDGE('',*,*,#2715,.F.);
#3632=ORIENTED_EDGE('',*,*,#2704,.T.);
#3633=ORIENTED_EDGE('',*,*,#2719,.T.);
#3634=ORIENTED_EDGE('',*,*,#2720,.T.);
#3635=ORIENTED_EDGE('',*,*,#2721,.T.);
#3636=ORIENTED_EDGE('',*,*,#2722,.T.);
#3637=ORIENTED_EDGE('',*,*,#2723,.T.);
#3638=ORIENTED_EDGE('',*,*,#2724,.T.);
#3639=ORIENTED_EDGE('',*,*,#2723,.F.);
#3640=ORIENTED_EDGE('',*,*,#2725,.T.);
#3641=ORIENTED_EDGE('',*,*,#2726,.F.);
#3642=ORIENTED_EDGE('',*,*,#2727,.F.);
#3643=ORIENTED_EDGE('',*,*,#2728,.F.);
#3644=ORIENTED_EDGE('',*,*,#2729,.T.);
#3645=ORIENTED_EDGE('',*,*,#2730,.T.);
#3646=ORIENTED_EDGE('',*,*,#2731,.T.);
#3647=ORIENTED_EDGE('',*,*,#2732,.T.);
#3648=ORIENTED_EDGE('',*,*,#2733,.F.);
#3649=ORIENTED_EDGE('',*,*,#2734,.F.);
#3650=ORIENTED_EDGE('',*,*,#2735,.F.);
#3651=ORIENTED_EDGE('',*,*,#2736,.F.);
#3652=ORIENTED_EDGE('',*,*,#2722,.F.);
#3653=ORIENTED_EDGE('',*,*,#2737,.F.);
#3654=ORIENTED_EDGE('',*,*,#2738,.T.);
#3655=ORIENTED_EDGE('',*,*,#2724,.F.);
#3656=ORIENTED_EDGE('',*,*,#2738,.F.);
#3657=ORIENTED_EDGE('',*,*,#2733,.T.);
#3658=ORIENTED_EDGE('',*,*,#2739,.T.);
#3659=ORIENTED_EDGE('',*,*,#2740,.T.);
#3660=ORIENTED_EDGE('',*,*,#2739,.F.);
#3661=ORIENTED_EDGE('',*,*,#2741,.F.);
#3662=ORIENTED_EDGE('',*,*,#2742,.T.);
#3663=ORIENTED_EDGE('',*,*,#2740,.F.);
#3664=ORIENTED_EDGE('',*,*,#2742,.F.);
#3665=ORIENTED_EDGE('',*,*,#2736,.T.);
#3666=ORIENTED_EDGE('',*,*,#2743,.T.);
#3667=ORIENTED_EDGE('',*,*,#2744,.T.);
#3668=ORIENTED_EDGE('',*,*,#2743,.F.);
#3669=ORIENTED_EDGE('',*,*,#2745,.F.);
#3670=ORIENTED_EDGE('',*,*,#2746,.T.);
#3671=ORIENTED_EDGE('',*,*,#2744,.F.);
#3672=ORIENTED_EDGE('',*,*,#2746,.F.);
#3673=ORIENTED_EDGE('',*,*,#2734,.T.);
#3674=ORIENTED_EDGE('',*,*,#2747,.T.);
#3675=ORIENTED_EDGE('',*,*,#2748,.T.);
#3676=ORIENTED_EDGE('',*,*,#2747,.F.);
#3677=ORIENTED_EDGE('',*,*,#2749,.F.);
#3678=ORIENTED_EDGE('',*,*,#2750,.T.);
#3679=ORIENTED_EDGE('',*,*,#2748,.F.);
#3680=ORIENTED_EDGE('',*,*,#2750,.F.);
#3681=ORIENTED_EDGE('',*,*,#2751,.T.);
#3682=ORIENTED_EDGE('',*,*,#2752,.T.);
#3683=ORIENTED_EDGE('',*,*,#2753,.T.);
#3684=ORIENTED_EDGE('',*,*,#2752,.F.);
#3685=ORIENTED_EDGE('',*,*,#2754,.T.);
#3686=ORIENTED_EDGE('',*,*,#2755,.F.);
#3687=ORIENTED_EDGE('',*,*,#2756,.F.);
#3688=ORIENTED_EDGE('',*,*,#2757,.F.);
#3689=ORIENTED_EDGE('',*,*,#2758,.T.);
#3690=ORIENTED_EDGE('',*,*,#2759,.T.);
#3691=ORIENTED_EDGE('',*,*,#2760,.T.);
#3692=ORIENTED_EDGE('',*,*,#2761,.T.);
#3693=ORIENTED_EDGE('',*,*,#2762,.F.);
#3694=ORIENTED_EDGE('',*,*,#2763,.F.);
#3695=ORIENTED_EDGE('',*,*,#2764,.F.);
#3696=ORIENTED_EDGE('',*,*,#2765,.F.);
#3697=ORIENTED_EDGE('',*,*,#2751,.F.);
#3698=ORIENTED_EDGE('',*,*,#2766,.F.);
#3699=ORIENTED_EDGE('',*,*,#2767,.T.);
#3700=ORIENTED_EDGE('',*,*,#2753,.F.);
#3701=ORIENTED_EDGE('',*,*,#2767,.F.);
#3702=ORIENTED_EDGE('',*,*,#2762,.T.);
#3703=ORIENTED_EDGE('',*,*,#2768,.T.);
#3704=ORIENTED_EDGE('',*,*,#2769,.T.);
#3705=ORIENTED_EDGE('',*,*,#2768,.F.);
#3706=ORIENTED_EDGE('',*,*,#2770,.F.);
#3707=ORIENTED_EDGE('',*,*,#2771,.T.);
#3708=ORIENTED_EDGE('',*,*,#2769,.F.);
#3709=ORIENTED_EDGE('',*,*,#2771,.F.);
#3710=ORIENTED_EDGE('',*,*,#2765,.T.);
#3711=ORIENTED_EDGE('',*,*,#2772,.T.);
#3712=ORIENTED_EDGE('',*,*,#2773,.T.);
#3713=ORIENTED_EDGE('',*,*,#2772,.F.);
#3714=ORIENTED_EDGE('',*,*,#2774,.F.);
#3715=ORIENTED_EDGE('',*,*,#2775,.T.);
#3716=ORIENTED_EDGE('',*,*,#2773,.F.);
#3717=ORIENTED_EDGE('',*,*,#2775,.F.);
#3718=ORIENTED_EDGE('',*,*,#2763,.T.);
#3719=ORIENTED_EDGE('',*,*,#2776,.T.);
#3720=ORIENTED_EDGE('',*,*,#2777,.T.);
#3721=ORIENTED_EDGE('',*,*,#2776,.F.);
#3722=ORIENTED_EDGE('',*,*,#2778,.F.);
#3723=ORIENTED_EDGE('',*,*,#2779,.T.);
#3724=ORIENTED_EDGE('',*,*,#2777,.F.);
#3725=ORIENTED_EDGE('',*,*,#2779,.F.);
#3726=ORIENTED_EDGE('',*,*,#2780,.T.);
#3727=ORIENTED_EDGE('',*,*,#2781,.T.);
#3728=ORIENTED_EDGE('',*,*,#2782,.T.);
#3729=ORIENTED_EDGE('',*,*,#2781,.F.);
#3730=ORIENTED_EDGE('',*,*,#2783,.T.);
#3731=ORIENTED_EDGE('',*,*,#2784,.F.);
#3732=ORIENTED_EDGE('',*,*,#2785,.F.);
#3733=ORIENTED_EDGE('',*,*,#2786,.F.);
#3734=ORIENTED_EDGE('',*,*,#2787,.T.);
#3735=ORIENTED_EDGE('',*,*,#2788,.T.);
#3736=ORIENTED_EDGE('',*,*,#2789,.T.);
#3737=ORIENTED_EDGE('',*,*,#2790,.T.);
#3738=ORIENTED_EDGE('',*,*,#2791,.F.);
#3739=ORIENTED_EDGE('',*,*,#2792,.F.);
#3740=ORIENTED_EDGE('',*,*,#2793,.F.);
#3741=ORIENTED_EDGE('',*,*,#2794,.F.);
#3742=ORIENTED_EDGE('',*,*,#2780,.F.);
#3743=ORIENTED_EDGE('',*,*,#2795,.F.);
#3744=ORIENTED_EDGE('',*,*,#2796,.T.);
#3745=ORIENTED_EDGE('',*,*,#2782,.F.);
#3746=ORIENTED_EDGE('',*,*,#2796,.F.);
#3747=ORIENTED_EDGE('',*,*,#2791,.T.);
#3748=ORIENTED_EDGE('',*,*,#2797,.T.);
#3749=ORIENTED_EDGE('',*,*,#2798,.T.);
#3750=ORIENTED_EDGE('',*,*,#2797,.F.);
#3751=ORIENTED_EDGE('',*,*,#2799,.F.);
#3752=ORIENTED_EDGE('',*,*,#2800,.T.);
#3753=ORIENTED_EDGE('',*,*,#2798,.F.);
#3754=ORIENTED_EDGE('',*,*,#2800,.F.);
#3755=ORIENTED_EDGE('',*,*,#2794,.T.);
#3756=ORIENTED_EDGE('',*,*,#2801,.T.);
#3757=ORIENTED_EDGE('',*,*,#2802,.T.);
#3758=ORIENTED_EDGE('',*,*,#2801,.F.);
#3759=ORIENTED_EDGE('',*,*,#2803,.F.);
#3760=ORIENTED_EDGE('',*,*,#2804,.T.);
#3761=ORIENTED_EDGE('',*,*,#2802,.F.);
#3762=ORIENTED_EDGE('',*,*,#2804,.F.);
#3763=ORIENTED_EDGE('',*,*,#2792,.T.);
#3764=ORIENTED_EDGE('',*,*,#2805,.T.);
#3765=ORIENTED_EDGE('',*,*,#2806,.T.);
#3766=ORIENTED_EDGE('',*,*,#2805,.F.);
#3767=ORIENTED_EDGE('',*,*,#2807,.F.);
#3768=ORIENTED_EDGE('',*,*,#2808,.T.);
#3769=ORIENTED_EDGE('',*,*,#2806,.F.);
#3770=ORIENTED_EDGE('',*,*,#2808,.F.);
#3771=ORIENTED_EDGE('',*,*,#2809,.T.);
#3772=ORIENTED_EDGE('',*,*,#2810,.T.);
#3773=ORIENTED_EDGE('',*,*,#2811,.T.);
#3774=ORIENTED_EDGE('',*,*,#2810,.F.);
#3775=ORIENTED_EDGE('',*,*,#2812,.T.);
#3776=ORIENTED_EDGE('',*,*,#2813,.T.);
#3777=ORIENTED_EDGE('',*,*,#2814,.T.);
#3778=ORIENTED_EDGE('',*,*,#2815,.T.);
#3779=ORIENTED_EDGE('',*,*,#2816,.T.);
#3780=ORIENTED_EDGE('',*,*,#2817,.F.);
#3781=ORIENTED_EDGE('',*,*,#2818,.F.);
#3782=ORIENTED_EDGE('',*,*,#2819,.F.);
#3783=ORIENTED_EDGE('',*,*,#2820,.F.);
#3784=ORIENTED_EDGE('',*,*,#2821,.F.);
#3785=ORIENTED_EDGE('',*,*,#2822,.F.);
#3786=ORIENTED_EDGE('',*,*,#2823,.F.);
#3787=ORIENTED_EDGE('',*,*,#2809,.F.);
#3788=ORIENTED_EDGE('',*,*,#2824,.F.);
#3789=ORIENTED_EDGE('',*,*,#2825,.T.);
#3790=ORIENTED_EDGE('',*,*,#2811,.F.);
#3791=ORIENTED_EDGE('',*,*,#2825,.F.);
#3792=ORIENTED_EDGE('',*,*,#2820,.T.);
#3793=ORIENTED_EDGE('',*,*,#2826,.T.);
#3794=ORIENTED_EDGE('',*,*,#2827,.T.);
#3795=ORIENTED_EDGE('',*,*,#2826,.F.);
#3796=ORIENTED_EDGE('',*,*,#2828,.F.);
#3797=ORIENTED_EDGE('',*,*,#2829,.T.);
#3798=ORIENTED_EDGE('',*,*,#2827,.F.);
#3799=ORIENTED_EDGE('',*,*,#2829,.F.);
#3800=ORIENTED_EDGE('',*,*,#2823,.T.);
#3801=ORIENTED_EDGE('',*,*,#2830,.T.);
#3802=ORIENTED_EDGE('',*,*,#2831,.T.);
#3803=ORIENTED_EDGE('',*,*,#2830,.F.);
#3804=ORIENTED_EDGE('',*,*,#2832,.F.);
#3805=ORIENTED_EDGE('',*,*,#2833,.T.);
#3806=ORIENTED_EDGE('',*,*,#2831,.F.);
#3807=ORIENTED_EDGE('',*,*,#2833,.F.);
#3808=ORIENTED_EDGE('',*,*,#2821,.T.);
#3809=ORIENTED_EDGE('',*,*,#2834,.T.);
#3810=ORIENTED_EDGE('',*,*,#2835,.T.);
#3811=ORIENTED_EDGE('',*,*,#2834,.F.);
#3812=ORIENTED_EDGE('',*,*,#2836,.F.);
#3813=ORIENTED_EDGE('',*,*,#2837,.T.);
#3814=ORIENTED_EDGE('',*,*,#2835,.F.);
#3815=ORIENTED_EDGE('',*,*,#2837,.F.);
#3816=ORIENTED_EDGE('',*,*,#2838,.F.);
#3817=ORIENTED_EDGE('',*,*,#2728,.T.);
#3818=ORIENTED_EDGE('',*,*,#2839,.T.);
#3819=ORIENTED_EDGE('',*,*,#2840,.T.);
#3820=ORIENTED_EDGE('',*,*,#2841,.T.);
#3821=ORIENTED_EDGE('',*,*,#2842,.T.);
#3822=ORIENTED_EDGE('',*,*,#2839,.F.);
#3823=ORIENTED_EDGE('',*,*,#2727,.T.);
#3824=ORIENTED_EDGE('',*,*,#2843,.T.);
#3825=ORIENTED_EDGE('',*,*,#2844,.T.);
#3826=ORIENTED_EDGE('',*,*,#2841,.F.);
#3827=ORIENTED_EDGE('',*,*,#2726,.T.);
#3828=ORIENTED_EDGE('',*,*,#2845,.F.);
#3829=ORIENTED_EDGE('',*,*,#2757,.T.);
#3830=ORIENTED_EDGE('',*,*,#2846,.T.);
#3831=ORIENTED_EDGE('',*,*,#2847,.T.);
#3832=ORIENTED_EDGE('',*,*,#2848,.T.);
#3833=ORIENTED_EDGE('',*,*,#2849,.T.);
#3834=ORIENTED_EDGE('',*,*,#2846,.F.);
#3835=ORIENTED_EDGE('',*,*,#2756,.T.);
#3836=ORIENTED_EDGE('',*,*,#2850,.T.);
#3837=ORIENTED_EDGE('',*,*,#2851,.T.);
#3838=ORIENTED_EDGE('',*,*,#2848,.F.);
#3839=ORIENTED_EDGE('',*,*,#2755,.T.);
#3840=ORIENTED_EDGE('',*,*,#2852,.T.);
#3841=ORIENTED_EDGE('',*,*,#2853,.T.);
#3842=ORIENTED_EDGE('',*,*,#2854,.T.);
#3843=ORIENTED_EDGE('',*,*,#2817,.T.);
#3844=ORIENTED_EDGE('',*,*,#2855,.T.);
#3845=ORIENTED_EDGE('',*,*,#2818,.T.);
#3846=ORIENTED_EDGE('',*,*,#2854,.F.);
#3847=ORIENTED_EDGE('',*,*,#2856,.T.);
#3848=ORIENTED_EDGE('',*,*,#2857,.F.);
#3849=ORIENTED_EDGE('',*,*,#2819,.T.);
#3850=ORIENTED_EDGE('',*,*,#2855,.F.);
#3851=ORIENTED_EDGE('',*,*,#2858,.T.);
#3852=ORIENTED_EDGE('',*,*,#2858,.F.);
#3853=ORIENTED_EDGE('',*,*,#2859,.T.);
#3854=ORIENTED_EDGE('',*,*,#2860,.T.);
#3855=ORIENTED_EDGE('',*,*,#2861,.T.);
#3856=ORIENTED_EDGE('',*,*,#2862,.T.);
#3857=ORIENTED_EDGE('',*,*,#2863,.T.);
#3858=ORIENTED_EDGE('',*,*,#2856,.F.);
#3859=ORIENTED_EDGE('',*,*,#2864,.F.);
#3860=ORIENTED_EDGE('',*,*,#2865,.T.);
#3861=ORIENTED_EDGE('',*,*,#2866,.T.);
#3862=ORIENTED_EDGE('',*,*,#2867,.T.);
#3863=ORIENTED_EDGE('',*,*,#2859,.F.);
#3864=ORIENTED_EDGE('',*,*,#2853,.F.);
#3865=ORIENTED_EDGE('',*,*,#2868,.T.);
#3866=ORIENTED_EDGE('',*,*,#2869,.T.);
#3867=ORIENTED_EDGE('',*,*,#2870,.T.);
#3868=ORIENTED_EDGE('',*,*,#2871,.F.);
#3869=ORIENTED_EDGE('',*,*,#2864,.T.);
#3870=ORIENTED_EDGE('',*,*,#2872,.F.);
#3871=ORIENTED_EDGE('',*,*,#2786,.T.);
#3872=ORIENTED_EDGE('',*,*,#2873,.T.);
#3873=ORIENTED_EDGE('',*,*,#2874,.T.);
#3874=ORIENTED_EDGE('',*,*,#2875,.T.);
#3875=ORIENTED_EDGE('',*,*,#2876,.T.);
#3876=ORIENTED_EDGE('',*,*,#2873,.F.);
#3877=ORIENTED_EDGE('',*,*,#2785,.T.);
#3878=ORIENTED_EDGE('',*,*,#2877,.T.);
#3879=ORIENTED_EDGE('',*,*,#2878,.T.);
#3880=ORIENTED_EDGE('',*,*,#2875,.F.);
#3881=ORIENTED_EDGE('',*,*,#2784,.T.);
#3882=ORIENTED_EDGE('',*,*,#2608,.T.);
#3883=ORIENTED_EDGE('',*,*,#2632,.T.);
#3884=ORIENTED_EDGE('',*,*,#2488,.T.);
#3885=ORIENTED_EDGE('',*,*,#2480,.T.);
#3886=ORIENTED_EDGE('',*,*,#2487,.T.);
#3887=ORIENTED_EDGE('',*,*,#2706,.T.);
#3888=ORIENTED_EDGE('',*,*,#2606,.T.);
#3889=ORIENTED_EDGE('',*,*,#2669,.T.);
#3890=ORIENTED_EDGE('',*,*,#2879,.T.);
#3891=ORIENTED_EDGE('',*,*,#2880,.F.);
#3892=ORIENTED_EDGE('',*,*,#2881,.T.);
#3893=ORIENTED_EDGE('',*,*,#2882,.F.);
#3894=ORIENTED_EDGE('',*,*,#2883,.T.);
#3895=ORIENTED_EDGE('',*,*,#2884,.F.);
#3896=ORIENTED_EDGE('',*,*,#2885,.T.);
#3897=ORIENTED_EDGE('',*,*,#2886,.F.);
#3898=ORIENTED_EDGE('',*,*,#2887,.F.);
#3899=ORIENTED_EDGE('',*,*,#2511,.T.);
#3900=ORIENTED_EDGE('',*,*,#2888,.F.);
#3901=ORIENTED_EDGE('',*,*,#2882,.T.);
#3902=ORIENTED_EDGE('',*,*,#2889,.F.);
#3903=ORIENTED_EDGE('',*,*,#2884,.T.);
#3904=ORIENTED_EDGE('',*,*,#2890,.F.);
#3905=ORIENTED_EDGE('',*,*,#2527,.T.);
#3906=ORIENTED_EDGE('',*,*,#2891,.F.);
#3907=ORIENTED_EDGE('',*,*,#2886,.T.);
#3908=ORIENTED_EDGE('',*,*,#2892,.F.);
#3909=ORIENTED_EDGE('',*,*,#2537,.T.);
#3910=ORIENTED_EDGE('',*,*,#2893,.F.);
#3911=ORIENTED_EDGE('',*,*,#2541,.T.);
#3912=ORIENTED_EDGE('',*,*,#2894,.F.);
#3913=ORIENTED_EDGE('',*,*,#2880,.T.);
#3914=ORIENTED_EDGE('',*,*,#2881,.F.);
#3915=ORIENTED_EDGE('',*,*,#2894,.T.);
#3916=ORIENTED_EDGE('',*,*,#2540,.F.);
#3917=ORIENTED_EDGE('',*,*,#2895,.F.);
#3918=ORIENTED_EDGE('',*,*,#2512,.F.);
#3919=ORIENTED_EDGE('',*,*,#2887,.T.);
#3920=ORIENTED_EDGE('',*,*,#2553,.F.);
#3921=ORIENTED_EDGE('',*,*,#2583,.F.);
#3922=ORIENTED_EDGE('',*,*,#2554,.F.);
#3923=ORIENTED_EDGE('',*,*,#2497,.T.);
#3924=ORIENTED_EDGE('',*,*,#2558,.F.);
#3925=ORIENTED_EDGE('',*,*,#2896,.F.);
#3926=ORIENTED_EDGE('',*,*,#2549,.F.);
#3927=ORIENTED_EDGE('',*,*,#2502,.T.);
#3928=ORIENTED_EDGE('',*,*,#2498,.T.);
#3929=ORIENTED_EDGE('',*,*,#2556,.F.);
#3930=ORIENTED_EDGE('',*,*,#2582,.F.);
#3931=ORIENTED_EDGE('',*,*,#2897,.F.);
#3932=ORIENTED_EDGE('',*,*,#2898,.F.);
#3933=ORIENTED_EDGE('',*,*,#2551,.F.);
#3934=ORIENTED_EDGE('',*,*,#2899,.F.);
#3935=ORIENTED_EDGE('',*,*,#2900,.F.);
#3936=ORIENTED_EDGE('',*,*,#2584,.F.);
#3937=ORIENTED_EDGE('',*,*,#2876,.F.);
#3938=ORIENTED_EDGE('',*,*,#2901,.F.);
#3939=ORIENTED_EDGE('',*,*,#2902,.T.);
#3940=ORIENTED_EDGE('',*,*,#2903,.T.);
#3941=ORIENTED_EDGE('',*,*,#2904,.T.);
#3942=ORIENTED_EDGE('',*,*,#2905,.F.);
#3943=ORIENTED_EDGE('',*,*,#2484,.F.);
#3944=ORIENTED_EDGE('',*,*,#2906,.F.);
#3945=ORIENTED_EDGE('',*,*,#2907,.F.);
#3946=ORIENTED_EDGE('',*,*,#2903,.F.);
#3947=ORIENTED_EDGE('',*,*,#2908,.F.);
#3948=ORIENTED_EDGE('',*,*,#2909,.T.);
#3949=ORIENTED_EDGE('',*,*,#2842,.F.);
#3950=ORIENTED_EDGE('',*,*,#2910,.F.);
#3951=ORIENTED_EDGE('',*,*,#2911,.F.);
#3952=ORIENTED_EDGE('',*,*,#2912,.T.);
#3953=ORIENTED_EDGE('',*,*,#2913,.T.);
#3954=ORIENTED_EDGE('',*,*,#2914,.F.);
#3955=ORIENTED_EDGE('',*,*,#2612,.F.);
#3956=ORIENTED_EDGE('',*,*,#2915,.F.);
#3957=ORIENTED_EDGE('',*,*,#2916,.F.);
#3958=ORIENTED_EDGE('',*,*,#2912,.F.);
#3959=ORIENTED_EDGE('',*,*,#2917,.F.);
#3960=ORIENTED_EDGE('',*,*,#2648,.T.);
#3961=ORIENTED_EDGE('',*,*,#2492,.F.);
#3962=ORIENTED_EDGE('',*,*,#2918,.F.);
#3963=ORIENTED_EDGE('',*,*,#2919,.F.);
#3964=ORIENTED_EDGE('',*,*,#2866,.F.);
#3965=ORIENTED_EDGE('',*,*,#2920,.F.);
#3966=ORIENTED_EDGE('',*,*,#2921,.T.);
#3967=ORIENTED_EDGE('',*,*,#2885,.F.);
#3968=ORIENTED_EDGE('',*,*,#2889,.T.);
#3969=ORIENTED_EDGE('',*,*,#2526,.F.);
#3970=ORIENTED_EDGE('',*,*,#2922,.F.);
#3971=ORIENTED_EDGE('',*,*,#2538,.F.);
#3972=ORIENTED_EDGE('',*,*,#2892,.T.);
#3973=ORIENTED_EDGE('',*,*,#2883,.F.);
#3974=ORIENTED_EDGE('',*,*,#2888,.T.);
#3975=ORIENTED_EDGE('',*,*,#2510,.F.);
#3976=ORIENTED_EDGE('',*,*,#2923,.F.);
#3977=ORIENTED_EDGE('',*,*,#2528,.F.);
#3978=ORIENTED_EDGE('',*,*,#2890,.T.);
#3979=ORIENTED_EDGE('',*,*,#2879,.F.);
#3980=ORIENTED_EDGE('',*,*,#2891,.T.);
#3981=ORIENTED_EDGE('',*,*,#2536,.F.);
#3982=ORIENTED_EDGE('',*,*,#2924,.T.);
#3983=ORIENTED_EDGE('',*,*,#2542,.F.);
#3984=ORIENTED_EDGE('',*,*,#2893,.T.);
#3985=ORIENTED_EDGE('',*,*,#2862,.F.);
#3986=ORIENTED_EDGE('',*,*,#2925,.T.);
#3987=ORIENTED_EDGE('',*,*,#2867,.F.);
#3988=ORIENTED_EDGE('',*,*,#2919,.T.);
#3989=ORIENTED_EDGE('',*,*,#2926,.F.);
#3990=ORIENTED_EDGE('',*,*,#2927,.T.);
#3991=ORIENTED_EDGE('',*,*,#2860,.F.);
#3992=ORIENTED_EDGE('',*,*,#2871,.T.);
#3993=ORIENTED_EDGE('',*,*,#2928,.T.);
#3994=ORIENTED_EDGE('',*,*,#2929,.F.);
#3995=ORIENTED_EDGE('',*,*,#2920,.T.);
#3996=ORIENTED_EDGE('',*,*,#2865,.F.);
#3997=ORIENTED_EDGE('',*,*,#2869,.F.);
#3998=ORIENTED_EDGE('',*,*,#2930,.T.);
#3999=ORIENTED_EDGE('',*,*,#2477,.F.);
#4000=ORIENTED_EDGE('',*,*,#2921,.F.);
#4001=ORIENTED_EDGE('',*,*,#2929,.T.);
#4002=ORIENTED_EDGE('',*,*,#2931,.F.);
#4003=ORIENTED_EDGE('',*,*,#2932,.T.);
#4004=ORIENTED_EDGE('',*,*,#2475,.F.);
#4005=ORIENTED_EDGE('',*,*,#2465,.F.);
#4006=ORIENTED_EDGE('',*,*,#2933,.F.);
#4007=ORIENTED_EDGE('',*,*,#2934,.F.);
#4008=ORIENTED_EDGE('',*,*,#2935,.F.);
#4009=ORIENTED_EDGE('',*,*,#2936,.F.);
#4010=ORIENTED_EDGE('',*,*,#2937,.T.);
#4011=ORIENTED_EDGE('',*,*,#2595,.T.);
#4012=ORIENTED_EDGE('',*,*,#2593,.T.);
#4013=ORIENTED_EDGE('',*,*,#2933,.T.);
#4014=ORIENTED_EDGE('',*,*,#2938,.F.);
#4015=ORIENTED_EDGE('',*,*,#2897,.T.);
#4016=ORIENTED_EDGE('',*,*,#2581,.T.);
#4017=ORIENTED_EDGE('',*,*,#2597,.T.);
#4018=ORIENTED_EDGE('',*,*,#2939,.F.);
#4019=ORIENTED_EDGE('',*,*,#2940,.F.);
#4020=ORIENTED_EDGE('',*,*,#2941,.F.);
#4021=ORIENTED_EDGE('',*,*,#2942,.T.);
#4022=ORIENTED_EDGE('',*,*,#2515,.T.);
#4023=ORIENTED_EDGE('',*,*,#2943,.T.);
#4024=ORIENTED_EDGE('',*,*,#2941,.T.);
#4025=ORIENTED_EDGE('',*,*,#2944,.F.);
#4026=ORIENTED_EDGE('',*,*,#2945,.F.);
#4027=ORIENTED_EDGE('',*,*,#2946,.T.);
#4028=ORIENTED_EDGE('',*,*,#2947,.F.);
#4029=ORIENTED_EDGE('',*,*,#2947,.T.);
#4030=ORIENTED_EDGE('',*,*,#2948,.T.);
#4031=ORIENTED_EDGE('',*,*,#2517,.T.);
#4032=ORIENTED_EDGE('',*,*,#2949,.F.);
#4033=ORIENTED_EDGE('',*,*,#2940,.T.);
#4034=ORIENTED_EDGE('',*,*,#2950,.T.);
#4035=ORIENTED_EDGE('',*,*,#2951,.T.);
#4036=ORIENTED_EDGE('',*,*,#2952,.T.);
#4037=ORIENTED_EDGE('',*,*,#2945,.T.);
#4038=ORIENTED_EDGE('',*,*,#2949,.T.);
#4039=ORIENTED_EDGE('',*,*,#2516,.T.);
#4040=ORIENTED_EDGE('',*,*,#2944,.T.);
#4041=ORIENTED_EDGE('',*,*,#2953,.F.);
#4042=ORIENTED_EDGE('',*,*,#2954,.F.);
#4043=ORIENTED_EDGE('',*,*,#2955,.T.);
#4044=ORIENTED_EDGE('',*,*,#2509,.F.);
#4045=ORIENTED_EDGE('',*,*,#2956,.F.);
#4046=ORIENTED_EDGE('',*,*,#2957,.T.);
#4047=ORIENTED_EDGE('',*,*,#2958,.T.);
#4048=ORIENTED_EDGE('',*,*,#2959,.T.);
#4049=ORIENTED_EDGE('',*,*,#2960,.F.);
#4050=ORIENTED_EDGE('',*,*,#2519,.F.);
#4051=ORIENTED_EDGE('',*,*,#2923,.T.);
#4052=ORIENTED_EDGE('',*,*,#2508,.T.);
#4053=ORIENTED_EDGE('',*,*,#2521,.T.);
#4054=ORIENTED_EDGE('',*,*,#2961,.T.);
#4055=ORIENTED_EDGE('',*,*,#2954,.T.);
#4056=ORIENTED_EDGE('',*,*,#2962,.F.);
#4057=ORIENTED_EDGE('',*,*,#2963,.T.);
#4058=ORIENTED_EDGE('',*,*,#2964,.T.);
#4059=ORIENTED_EDGE('',*,*,#2965,.T.);
#4060=ORIENTED_EDGE('',*,*,#2966,.T.);
#4061=ORIENTED_EDGE('',*,*,#2967,.T.);
#4062=ORIENTED_EDGE('',*,*,#2522,.T.);
#4063=ORIENTED_EDGE('',*,*,#2962,.T.);
#4064=ORIENTED_EDGE('',*,*,#2953,.T.);
#4065=ORIENTED_EDGE('',*,*,#2966,.F.);
#4066=ORIENTED_EDGE('',*,*,#2968,.T.);
#4067=ORIENTED_EDGE('',*,*,#2969,.F.);
#4068=ORIENTED_EDGE('',*,*,#2969,.T.);
#4069=ORIENTED_EDGE('',*,*,#2970,.T.);
#4070=ORIENTED_EDGE('',*,*,#2523,.T.);
#4071=ORIENTED_EDGE('',*,*,#2967,.F.);
#4072=ORIENTED_EDGE('',*,*,#2971,.F.);
#4073=ORIENTED_EDGE('',*,*,#2972,.F.);
#4074=ORIENTED_EDGE('',*,*,#2973,.T.);
#4075=ORIENTED_EDGE('',*,*,#2525,.F.);
#4076=ORIENTED_EDGE('',*,*,#2974,.F.);
#4077=ORIENTED_EDGE('',*,*,#2975,.T.);
#4078=ORIENTED_EDGE('',*,*,#2976,.T.);
#4079=ORIENTED_EDGE('',*,*,#2977,.T.);
#4080=ORIENTED_EDGE('',*,*,#2978,.F.);
#4081=ORIENTED_EDGE('',*,*,#2529,.F.);
#4082=ORIENTED_EDGE('',*,*,#2922,.T.);
#4083=ORIENTED_EDGE('',*,*,#2505,.T.);
#4084=ORIENTED_EDGE('',*,*,#2531,.T.);
#4085=ORIENTED_EDGE('',*,*,#2979,.T.);
#4086=ORIENTED_EDGE('',*,*,#2972,.T.);
#4087=ORIENTED_EDGE('',*,*,#2980,.F.);
#4088=ORIENTED_EDGE('',*,*,#2981,.T.);
#4089=ORIENTED_EDGE('',*,*,#2982,.T.);
#4090=ORIENTED_EDGE('',*,*,#2532,.T.);
#4091=ORIENTED_EDGE('',*,*,#2980,.T.);
#4092=ORIENTED_EDGE('',*,*,#2971,.T.);
#4093=ORIENTED_EDGE('',*,*,#2983,.T.);
#4094=ORIENTED_EDGE('',*,*,#2984,.T.);
#4095=ORIENTED_EDGE('',*,*,#2985,.T.);
#4096=ORIENTED_EDGE('',*,*,#2981,.F.);
#4097=ORIENTED_EDGE('',*,*,#2986,.T.);
#4098=ORIENTED_EDGE('',*,*,#2987,.F.);
#4099=ORIENTED_EDGE('',*,*,#2987,.T.);
#4100=ORIENTED_EDGE('',*,*,#2988,.T.);
#4101=ORIENTED_EDGE('',*,*,#2533,.T.);
#4102=ORIENTED_EDGE('',*,*,#2982,.F.);
#4103=ORIENTED_EDGE('',*,*,#2989,.F.);
#4104=ORIENTED_EDGE('',*,*,#2990,.F.);
#4105=ORIENTED_EDGE('',*,*,#2991,.T.);
#4106=ORIENTED_EDGE('',*,*,#2924,.F.);
#4107=ORIENTED_EDGE('',*,*,#2535,.F.);
#4108=ORIENTED_EDGE('',*,*,#2992,.F.);
#4109=ORIENTED_EDGE('',*,*,#2993,.T.);
#4110=ORIENTED_EDGE('',*,*,#2994,.T.);
#4111=ORIENTED_EDGE('',*,*,#2995,.T.);
#4112=ORIENTED_EDGE('',*,*,#2996,.F.);
#4113=ORIENTED_EDGE('',*,*,#2543,.F.);
#4114=ORIENTED_EDGE('',*,*,#2495,.T.);
#4115=ORIENTED_EDGE('',*,*,#2545,.T.);
#4116=ORIENTED_EDGE('',*,*,#2997,.T.);
#4117=ORIENTED_EDGE('',*,*,#2990,.T.);
#4118=ORIENTED_EDGE('',*,*,#2998,.F.);
#4119=ORIENTED_EDGE('',*,*,#2999,.F.);
#4120=ORIENTED_EDGE('',*,*,#3000,.T.);
#4121=ORIENTED_EDGE('',*,*,#3001,.F.);
#4122=ORIENTED_EDGE('',*,*,#3001,.T.);
#4123=ORIENTED_EDGE('',*,*,#3002,.T.);
#4124=ORIENTED_EDGE('',*,*,#2547,.T.);
#4125=ORIENTED_EDGE('',*,*,#3003,.F.);
#4126=ORIENTED_EDGE('',*,*,#2999,.T.);
#4127=ORIENTED_EDGE('',*,*,#3003,.T.);
#4128=ORIENTED_EDGE('',*,*,#2546,.T.);
#4129=ORIENTED_EDGE('',*,*,#2998,.T.);
#4130=ORIENTED_EDGE('',*,*,#2989,.T.);
#4131=ORIENTED_EDGE('',*,*,#3004,.T.);
#4132=ORIENTED_EDGE('',*,*,#3005,.T.);
#4133=ORIENTED_EDGE('',*,*,#3006,.T.);
#4134=ORIENTED_EDGE('',*,*,#2557,.F.);
#4135=ORIENTED_EDGE('',*,*,#2898,.T.);
#4136=ORIENTED_EDGE('',*,*,#2938,.T.);
#4137=ORIENTED_EDGE('',*,*,#3007,.T.);
#4138=ORIENTED_EDGE('',*,*,#3008,.F.);
#4139=ORIENTED_EDGE('',*,*,#3009,.T.);
#4140=ORIENTED_EDGE('',*,*,#3010,.F.);
#4141=ORIENTED_EDGE('',*,*,#2899,.T.);
#4142=ORIENTED_EDGE('',*,*,#2550,.F.);
#4143=ORIENTED_EDGE('',*,*,#2896,.T.);
#4144=ORIENTED_EDGE('',*,*,#3011,.T.);
#4145=ORIENTED_EDGE('',*,*,#3012,.T.);
#4146=ORIENTED_EDGE('',*,*,#2585,.T.);
#4147=ORIENTED_EDGE('',*,*,#2900,.T.);
#4148=ORIENTED_EDGE('',*,*,#3010,.T.);
#4149=ORIENTED_EDGE('',*,*,#3012,.F.);
#4150=ORIENTED_EDGE('',*,*,#3013,.F.);
#4151=ORIENTED_EDGE('',*,*,#3014,.F.);
#4152=ORIENTED_EDGE('',*,*,#2570,.T.);
#4153=ORIENTED_EDGE('',*,*,#2586,.F.);
#4154=ORIENTED_EDGE('',*,*,#3014,.T.);
#4155=ORIENTED_EDGE('',*,*,#3015,.T.);
#4156=ORIENTED_EDGE('',*,*,#3016,.T.);
#4157=ORIENTED_EDGE('',*,*,#2571,.F.);
#4158=ORIENTED_EDGE('',*,*,#2539,.F.);
#4159=ORIENTED_EDGE('',*,*,#3017,.F.);
#4160=ORIENTED_EDGE('',*,*,#3018,.T.);
#4161=ORIENTED_EDGE('',*,*,#3019,.T.);
#4162=ORIENTED_EDGE('',*,*,#3008,.T.);
#4163=ORIENTED_EDGE('',*,*,#3020,.T.);
#4164=ORIENTED_EDGE('',*,*,#3021,.T.);
#4165=ORIENTED_EDGE('',*,*,#3022,.F.);
#4166=ORIENTED_EDGE('',*,*,#2513,.F.);
#4167=ORIENTED_EDGE('',*,*,#2895,.T.);
#4168=ORIENTED_EDGE('',*,*,#2500,.T.);
#4169=ORIENTED_EDGE('',*,*,#3016,.F.);
#4170=ORIENTED_EDGE('',*,*,#3023,.F.);
#4171=ORIENTED_EDGE('',*,*,#3024,.F.);
#4172=ORIENTED_EDGE('',*,*,#3025,.F.);
#4173=ORIENTED_EDGE('',*,*,#2450,.F.);
#4174=ORIENTED_EDGE('',*,*,#3026,.T.);
#4175=ORIENTED_EDGE('',*,*,#3027,.T.);
#4176=ORIENTED_EDGE('',*,*,#3028,.T.);
#4177=ORIENTED_EDGE('',*,*,#2906,.T.);
#4178=ORIENTED_EDGE('',*,*,#2483,.T.);
#4179=ORIENTED_EDGE('',*,*,#2448,.F.);
#4180=ORIENTED_EDGE('',*,*,#3029,.F.);
#4181=ORIENTED_EDGE('',*,*,#3030,.T.);
#4182=ORIENTED_EDGE('',*,*,#2904,.F.);
#4183=ORIENTED_EDGE('',*,*,#2907,.T.);
#4184=ORIENTED_EDGE('',*,*,#3028,.F.);
#4185=ORIENTED_EDGE('',*,*,#3031,.T.);
#4186=ORIENTED_EDGE('',*,*,#3032,.F.);
#4187=ORIENTED_EDGE('',*,*,#2874,.F.);
#4188=ORIENTED_EDGE('',*,*,#2905,.T.);
#4189=ORIENTED_EDGE('',*,*,#3032,.T.);
#4190=ORIENTED_EDGE('',*,*,#3033,.T.);
#4191=ORIENTED_EDGE('',*,*,#3029,.T.);
#4192=ORIENTED_EDGE('',*,*,#3034,.T.);
#4193=ORIENTED_EDGE('',*,*,#3035,.T.);
#4194=ORIENTED_EDGE('',*,*,#3036,.T.);
#4195=ORIENTED_EDGE('',*,*,#3037,.F.);
#4196=ORIENTED_EDGE('',*,*,#2908,.T.);
#4197=ORIENTED_EDGE('',*,*,#2902,.F.);
#4198=ORIENTED_EDGE('',*,*,#3038,.F.);
#4199=ORIENTED_EDGE('',*,*,#3039,.T.);
#4200=ORIENTED_EDGE('',*,*,#2878,.F.);
#4201=ORIENTED_EDGE('',*,*,#3040,.T.);
#4202=ORIENTED_EDGE('',*,*,#3038,.T.);
#4203=ORIENTED_EDGE('',*,*,#3041,.T.);
#4204=ORIENTED_EDGE('',*,*,#3035,.F.);
#4205=ORIENTED_EDGE('',*,*,#2901,.T.);
#4206=ORIENTED_EDGE('',*,*,#2700,.F.);
#4207=ORIENTED_EDGE('',*,*,#2909,.F.);
#4208=ORIENTED_EDGE('',*,*,#3037,.T.);
#4209=ORIENTED_EDGE('',*,*,#3042,.F.);
#4210=ORIENTED_EDGE('',*,*,#3043,.T.);
#4211=ORIENTED_EDGE('',*,*,#2698,.F.);
#4212=ORIENTED_EDGE('',*,*,#2690,.F.);
#4213=ORIENTED_EDGE('',*,*,#2718,.F.);
#4214=ORIENTED_EDGE('',*,*,#2601,.F.);
#4215=ORIENTED_EDGE('',*,*,#2713,.F.);
#4216=ORIENTED_EDGE('',*,*,#2714,.F.);
#4217=ORIENTED_EDGE('',*,*,#2708,.F.);
#4218=ORIENTED_EDGE('',*,*,#2711,.F.);
#4219=ORIENTED_EDGE('',*,*,#2710,.F.);
#4220=ORIENTED_EDGE('',*,*,#2716,.F.);
#4221=ORIENTED_EDGE('',*,*,#2721,.F.);
#4222=ORIENTED_EDGE('',*,*,#3044,.F.);
#4223=ORIENTED_EDGE('',*,*,#3045,.T.);
#4224=ORIENTED_EDGE('',*,*,#3046,.T.);
#4225=ORIENTED_EDGE('',*,*,#2717,.F.);
#4226=ORIENTED_EDGE('',*,*,#2664,.F.);
#4227=ORIENTED_EDGE('',*,*,#2611,.F.);
#4228=ORIENTED_EDGE('',*,*,#2659,.F.);
#4229=ORIENTED_EDGE('',*,*,#2660,.F.);
#4230=ORIENTED_EDGE('',*,*,#2653,.F.);
#4231=ORIENTED_EDGE('',*,*,#2656,.F.);
#4232=ORIENTED_EDGE('',*,*,#2655,.F.);
#4233=ORIENTED_EDGE('',*,*,#2662,.F.);
#4234=ORIENTED_EDGE('',*,*,#2668,.F.);
#4235=ORIENTED_EDGE('',*,*,#3047,.F.);
#4236=ORIENTED_EDGE('',*,*,#3048,.T.);
#4237=ORIENTED_EDGE('',*,*,#2915,.T.);
#4238=ORIENTED_EDGE('',*,*,#2663,.F.);
#4239=ORIENTED_EDGE('',*,*,#3049,.F.);
#4240=ORIENTED_EDGE('',*,*,#3050,.T.);
#4241=ORIENTED_EDGE('',*,*,#3051,.F.);
#4242=ORIENTED_EDGE('',*,*,#2913,.F.);
#4243=ORIENTED_EDGE('',*,*,#2916,.T.);
#4244=ORIENTED_EDGE('',*,*,#3048,.F.);
#4245=ORIENTED_EDGE('',*,*,#3052,.T.);
#4246=ORIENTED_EDGE('',*,*,#2840,.F.);
#4247=ORIENTED_EDGE('',*,*,#2914,.T.);
#4248=ORIENTED_EDGE('',*,*,#3051,.T.);
#4249=ORIENTED_EDGE('',*,*,#3053,.T.);
#4250=ORIENTED_EDGE('',*,*,#3049,.T.);
#4251=ORIENTED_EDGE('',*,*,#3054,.T.);
#4252=ORIENTED_EDGE('',*,*,#3055,.T.);
#4253=ORIENTED_EDGE('',*,*,#3056,.T.);
#4254=ORIENTED_EDGE('',*,*,#2649,.F.);
#4255=ORIENTED_EDGE('',*,*,#2917,.T.);
#4256=ORIENTED_EDGE('',*,*,#2911,.T.);
#4257=ORIENTED_EDGE('',*,*,#3057,.F.);
#4258=ORIENTED_EDGE('',*,*,#3058,.T.);
#4259=ORIENTED_EDGE('',*,*,#2844,.F.);
#4260=ORIENTED_EDGE('',*,*,#3059,.T.);
#4261=ORIENTED_EDGE('',*,*,#3057,.T.);
#4262=ORIENTED_EDGE('',*,*,#3060,.T.);
#4263=ORIENTED_EDGE('',*,*,#3055,.F.);
#4264=ORIENTED_EDGE('',*,*,#2910,.T.);
#4265=ORIENTED_EDGE('',*,*,#2627,.F.);
#4266=ORIENTED_EDGE('',*,*,#2491,.F.);
#4267=ORIENTED_EDGE('',*,*,#2622,.F.);
#4268=ORIENTED_EDGE('',*,*,#2623,.F.);
#4269=ORIENTED_EDGE('',*,*,#2616,.F.);
#4270=ORIENTED_EDGE('',*,*,#2619,.F.);
#4271=ORIENTED_EDGE('',*,*,#2618,.F.);
#4272=ORIENTED_EDGE('',*,*,#2625,.F.);
#4273=ORIENTED_EDGE('',*,*,#2631,.F.);
#4274=ORIENTED_EDGE('',*,*,#3061,.F.);
#4275=ORIENTED_EDGE('',*,*,#2926,.T.);
#4276=ORIENTED_EDGE('',*,*,#2918,.T.);
#4277=ORIENTED_EDGE('',*,*,#2626,.F.);
#4278=ORIENTED_EDGE('',*,*,#3062,.F.);
#4279=ORIENTED_EDGE('',*,*,#3063,.T.);
#4280=ORIENTED_EDGE('',*,*,#3064,.F.);
#4281=ORIENTED_EDGE('',*,*,#3065,.T.);
#4282=ORIENTED_EDGE('',*,*,#2602,.F.);
#4283=ORIENTED_EDGE('',*,*,#3046,.F.);
#4284=ORIENTED_EDGE('',*,*,#3066,.F.);
#4285=ORIENTED_EDGE('',*,*,#3067,.F.);
#4286=ORIENTED_EDGE('',*,*,#3068,.F.);
#4287=ORIENTED_EDGE('',*,*,#2685,.T.);
#4288=ORIENTED_EDGE('',*,*,#3069,.T.);
#4289=ORIENTED_EDGE('',*,*,#3070,.T.);
#4290=ORIENTED_EDGE('',*,*,#2686,.F.);
#4291=ORIENTED_EDGE('',*,*,#3068,.T.);
#4292=ORIENTED_EDGE('',*,*,#3071,.T.);
#4293=ORIENTED_EDGE('',*,*,#3072,.F.);
#4294=ORIENTED_EDGE('',*,*,#3066,.T.);
#4295=ORIENTED_EDGE('',*,*,#3045,.F.);
#4296=ORIENTED_EDGE('',*,*,#3073,.T.);
#4297=ORIENTED_EDGE('',*,*,#3074,.F.);
#4298=ORIENTED_EDGE('',*,*,#2793,.T.);
#4299=ORIENTED_EDGE('',*,*,#3075,.T.);
#4300=ORIENTED_EDGE('',*,*,#3076,.T.);
#4301=ORIENTED_EDGE('',*,*,#3075,.F.);
#4302=ORIENTED_EDGE('',*,*,#2735,.T.);
#4303=ORIENTED_EDGE('',*,*,#3077,.T.);
#4304=ORIENTED_EDGE('',*,*,#3078,.T.);
#4305=ORIENTED_EDGE('',*,*,#3077,.F.);
#4306=ORIENTED_EDGE('',*,*,#2822,.T.);
#4307=ORIENTED_EDGE('',*,*,#3079,.T.);
#4308=ORIENTED_EDGE('',*,*,#3080,.T.);
#4309=ORIENTED_EDGE('',*,*,#3079,.F.);
#4310=ORIENTED_EDGE('',*,*,#2861,.F.);
#4311=ORIENTED_EDGE('',*,*,#2927,.F.);
#4312=ORIENTED_EDGE('',*,*,#3081,.F.);
#4313=ORIENTED_EDGE('',*,*,#3082,.T.);
#4314=ORIENTED_EDGE('',*,*,#3083,.F.);
#4315=ORIENTED_EDGE('',*,*,#2812,.F.);
#4316=ORIENTED_EDGE('',*,*,#2857,.T.);
#4317=ORIENTED_EDGE('',*,*,#2863,.F.);
#4318=ORIENTED_EDGE('',*,*,#2925,.F.);
#4319=ORIENTED_EDGE('',*,*,#2813,.F.);
#4320=ORIENTED_EDGE('',*,*,#3083,.T.);
#4321=ORIENTED_EDGE('',*,*,#3084,.T.);
#4322=ORIENTED_EDGE('',*,*,#3085,.T.);
#4323=ORIENTED_EDGE('',*,*,#2814,.F.);
#4324=ORIENTED_EDGE('',*,*,#3085,.F.);
#4325=ORIENTED_EDGE('',*,*,#3086,.T.);
#4326=ORIENTED_EDGE('',*,*,#3087,.F.);
#4327=ORIENTED_EDGE('',*,*,#2815,.F.);
#4328=ORIENTED_EDGE('',*,*,#3087,.T.);
#4329=ORIENTED_EDGE('',*,*,#3088,.T.);
#4330=ORIENTED_EDGE('',*,*,#3089,.T.);
#4331=ORIENTED_EDGE('',*,*,#2870,.F.);
#4332=ORIENTED_EDGE('',*,*,#2930,.F.);
#4333=ORIENTED_EDGE('',*,*,#2868,.F.);
#4334=ORIENTED_EDGE('',*,*,#2852,.F.);
#4335=ORIENTED_EDGE('',*,*,#2816,.F.);
#4336=ORIENTED_EDGE('',*,*,#3089,.F.);
#4337=ORIENTED_EDGE('',*,*,#3090,.T.);
#4338=ORIENTED_EDGE('',*,*,#3091,.F.);
#4339=ORIENTED_EDGE('',*,*,#2928,.F.);
#4340=ORIENTED_EDGE('',*,*,#3092,.F.);
#4341=ORIENTED_EDGE('',*,*,#3093,.T.);
#4342=ORIENTED_EDGE('',*,*,#2931,.T.);
#4343=ORIENTED_EDGE('',*,*,#3091,.T.);
#4344=ORIENTED_EDGE('',*,*,#2469,.F.);
#4345=ORIENTED_EDGE('',*,*,#2932,.F.);
#4346=ORIENTED_EDGE('',*,*,#3093,.F.);
#4347=ORIENTED_EDGE('',*,*,#3094,.T.);
#4348=ORIENTED_EDGE('',*,*,#3095,.F.);
#4349=ORIENTED_EDGE('',*,*,#2934,.T.);
#4350=ORIENTED_EDGE('',*,*,#2592,.T.);
#4351=ORIENTED_EDGE('',*,*,#2591,.F.);
#4352=ORIENTED_EDGE('',*,*,#3095,.T.);
#4353=ORIENTED_EDGE('',*,*,#3096,.T.);
#4354=ORIENTED_EDGE('',*,*,#3097,.T.);
#4355=ORIENTED_EDGE('',*,*,#2935,.T.);
#4356=ORIENTED_EDGE('',*,*,#3098,.F.);
#4357=ORIENTED_EDGE('',*,*,#3020,.F.);
#4358=ORIENTED_EDGE('',*,*,#3007,.F.);
#4359=ORIENTED_EDGE('',*,*,#2939,.T.);
#4360=ORIENTED_EDGE('',*,*,#2596,.T.);
#4361=ORIENTED_EDGE('',*,*,#2937,.F.);
#4362=ORIENTED_EDGE('',*,*,#2936,.T.);
#4363=ORIENTED_EDGE('',*,*,#3097,.F.);
#4364=ORIENTED_EDGE('',*,*,#3099,.T.);
#4365=ORIENTED_EDGE('',*,*,#3098,.T.);
#4366=ORIENTED_EDGE('',*,*,#3100,.T.);
#4367=ORIENTED_EDGE('',*,*,#3101,.T.);
#4368=ORIENTED_EDGE('',*,*,#3021,.F.);
#4369=ORIENTED_EDGE('',*,*,#2943,.F.);
#4370=ORIENTED_EDGE('',*,*,#2514,.F.);
#4371=ORIENTED_EDGE('',*,*,#3022,.T.);
#4372=ORIENTED_EDGE('',*,*,#3101,.F.);
#4373=ORIENTED_EDGE('',*,*,#3102,.T.);
#4374=ORIENTED_EDGE('',*,*,#3103,.F.);
#4375=ORIENTED_EDGE('',*,*,#2950,.F.);
#4376=ORIENTED_EDGE('',*,*,#2942,.F.);
#4377=ORIENTED_EDGE('',*,*,#3104,.T.);
#4378=ORIENTED_EDGE('',*,*,#3105,.T.);
#4379=ORIENTED_EDGE('',*,*,#2951,.F.);
#4380=ORIENTED_EDGE('',*,*,#3103,.T.);
#4381=ORIENTED_EDGE('',*,*,#2952,.F.);
#4382=ORIENTED_EDGE('',*,*,#3105,.F.);
#4383=ORIENTED_EDGE('',*,*,#3106,.T.);
#4384=ORIENTED_EDGE('',*,*,#3107,.T.);
#4385=ORIENTED_EDGE('',*,*,#2956,.T.);
#4386=ORIENTED_EDGE('',*,*,#2518,.F.);
#4387=ORIENTED_EDGE('',*,*,#2948,.F.);
#4388=ORIENTED_EDGE('',*,*,#2946,.F.);
#4389=ORIENTED_EDGE('',*,*,#3108,.T.);
#4390=ORIENTED_EDGE('',*,*,#2957,.F.);
#4391=ORIENTED_EDGE('',*,*,#3107,.F.);
#4392=ORIENTED_EDGE('',*,*,#3109,.T.);
#4393=ORIENTED_EDGE('',*,*,#3110,.F.);
#4394=ORIENTED_EDGE('',*,*,#2958,.F.);
#4395=ORIENTED_EDGE('',*,*,#3108,.F.);
#4396=ORIENTED_EDGE('',*,*,#3111,.T.);
#4397=ORIENTED_EDGE('',*,*,#3112,.T.);
#4398=ORIENTED_EDGE('',*,*,#3113,.T.);
#4399=ORIENTED_EDGE('',*,*,#2959,.F.);
#4400=ORIENTED_EDGE('',*,*,#3110,.T.);
#4401=ORIENTED_EDGE('',*,*,#2961,.F.);
#4402=ORIENTED_EDGE('',*,*,#2520,.F.);
#4403=ORIENTED_EDGE('',*,*,#2960,.T.);
#4404=ORIENTED_EDGE('',*,*,#3113,.F.);
#4405=ORIENTED_EDGE('',*,*,#3114,.T.);
#4406=ORIENTED_EDGE('',*,*,#3115,.F.);
#4407=ORIENTED_EDGE('',*,*,#2963,.F.);
#4408=ORIENTED_EDGE('',*,*,#2955,.F.);
#4409=ORIENTED_EDGE('',*,*,#3116,.T.);
#4410=ORIENTED_EDGE('',*,*,#3117,.T.);
#4411=ORIENTED_EDGE('',*,*,#2964,.F.);
#4412=ORIENTED_EDGE('',*,*,#3115,.T.);
#4413=ORIENTED_EDGE('',*,*,#3118,.T.);
#4414=ORIENTED_EDGE('',*,*,#3119,.T.);
#4415=ORIENTED_EDGE('',*,*,#2974,.T.);
#4416=ORIENTED_EDGE('',*,*,#2524,.F.);
#4417=ORIENTED_EDGE('',*,*,#2970,.F.);
#4418=ORIENTED_EDGE('',*,*,#2968,.F.);
#4419=ORIENTED_EDGE('',*,*,#2965,.F.);
#4420=ORIENTED_EDGE('',*,*,#3117,.F.);
#4421=ORIENTED_EDGE('',*,*,#3120,.F.);
#4422=ORIENTED_EDGE('',*,*,#2975,.F.);
#4423=ORIENTED_EDGE('',*,*,#3119,.F.);
#4424=ORIENTED_EDGE('',*,*,#3121,.T.);
#4425=ORIENTED_EDGE('',*,*,#3122,.T.);
#4426=ORIENTED_EDGE('',*,*,#3123,.F.);
#4427=ORIENTED_EDGE('',*,*,#2976,.F.);
#4428=ORIENTED_EDGE('',*,*,#3120,.T.);
#4429=ORIENTED_EDGE('',*,*,#3124,.T.);
#4430=ORIENTED_EDGE('',*,*,#3125,.T.);
#4431=ORIENTED_EDGE('',*,*,#2977,.F.);
#4432=ORIENTED_EDGE('',*,*,#3123,.T.);
#4433=ORIENTED_EDGE('',*,*,#2979,.F.);
#4434=ORIENTED_EDGE('',*,*,#2530,.F.);
#4435=ORIENTED_EDGE('',*,*,#2978,.T.);
#4436=ORIENTED_EDGE('',*,*,#3125,.F.);
#4437=ORIENTED_EDGE('',*,*,#3126,.T.);
#4438=ORIENTED_EDGE('',*,*,#3127,.F.);
#4439=ORIENTED_EDGE('',*,*,#2983,.F.);
#4440=ORIENTED_EDGE('',*,*,#2973,.F.);
#4441=ORIENTED_EDGE('',*,*,#3128,.T.);
#4442=ORIENTED_EDGE('',*,*,#3129,.T.);
#4443=ORIENTED_EDGE('',*,*,#2984,.F.);
#4444=ORIENTED_EDGE('',*,*,#3127,.T.);
#4445=ORIENTED_EDGE('',*,*,#3130,.T.);
#4446=ORIENTED_EDGE('',*,*,#3131,.T.);
#4447=ORIENTED_EDGE('',*,*,#2992,.T.);
#4448=ORIENTED_EDGE('',*,*,#2534,.F.);
#4449=ORIENTED_EDGE('',*,*,#2988,.F.);
#4450=ORIENTED_EDGE('',*,*,#2986,.F.);
#4451=ORIENTED_EDGE('',*,*,#2985,.F.);
#4452=ORIENTED_EDGE('',*,*,#3129,.F.);
#4453=ORIENTED_EDGE('',*,*,#3132,.T.);
#4454=ORIENTED_EDGE('',*,*,#2993,.F.);
#4455=ORIENTED_EDGE('',*,*,#3131,.F.);
#4456=ORIENTED_EDGE('',*,*,#3133,.F.);
#4457=ORIENTED_EDGE('',*,*,#3134,.F.);
#4458=ORIENTED_EDGE('',*,*,#2994,.F.);
#4459=ORIENTED_EDGE('',*,*,#3132,.F.);
#4460=ORIENTED_EDGE('',*,*,#3135,.T.);
#4461=ORIENTED_EDGE('',*,*,#3134,.T.);
#4462=ORIENTED_EDGE('',*,*,#3136,.T.);
#4463=ORIENTED_EDGE('',*,*,#3137,.T.);
#4464=ORIENTED_EDGE('',*,*,#2995,.F.);
#4465=ORIENTED_EDGE('',*,*,#2997,.F.);
#4466=ORIENTED_EDGE('',*,*,#2544,.F.);
#4467=ORIENTED_EDGE('',*,*,#2996,.T.);
#4468=ORIENTED_EDGE('',*,*,#3137,.F.);
#4469=ORIENTED_EDGE('',*,*,#3138,.T.);
#4470=ORIENTED_EDGE('',*,*,#3139,.F.);
#4471=ORIENTED_EDGE('',*,*,#3004,.F.);
#4472=ORIENTED_EDGE('',*,*,#2991,.F.);
#4473=ORIENTED_EDGE('',*,*,#3140,.T.);
#4474=ORIENTED_EDGE('',*,*,#3141,.T.);
#4475=ORIENTED_EDGE('',*,*,#3005,.F.);
#4476=ORIENTED_EDGE('',*,*,#3139,.T.);
#4477=ORIENTED_EDGE('',*,*,#3006,.F.);
#4478=ORIENTED_EDGE('',*,*,#3141,.F.);
#4479=ORIENTED_EDGE('',*,*,#3142,.T.);
#4480=ORIENTED_EDGE('',*,*,#3143,.T.);
#4481=ORIENTED_EDGE('',*,*,#3017,.T.);
#4482=ORIENTED_EDGE('',*,*,#2548,.F.);
#4483=ORIENTED_EDGE('',*,*,#3002,.F.);
#4484=ORIENTED_EDGE('',*,*,#3000,.F.);
#4485=ORIENTED_EDGE('',*,*,#3018,.F.);
#4486=ORIENTED_EDGE('',*,*,#3143,.F.);
#4487=ORIENTED_EDGE('',*,*,#3144,.T.);
#4488=ORIENTED_EDGE('',*,*,#3145,.T.);
#4489=ORIENTED_EDGE('',*,*,#3019,.F.);
#4490=ORIENTED_EDGE('',*,*,#3145,.F.);
#4491=ORIENTED_EDGE('',*,*,#3146,.T.);
#4492=ORIENTED_EDGE('',*,*,#3147,.F.);
#4493=ORIENTED_EDGE('',*,*,#3023,.T.);
#4494=ORIENTED_EDGE('',*,*,#3015,.F.);
#4495=ORIENTED_EDGE('',*,*,#3013,.T.);
#4496=ORIENTED_EDGE('',*,*,#3011,.F.);
#4497=ORIENTED_EDGE('',*,*,#3009,.F.);
#4498=ORIENTED_EDGE('',*,*,#3148,.T.);
#4499=ORIENTED_EDGE('',*,*,#3024,.T.);
#4500=ORIENTED_EDGE('',*,*,#3147,.T.);
#4501=ORIENTED_EDGE('',*,*,#3149,.T.);
#4502=ORIENTED_EDGE('',*,*,#2444,.F.);
#4503=ORIENTED_EDGE('',*,*,#2573,.F.);
#4504=ORIENTED_EDGE('',*,*,#2572,.F.);
#4505=ORIENTED_EDGE('',*,*,#3025,.T.);
#4506=ORIENTED_EDGE('',*,*,#3148,.F.);
#4507=ORIENTED_EDGE('',*,*,#3150,.T.);
#4508=ORIENTED_EDGE('',*,*,#3151,.F.);
#4509=ORIENTED_EDGE('',*,*,#3026,.F.);
#4510=ORIENTED_EDGE('',*,*,#3152,.F.);
#4511=ORIENTED_EDGE('',*,*,#3153,.T.);
#4512=ORIENTED_EDGE('',*,*,#3027,.F.);
#4513=ORIENTED_EDGE('',*,*,#3151,.T.);
#4514=ORIENTED_EDGE('',*,*,#3033,.F.);
#4515=ORIENTED_EDGE('',*,*,#3031,.F.);
#4516=ORIENTED_EDGE('',*,*,#3153,.F.);
#4517=ORIENTED_EDGE('',*,*,#3154,.T.);
#4518=ORIENTED_EDGE('',*,*,#3155,.F.);
#4519=ORIENTED_EDGE('',*,*,#2787,.F.);
#4520=ORIENTED_EDGE('',*,*,#2872,.T.);
#4521=ORIENTED_EDGE('',*,*,#3034,.F.);
#4522=ORIENTED_EDGE('',*,*,#3030,.F.);
#4523=ORIENTED_EDGE('',*,*,#2788,.F.);
#4524=ORIENTED_EDGE('',*,*,#3155,.T.);
#4525=ORIENTED_EDGE('',*,*,#3156,.T.);
#4526=ORIENTED_EDGE('',*,*,#3157,.T.);
#4527=ORIENTED_EDGE('',*,*,#2789,.F.);
#4528=ORIENTED_EDGE('',*,*,#3157,.F.);
#4529=ORIENTED_EDGE('',*,*,#3158,.T.);
#4530=ORIENTED_EDGE('',*,*,#3159,.F.);
#4531=ORIENTED_EDGE('',*,*,#2790,.F.);
#4532=ORIENTED_EDGE('',*,*,#3159,.T.);
#4533=ORIENTED_EDGE('',*,*,#3160,.T.);
#4534=ORIENTED_EDGE('',*,*,#3161,.T.);
#4535=ORIENTED_EDGE('',*,*,#3041,.F.);
#4536=ORIENTED_EDGE('',*,*,#3039,.F.);
#4537=ORIENTED_EDGE('',*,*,#3040,.F.);
#4538=ORIENTED_EDGE('',*,*,#2877,.F.);
#4539=ORIENTED_EDGE('',*,*,#2783,.F.);
#4540=ORIENTED_EDGE('',*,*,#3161,.F.);
#4541=ORIENTED_EDGE('',*,*,#3162,.T.);
#4542=ORIENTED_EDGE('',*,*,#3163,.F.);
#4543=ORIENTED_EDGE('',*,*,#3036,.F.);
#4544=ORIENTED_EDGE('',*,*,#3164,.F.);
#4545=ORIENTED_EDGE('',*,*,#3165,.T.);
#4546=ORIENTED_EDGE('',*,*,#3042,.T.);
#4547=ORIENTED_EDGE('',*,*,#3163,.T.);
#4548=ORIENTED_EDGE('',*,*,#2696,.F.);
#4549=ORIENTED_EDGE('',*,*,#3043,.F.);
#4550=ORIENTED_EDGE('',*,*,#3165,.F.);
#4551=ORIENTED_EDGE('',*,*,#3166,.T.);
#4552=ORIENTED_EDGE('',*,*,#2702,.F.);
#4553=ORIENTED_EDGE('',*,*,#3167,.F.);
#4554=ORIENTED_EDGE('',*,*,#3168,.T.);
#4555=ORIENTED_EDGE('',*,*,#3044,.T.);
#4556=ORIENTED_EDGE('',*,*,#2720,.F.);
#4557=ORIENTED_EDGE('',*,*,#3169,.T.);
#4558=ORIENTED_EDGE('',*,*,#2687,.T.);
#4559=ORIENTED_EDGE('',*,*,#3170,.T.);
#4560=ORIENTED_EDGE('',*,*,#3171,.F.);
#4561=ORIENTED_EDGE('',*,*,#2673,.F.);
#4562=ORIENTED_EDGE('',*,*,#2688,.F.);
#4563=ORIENTED_EDGE('',*,*,#3169,.F.);
#4564=ORIENTED_EDGE('',*,*,#3172,.T.);
#4565=ORIENTED_EDGE('',*,*,#2671,.T.);
#4566=ORIENTED_EDGE('',*,*,#3173,.F.);
#4567=ORIENTED_EDGE('',*,*,#3174,.T.);
#4568=ORIENTED_EDGE('',*,*,#3047,.T.);
#4569=ORIENTED_EDGE('',*,*,#2667,.F.);
#4570=ORIENTED_EDGE('',*,*,#3053,.F.);
#4571=ORIENTED_EDGE('',*,*,#3052,.F.);
#4572=ORIENTED_EDGE('',*,*,#3174,.F.);
#4573=ORIENTED_EDGE('',*,*,#3175,.T.);
#4574=ORIENTED_EDGE('',*,*,#3176,.F.);
#4575=ORIENTED_EDGE('',*,*,#2729,.F.);
#4576=ORIENTED_EDGE('',*,*,#2838,.T.);
#4577=ORIENTED_EDGE('',*,*,#3054,.F.);
#4578=ORIENTED_EDGE('',*,*,#3050,.F.);
#4579=ORIENTED_EDGE('',*,*,#2730,.F.);
#4580=ORIENTED_EDGE('',*,*,#3176,.T.);
#4581=ORIENTED_EDGE('',*,*,#3177,.T.);
#4582=ORIENTED_EDGE('',*,*,#3178,.T.);
#4583=ORIENTED_EDGE('',*,*,#2731,.F.);
#4584=ORIENTED_EDGE('',*,*,#3178,.F.);
#4585=ORIENTED_EDGE('',*,*,#3179,.T.);
#4586=ORIENTED_EDGE('',*,*,#3180,.F.);
#4587=ORIENTED_EDGE('',*,*,#2732,.F.);
#4588=ORIENTED_EDGE('',*,*,#3180,.T.);
#4589=ORIENTED_EDGE('',*,*,#3181,.T.);
#4590=ORIENTED_EDGE('',*,*,#3182,.T.);
#4591=ORIENTED_EDGE('',*,*,#3060,.F.);
#4592=ORIENTED_EDGE('',*,*,#3058,.F.);
#4593=ORIENTED_EDGE('',*,*,#3059,.F.);
#4594=ORIENTED_EDGE('',*,*,#2843,.F.);
#4595=ORIENTED_EDGE('',*,*,#2725,.F.);
#4596=ORIENTED_EDGE('',*,*,#3182,.F.);
#4597=ORIENTED_EDGE('',*,*,#3183,.T.);
#4598=ORIENTED_EDGE('',*,*,#3184,.F.);
#4599=ORIENTED_EDGE('',*,*,#3056,.F.);
#4600=ORIENTED_EDGE('',*,*,#3185,.T.);
#4601=ORIENTED_EDGE('',*,*,#2650,.T.);
#4602=ORIENTED_EDGE('',*,*,#3184,.T.);
#4603=ORIENTED_EDGE('',*,*,#3186,.F.);
#4604=ORIENTED_EDGE('',*,*,#2636,.F.);
#4605=ORIENTED_EDGE('',*,*,#2651,.F.);
#4606=ORIENTED_EDGE('',*,*,#3185,.F.);
#4607=ORIENTED_EDGE('',*,*,#3187,.T.);
#4608=ORIENTED_EDGE('',*,*,#2634,.T.);
#4609=ORIENTED_EDGE('',*,*,#3188,.F.);
#4610=ORIENTED_EDGE('',*,*,#3081,.T.);
#4611=ORIENTED_EDGE('',*,*,#3061,.T.);
#4612=ORIENTED_EDGE('',*,*,#2630,.F.);
#4613=ORIENTED_EDGE('',*,*,#2764,.T.);
#4614=ORIENTED_EDGE('',*,*,#3189,.T.);
#4615=ORIENTED_EDGE('',*,*,#3190,.T.);
#4616=ORIENTED_EDGE('',*,*,#3189,.F.);
#4617=ORIENTED_EDGE('',*,*,#2851,.F.);
#4618=ORIENTED_EDGE('',*,*,#3191,.T.);
#4619=ORIENTED_EDGE('',*,*,#3062,.T.);
#4620=ORIENTED_EDGE('',*,*,#3192,.T.);
#4621=ORIENTED_EDGE('',*,*,#3069,.F.);
#4622=ORIENTED_EDGE('',*,*,#3193,.T.);
#4623=ORIENTED_EDGE('',*,*,#3192,.F.);
#4624=ORIENTED_EDGE('',*,*,#3063,.F.);
#4625=ORIENTED_EDGE('',*,*,#3191,.F.);
#4626=ORIENTED_EDGE('',*,*,#2850,.F.);
#4627=ORIENTED_EDGE('',*,*,#2754,.F.);
#4628=ORIENTED_EDGE('',*,*,#3194,.F.);
#4629=ORIENTED_EDGE('',*,*,#3195,.T.);
#4630=ORIENTED_EDGE('',*,*,#3170,.F.);
#4631=ORIENTED_EDGE('',*,*,#3070,.F.);
#4632=ORIENTED_EDGE('',*,*,#2761,.F.);
#4633=ORIENTED_EDGE('',*,*,#3196,.T.);
#4634=ORIENTED_EDGE('',*,*,#3197,.T.);
#4635=ORIENTED_EDGE('',*,*,#3194,.T.);
#4636=ORIENTED_EDGE('',*,*,#2760,.F.);
#4637=ORIENTED_EDGE('',*,*,#3198,.F.);
#4638=ORIENTED_EDGE('',*,*,#3199,.T.);
#4639=ORIENTED_EDGE('',*,*,#3196,.F.);
#4640=ORIENTED_EDGE('',*,*,#2759,.F.);
#4641=ORIENTED_EDGE('',*,*,#3200,.T.);
#4642=ORIENTED_EDGE('',*,*,#3201,.T.);
#4643=ORIENTED_EDGE('',*,*,#3198,.T.);
#4644=ORIENTED_EDGE('',*,*,#3202,.F.);
#4645=ORIENTED_EDGE('',*,*,#3073,.F.);
#4646=ORIENTED_EDGE('',*,*,#3168,.F.);
#4647=ORIENTED_EDGE('',*,*,#3203,.T.);
#4648=ORIENTED_EDGE('',*,*,#3200,.F.);
#4649=ORIENTED_EDGE('',*,*,#2758,.F.);
#4650=ORIENTED_EDGE('',*,*,#2845,.T.);
#4651=ORIENTED_EDGE('',*,*,#3204,.F.);
#4652=ORIENTED_EDGE('',*,*,#3065,.F.);
#4653=ORIENTED_EDGE('',*,*,#2847,.F.);
#4654=ORIENTED_EDGE('',*,*,#3205,.T.);
#4655=ORIENTED_EDGE('',*,*,#3074,.T.);
#4656=ORIENTED_EDGE('',*,*,#3202,.T.);
#4657=ORIENTED_EDGE('',*,*,#3064,.T.);
#4658=ORIENTED_EDGE('',*,*,#3204,.T.);
#4659=ORIENTED_EDGE('',*,*,#2849,.F.);
#4660=ORIENTED_EDGE('',*,*,#3193,.F.);
#4661=ORIENTED_EDGE('',*,*,#3071,.F.);
#4662=ORIENTED_EDGE('',*,*,#3067,.T.);
#4663=ORIENTED_EDGE('',*,*,#3072,.T.);
#4664=ORIENTED_EDGE('',*,*,#3205,.F.);
#4665=ORIENTED_EDGE('',*,*,#3188,.T.);
#4666=ORIENTED_EDGE('',*,*,#2629,.F.);
#4667=ORIENTED_EDGE('',*,*,#2635,.F.);
#4668=ORIENTED_EDGE('',*,*,#3187,.F.);
#4669=ORIENTED_EDGE('',*,*,#3186,.T.);
#4670=ORIENTED_EDGE('',*,*,#3183,.F.);
#4671=ORIENTED_EDGE('',*,*,#3181,.F.);
#4672=ORIENTED_EDGE('',*,*,#3179,.F.);
#4673=ORIENTED_EDGE('',*,*,#3177,.F.);
#4674=ORIENTED_EDGE('',*,*,#3175,.F.);
#4675=ORIENTED_EDGE('',*,*,#3173,.T.);
#4676=ORIENTED_EDGE('',*,*,#2666,.F.);
#4677=ORIENTED_EDGE('',*,*,#2672,.F.);
#4678=ORIENTED_EDGE('',*,*,#3172,.F.);
#4679=ORIENTED_EDGE('',*,*,#3171,.T.);
#4680=ORIENTED_EDGE('',*,*,#3195,.F.);
#4681=ORIENTED_EDGE('',*,*,#3197,.F.);
#4682=ORIENTED_EDGE('',*,*,#3199,.F.);
#4683=ORIENTED_EDGE('',*,*,#3201,.F.);
#4684=ORIENTED_EDGE('',*,*,#3203,.F.);
#4685=ORIENTED_EDGE('',*,*,#3167,.T.);
#4686=ORIENTED_EDGE('',*,*,#2719,.F.);
#4687=ORIENTED_EDGE('',*,*,#2703,.F.);
#4688=ORIENTED_EDGE('',*,*,#3166,.F.);
#4689=ORIENTED_EDGE('',*,*,#3164,.T.);
#4690=ORIENTED_EDGE('',*,*,#3162,.F.);
#4691=ORIENTED_EDGE('',*,*,#3160,.F.);
#4692=ORIENTED_EDGE('',*,*,#3158,.F.);
#4693=ORIENTED_EDGE('',*,*,#3156,.F.);
#4694=ORIENTED_EDGE('',*,*,#3154,.F.);
#4695=ORIENTED_EDGE('',*,*,#3152,.T.);
#4696=ORIENTED_EDGE('',*,*,#3150,.F.);
#4697=ORIENTED_EDGE('',*,*,#3149,.F.);
#4698=ORIENTED_EDGE('',*,*,#3146,.F.);
#4699=ORIENTED_EDGE('',*,*,#3144,.F.);
#4700=ORIENTED_EDGE('',*,*,#3142,.F.);
#4701=ORIENTED_EDGE('',*,*,#3140,.F.);
#4702=ORIENTED_EDGE('',*,*,#3138,.F.);
#4703=ORIENTED_EDGE('',*,*,#3136,.F.);
#4704=ORIENTED_EDGE('',*,*,#3135,.F.);
#4705=ORIENTED_EDGE('',*,*,#3133,.T.);
#4706=ORIENTED_EDGE('',*,*,#3130,.F.);
#4707=ORIENTED_EDGE('',*,*,#3128,.F.);
#4708=ORIENTED_EDGE('',*,*,#3126,.F.);
#4709=ORIENTED_EDGE('',*,*,#3124,.F.);
#4710=ORIENTED_EDGE('',*,*,#3122,.F.);
#4711=ORIENTED_EDGE('',*,*,#3121,.F.);
#4712=ORIENTED_EDGE('',*,*,#3118,.F.);
#4713=ORIENTED_EDGE('',*,*,#3116,.F.);
#4714=ORIENTED_EDGE('',*,*,#3114,.F.);
#4715=ORIENTED_EDGE('',*,*,#3112,.F.);
#4716=ORIENTED_EDGE('',*,*,#3111,.F.);
#4717=ORIENTED_EDGE('',*,*,#3109,.F.);
#4718=ORIENTED_EDGE('',*,*,#3106,.F.);
#4719=ORIENTED_EDGE('',*,*,#3104,.F.);
#4720=ORIENTED_EDGE('',*,*,#3102,.F.);
#4721=ORIENTED_EDGE('',*,*,#3100,.F.);
#4722=ORIENTED_EDGE('',*,*,#3099,.F.);
#4723=ORIENTED_EDGE('',*,*,#3096,.F.);
#4724=ORIENTED_EDGE('',*,*,#3094,.F.);
#4725=ORIENTED_EDGE('',*,*,#3092,.T.);
#4726=ORIENTED_EDGE('',*,*,#3090,.F.);
#4727=ORIENTED_EDGE('',*,*,#3088,.F.);
#4728=ORIENTED_EDGE('',*,*,#3086,.F.);
#4729=ORIENTED_EDGE('',*,*,#3084,.F.);
#4730=ORIENTED_EDGE('',*,*,#3082,.F.);
#4731=ORIENTED_EDGE('',*,*,#2493,.T.);
#4732=ORIENTED_EDGE('',*,*,#2503,.T.);
#4733=ORIENTED_EDGE('',*,*,#2506,.T.);
#4734=ORIENTED_EDGE('',*,*,#3080,.F.);
#4735=ORIENTED_EDGE('',*,*,#3078,.F.);
#4736=ORIENTED_EDGE('',*,*,#3190,.F.);
#4737=ORIENTED_EDGE('',*,*,#3076,.F.);
#4738=ORIENTED_EDGE('',*,*,#2766,.T.);
#4739=ORIENTED_EDGE('',*,*,#2803,.T.);
#4740=ORIENTED_EDGE('',*,*,#2836,.T.);
#4741=ORIENTED_EDGE('',*,*,#2745,.T.);
#4742=ORIENTED_EDGE('',*,*,#2737,.T.);
#4743=ORIENTED_EDGE('',*,*,#2828,.T.);
#4744=ORIENTED_EDGE('',*,*,#2799,.T.);
#4745=ORIENTED_EDGE('',*,*,#2770,.T.);
#4746=ORIENTED_EDGE('',*,*,#2774,.T.);
#4747=ORIENTED_EDGE('',*,*,#2807,.T.);
#4748=ORIENTED_EDGE('',*,*,#2824,.T.);
#4749=ORIENTED_EDGE('',*,*,#2741,.T.);
#4750=ORIENTED_EDGE('',*,*,#2749,.T.);
#4751=ORIENTED_EDGE('',*,*,#2832,.T.);
#4752=ORIENTED_EDGE('',*,*,#2795,.T.);
#4753=ORIENTED_EDGE('',*,*,#2778,.T.);
#4754=ORIENTED_EDGE('',*,*,#2565,.T.);
#4755=ORIENTED_EDGE('',*,*,#2587,.T.);
#4756=ORIENTED_EDGE('',*,*,#2559,.T.);
#4757=ORIENTED_EDGE('',*,*,#2458,.T.);
#4758=PLANE('',#5123);
#4759=PLANE('',#5126);
#4760=PLANE('',#5137);
#4761=PLANE('',#5145);
#4762=PLANE('',#5201);
#4763=PLANE('',#5204);
#4764=PLANE('',#5207);
#4765=PLANE('',#5208);
#4766=PLANE('',#5211);
#4767=PLANE('',#5212);
#4768=PLANE('',#5232);
#4769=PLANE('',#5233);
#4770=PLANE('',#5264);
#4771=PLANE('',#5283);
#4772=PLANE('',#5287);
#4773=PLANE('',#5303);
#4774=PLANE('',#5329);
#4775=PLANE('',#5355);
#4776=PLANE('',#5381);
#4777=PLANE('',#5422);
#4778=PLANE('',#5437);
#4779=PLANE('',#5439);
#4780=PLANE('',#5440);
#4781=PLANE('',#5443);
#4782=PLANE('',#5446);
#4783=PLANE('',#5447);
#4784=PLANE('',#5459);
#4785=PLANE('',#5460);
#4786=PLANE('',#5461);
#4787=PLANE('',#5466);
#4788=PLANE('',#5470);
#4789=PLANE('',#5471);
#4790=PLANE('',#5476);
#4791=PLANE('',#5480);
#4792=PLANE('',#5481);
#4793=PLANE('',#5486);
#4794=PLANE('',#5490);
#4795=PLANE('',#5494);
#4796=PLANE('',#5495);
#4797=PLANE('',#5500);
#4798=PLANE('',#5504);
#4799=PLANE('',#5508);
#4800=PLANE('',#5512);
#4801=PLANE('',#5513);
#4802=PLANE('',#5518);
#4803=PLANE('',#5519);
#4804=PLANE('',#5520);
#4805=PLANE('',#5521);
#4806=PLANE('',#5524);
#4807=PLANE('',#5532);
#4808=PLANE('',#5534);
#4809=PLANE('',#5540);
#4810=PLANE('',#5544);
#4811=PLANE('',#5554);
#4812=PLANE('',#5561);
#4813=PLANE('',#5567);
#4814=PLANE('',#5568);
#4815=PLANE('',#5571);
#4816=PLANE('',#5574);
#4817=PLANE('',#5581);
#4818=PLANE('',#5584);
#4819=PLANE('',#5591);
#4820=PLANE('',#5594);
#4821=PLANE('',#5601);
#4822=PLANE('',#5604);
#4823=PLANE('',#5607);
#4824=PLANE('',#5608);
#4825=PLANE('',#5614);
#4826=PLANE('',#5621);
#4827=PLANE('',#5634);
#4828=PLANE('',#5641);
#4829=PLANE('',#5650);
#4830=PLANE('',#5657);
#4831=PLANE('',#5659);
#4832=PLANE('',#5660);
#4833=ADVANCED_FACE('',(#718),#4758,.T.);
#4834=ADVANCED_FACE('',(#719),#4759,.T.);
#4835=ADVANCED_FACE('',(#720),#683,.F.);
#4836=ADVANCED_FACE('',(#721),#684,.T.);
#4837=ADVANCED_FACE('',(#722),#187,.T.);
#4838=ADVANCED_FACE('',(#723),#188,.T.);
#4839=ADVANCED_FACE('',(#724),#72,.T.);
#4840=ADVANCED_FACE('',(#725),#4760,.F.);
#4841=ADVANCED_FACE('',(#726),#189,.T.);
#4842=ADVANCED_FACE('',(#727),#685,.T.);
#4843=ADVANCED_FACE('',(#728),#686,.F.);
#4844=ADVANCED_FACE('',(#729),#190,.T.);
#4845=ADVANCED_FACE('',(#730),#191,.T.);
#4846=ADVANCED_FACE('',(#731),#4761,.F.);
#4847=ADVANCED_FACE('',(#732),#192,.T.);
#4848=ADVANCED_FACE('',(#733),#73,.T.);
#4849=ADVANCED_FACE('',(#734),#74,.T.);
#4850=ADVANCED_FACE('',(#735),#75,.F.);
#4851=ADVANCED_FACE('',(#736),#76,.T.);
#4852=ADVANCED_FACE('',(#737),#77,.F.);
#4853=ADVANCED_FACE('',(#738),#78,.T.);
#4854=ADVANCED_FACE('',(#739),#79,.F.);
#4855=ADVANCED_FACE('',(#740),#80,.F.);
#4856=ADVANCED_FACE('',(#741),#81,.F.);
#4857=ADVANCED_FACE('',(#742),#82,.F.);
#4858=ADVANCED_FACE('',(#743),#83,.F.);
#4859=ADVANCED_FACE('',(#744),#84,.F.);
#4860=ADVANCED_FACE('',(#745),#4762,.T.);
#4861=ADVANCED_FACE('',(#746),#4763,.T.);
#4862=ADVANCED_FACE('',(#747),#4764,.F.);
#4863=ADVANCED_FACE('',(#748),#4765,.T.);
#4864=ADVANCED_FACE('',(#749),#4766,.F.);
#4865=ADVANCED_FACE('',(#750),#4767,.T.);
#4866=ADVANCED_FACE('',(#751),#85,.F.);
#4867=ADVANCED_FACE('',(#752),#86,.T.);
#4868=ADVANCED_FACE('',(#753),#87,.F.);
#4869=ADVANCED_FACE('',(#754),#88,.F.);
#4870=ADVANCED_FACE('',(#755),#4768,.T.);
#4871=ADVANCED_FACE('',(#756),#4769,.T.);
#4872=ADVANCED_FACE('',(#757),#89,.T.);
#4873=ADVANCED_FACE('',(#758),#90,.T.);
#4874=ADVANCED_FACE('',(#759),#91,.T.);
#4875=ADVANCED_FACE('',(#760),#193,.T.);
#4876=ADVANCED_FACE('',(#761),#687,.T.);
#4877=ADVANCED_FACE('',(#762),#688,.F.);
#4878=ADVANCED_FACE('',(#763),#194,.T.);
#4879=ADVANCED_FACE('',(#764),#92,.F.);
#4880=ADVANCED_FACE('',(#765),#93,.T.);
#4881=ADVANCED_FACE('',(#766),#689,.F.);
#4882=ADVANCED_FACE('',(#767),#195,.T.);
#4883=ADVANCED_FACE('',(#768),#690,.T.);
#4884=ADVANCED_FACE('',(#769),#196,.T.);
#4885=ADVANCED_FACE('',(#770),#197,.T.);
#4886=ADVANCED_FACE('',(#771),#4770,.F.);
#4887=ADVANCED_FACE('',(#772),#198,.T.);
#4888=ADVANCED_FACE('',(#773),#691,.T.);
#4889=ADVANCED_FACE('',(#774),#692,.F.);
#4890=ADVANCED_FACE('',(#775),#199,.T.);
#4891=ADVANCED_FACE('',(#776),#94,.F.);
#4892=ADVANCED_FACE('',(#777),#95,.T.);
#4893=ADVANCED_FACE('',(#778),#693,.F.);
#4894=ADVANCED_FACE('',(#779),#200,.T.);
#4895=ADVANCED_FACE('',(#780),#694,.T.);
#4896=ADVANCED_FACE('',(#781),#201,.T.);
#4897=ADVANCED_FACE('',(#782),#202,.T.);
#4898=ADVANCED_FACE('',(#783),#4771,.F.);
#4899=ADVANCED_FACE('',(#784),#203,.T.);
#4900=ADVANCED_FACE('',(#785),#695,.T.);
#4901=ADVANCED_FACE('',(#786),#204,.T.);
#4902=ADVANCED_FACE('',(#787),#205,.T.);
#4903=ADVANCED_FACE('',(#788),#4772,.F.);
#4904=ADVANCED_FACE('',(#789),#96,.T.);
#4905=ADVANCED_FACE('',(#790),#206,.T.);
#4906=ADVANCED_FACE('',(#791),#696,.T.);
#4907=ADVANCED_FACE('',(#792),#697,.F.);
#4908=ADVANCED_FACE('',(#793),#207,.T.);
#4909=ADVANCED_FACE('',(#794),#97,.F.);
#4910=ADVANCED_FACE('',(#795),#698,.F.);
#4911=ADVANCED_FACE('',(#796,#23,#24,#25,#26,#27),#4773,.T.);
#4912=ADVANCED_FACE('',(#797),#98,.F.);
#4913=ADVANCED_FACE('',(#798),#699,.F.);
#4914=ADVANCED_FACE('',(#799),#99,.F.);
#4915=ADVANCED_FACE('',(#800),#700,.F.);
#4916=ADVANCED_FACE('',(#801),#100,.F.);
#4917=ADVANCED_FACE('',(#802),#701,.F.);
#4918=ADVANCED_FACE('',(#803),#101,.F.);
#4919=ADVANCED_FACE('',(#804),#702,.F.);
#4920=ADVANCED_FACE('',(#805,#28,#29,#30,#31,#32),#4774,.T.);
#4921=ADVANCED_FACE('',(#806),#102,.F.);
#4922=ADVANCED_FACE('',(#807),#703,.F.);
#4923=ADVANCED_FACE('',(#808),#103,.F.);
#4924=ADVANCED_FACE('',(#809),#704,.F.);
#4925=ADVANCED_FACE('',(#810),#104,.F.);
#4926=ADVANCED_FACE('',(#811),#705,.F.);
#4927=ADVANCED_FACE('',(#812),#105,.F.);
#4928=ADVANCED_FACE('',(#813),#706,.F.);
#4929=ADVANCED_FACE('',(#814,#33,#34,#35,#36,#37),#4775,.T.);
#4930=ADVANCED_FACE('',(#815),#106,.F.);
#4931=ADVANCED_FACE('',(#816),#707,.F.);
#4932=ADVANCED_FACE('',(#817),#107,.F.);
#4933=ADVANCED_FACE('',(#818),#708,.F.);
#4934=ADVANCED_FACE('',(#819),#108,.F.);
#4935=ADVANCED_FACE('',(#820),#709,.F.);
#4936=ADVANCED_FACE('',(#821),#109,.F.);
#4937=ADVANCED_FACE('',(#822),#710,.F.);
#4938=ADVANCED_FACE('',(#823,#38,#39,#40,#41,#42),#4776,.T.);
#4939=ADVANCED_FACE('',(#824),#110,.F.);
#4940=ADVANCED_FACE('',(#825),#711,.F.);
#4941=ADVANCED_FACE('',(#826),#111,.F.);
#4942=ADVANCED_FACE('',(#827),#712,.F.);
#4943=ADVANCED_FACE('',(#828),#112,.F.);
#4944=ADVANCED_FACE('',(#829),#713,.F.);
#4945=ADVANCED_FACE('',(#830),#113,.F.);
#4946=ADVANCED_FACE('',(#831),#208,.T.);
#4947=ADVANCED_FACE('',(#832),#15,.F.);
#4948=ADVANCED_FACE('',(#833),#209,.T.);
#4949=ADVANCED_FACE('',(#834),#210,.T.);
#4950=ADVANCED_FACE('',(#835),#16,.F.);
#4951=ADVANCED_FACE('',(#836),#211,.T.);
#4952=ADVANCED_FACE('',(#837),#212,.T.);
#4953=ADVANCED_FACE('',(#838),#17,.F.);
#4954=ADVANCED_FACE('',(#839),#213,.T.);
#4955=ADVANCED_FACE('',(#840),#214,.F.);
#4956=ADVANCED_FACE('',(#841),#18,.T.);
#4957=ADVANCED_FACE('',(#842),#215,.F.);
#4958=ADVANCED_FACE('',(#843),#216,.T.);
#4959=ADVANCED_FACE('',(#844),#19,.F.);
#4960=ADVANCED_FACE('',(#845),#217,.T.);
#4961=ADVANCED_FACE('',(#846,#43),#4777,.T.);
#4962=ADVANCED_FACE('',(#847),#714,.F.);
#4963=ADVANCED_FACE('',(#848),#715,.F.);
#4964=ADVANCED_FACE('',(#849),#716,.F.);
#4965=ADVANCED_FACE('',(#850),#717,.F.);
#4966=ADVANCED_FACE('',(#851),#114,.F.);
#4967=ADVANCED_FACE('',(#852,#44),#4778,.F.);
#4968=ADVANCED_FACE('',(#853),#4779,.F.);
#4969=ADVANCED_FACE('',(#854),#4780,.F.);
#4970=ADVANCED_FACE('',(#855),#20,.T.);
#4971=ADVANCED_FACE('',(#856),#4781,.T.);
#4972=ADVANCED_FACE('',(#857),#21,.T.);
#4973=ADVANCED_FACE('',(#858),#4782,.T.);
#4974=ADVANCED_FACE('',(#859),#4783,.T.);
#4975=ADVANCED_FACE('',(#860),#115,.F.);
#4976=ADVANCED_FACE('',(#861),#116,.F.);
#4977=ADVANCED_FACE('',(#862),#117,.F.);
#4978=ADVANCED_FACE('',(#863),#118,.F.);
#4979=ADVANCED_FACE('',(#864),#119,.T.);
#4980=ADVANCED_FACE('',(#865),#120,.T.);
#4981=ADVANCED_FACE('',(#866),#121,.F.);
#4982=ADVANCED_FACE('',(#867),#218,.T.);
#4983=ADVANCED_FACE('',(#868),#4784,.F.);
#4984=ADVANCED_FACE('',(#869),#4785,.T.);
#4985=ADVANCED_FACE('',(#870),#4786,.T.);
#4986=ADVANCED_FACE('',(#871),#122,.T.);
#4987=ADVANCED_FACE('',(#872),#4787,.T.);
#4988=ADVANCED_FACE('',(#873),#123,.T.);
#4989=ADVANCED_FACE('',(#874),#4788,.T.);
#4990=ADVANCED_FACE('',(#875),#4789,.F.);
#4991=ADVANCED_FACE('',(#876),#124,.T.);
#4992=ADVANCED_FACE('',(#877,#45),#4790,.T.);
#4993=ADVANCED_FACE('',(#878),#4791,.T.);
#4994=ADVANCED_FACE('',(#879),#4792,.F.);
#4995=ADVANCED_FACE('',(#880),#125,.T.);
#4996=ADVANCED_FACE('',(#881),#4793,.T.);
#4997=ADVANCED_FACE('',(#882),#126,.T.);
#4998=ADVANCED_FACE('',(#883,#46),#4794,.T.);
#4999=ADVANCED_FACE('',(#884),#4795,.T.);
#5000=ADVANCED_FACE('',(#885),#4796,.F.);
#5001=ADVANCED_FACE('',(#886),#127,.T.);
#5002=ADVANCED_FACE('',(#887),#4797,.T.);
#5003=ADVANCED_FACE('',(#888),#128,.T.);
#5004=ADVANCED_FACE('',(#889,#47),#4798,.T.);
#5005=ADVANCED_FACE('',(#890),#4799,.T.);
#5006=ADVANCED_FACE('',(#891),#129,.T.);
#5007=ADVANCED_FACE('',(#892),#4800,.T.);
#5008=ADVANCED_FACE('',(#893),#4801,.F.);
#5009=ADVANCED_FACE('',(#894),#130,.T.);
#5010=ADVANCED_FACE('',(#895),#4802,.T.);
#5011=ADVANCED_FACE('',(#896),#4803,.T.);
#5012=ADVANCED_FACE('',(#897),#4804,.T.);
#5013=ADVANCED_FACE('',(#898,#48),#4805,.T.);
#5014=ADVANCED_FACE('',(#899),#4806,.F.);
#5015=ADVANCED_FACE('',(#900),#219,.T.);
#5016=ADVANCED_FACE('',(#901),#131,.F.);
#5017=ADVANCED_FACE('',(#902),#132,.T.);
#5018=ADVANCED_FACE('',(#903),#220,.F.);
#5019=ADVANCED_FACE('',(#904),#133,.T.);
#5020=ADVANCED_FACE('',(#905),#134,.F.);
#5021=ADVANCED_FACE('',(#906),#221,.F.);
#5022=ADVANCED_FACE('',(#907),#222,.T.);
#5023=ADVANCED_FACE('',(#908),#4807,.F.);
#5024=ADVANCED_FACE('',(#909),#223,.T.);
#5025=ADVANCED_FACE('',(#910),#4808,.F.);
#5026=ADVANCED_FACE('',(#911),#224,.T.);
#5027=ADVANCED_FACE('',(#912),#135,.F.);
#5028=ADVANCED_FACE('',(#913),#136,.T.);
#5029=ADVANCED_FACE('',(#914),#225,.F.);
#5030=ADVANCED_FACE('',(#915),#137,.T.);
#5031=ADVANCED_FACE('',(#916),#138,.F.);
#5032=ADVANCED_FACE('',(#917),#226,.F.);
#5033=ADVANCED_FACE('',(#918),#4809,.F.);
#5034=ADVANCED_FACE('',(#919),#227,.T.);
#5035=ADVANCED_FACE('',(#920),#139,.F.);
#5036=ADVANCED_FACE('',(#921),#140,.F.);
#5037=ADVANCED_FACE('',(#922),#4810,.T.);
#5038=ADVANCED_FACE('',(#923),#141,.T.);
#5039=ADVANCED_FACE('',(#924),#142,.T.);
#5040=ADVANCED_FACE('',(#925),#143,.F.);
#5041=ADVANCED_FACE('',(#926),#144,.F.);
#5042=ADVANCED_FACE('',(#927),#145,.F.);
#5043=ADVANCED_FACE('',(#928),#4811,.T.);
#5044=ADVANCED_FACE('',(#929),#146,.F.);
#5045=ADVANCED_FACE('',(#930),#147,.T.);
#5046=ADVANCED_FACE('',(#931),#148,.F.);
#5047=ADVANCED_FACE('',(#932),#4812,.T.);
#5048=ADVANCED_FACE('',(#933),#149,.F.);
#5049=ADVANCED_FACE('',(#934),#150,.T.);
#5050=ADVANCED_FACE('',(#935),#4813,.T.);
#5051=ADVANCED_FACE('',(#936),#4814,.T.);
#5052=ADVANCED_FACE('',(#937),#151,.F.);
#5053=ADVANCED_FACE('',(#938),#4815,.T.);
#5054=ADVANCED_FACE('',(#939),#152,.F.);
#5055=ADVANCED_FACE('',(#940),#4816,.T.);
#5056=ADVANCED_FACE('',(#941),#153,.F.);
#5057=ADVANCED_FACE('',(#942),#154,.T.);
#5058=ADVANCED_FACE('',(#943),#155,.F.);
#5059=ADVANCED_FACE('',(#944),#4817,.T.);
#5060=ADVANCED_FACE('',(#945),#156,.F.);
#5061=ADVANCED_FACE('',(#946),#4818,.T.);
#5062=ADVANCED_FACE('',(#947),#157,.F.);
#5063=ADVANCED_FACE('',(#948),#158,.T.);
#5064=ADVANCED_FACE('',(#949),#159,.F.);
#5065=ADVANCED_FACE('',(#950),#4819,.T.);
#5066=ADVANCED_FACE('',(#951),#160,.F.);
#5067=ADVANCED_FACE('',(#952),#4820,.T.);
#5068=ADVANCED_FACE('',(#953),#161,.F.);
#5069=ADVANCED_FACE('',(#954),#162,.T.);
#5070=ADVANCED_FACE('',(#955),#163,.F.);
#5071=ADVANCED_FACE('',(#956),#4821,.T.);
#5072=ADVANCED_FACE('',(#957),#164,.F.);
#5073=ADVANCED_FACE('',(#958),#4822,.T.);
#5074=ADVANCED_FACE('',(#959),#165,.F.);
#5075=ADVANCED_FACE('',(#960),#4823,.T.);
#5076=ADVANCED_FACE('',(#961),#4824,.T.);
#5077=ADVANCED_FACE('',(#962),#166,.T.);
#5078=ADVANCED_FACE('',(#963),#167,.F.);
#5079=ADVANCED_FACE('',(#964),#4825,.T.);
#5080=ADVANCED_FACE('',(#965),#168,.F.);
#5081=ADVANCED_FACE('',(#966),#169,.T.);
#5082=ADVANCED_FACE('',(#967),#170,.F.);
#5083=ADVANCED_FACE('',(#968),#4826,.T.);
#5084=ADVANCED_FACE('',(#969),#171,.F.);
#5085=ADVANCED_FACE('',(#970),#172,.T.);
#5086=ADVANCED_FACE('',(#971),#173,.F.);
#5087=ADVANCED_FACE('',(#972),#174,.F.);
#5088=ADVANCED_FACE('',(#973),#175,.F.);
#5089=ADVANCED_FACE('',(#974),#176,.F.);
#5090=ADVANCED_FACE('',(#975),#4827,.T.);
#5091=ADVANCED_FACE('',(#976),#177,.F.);
#5092=ADVANCED_FACE('',(#977),#178,.T.);
#5093=ADVANCED_FACE('',(#978),#179,.F.);
#5094=ADVANCED_FACE('',(#979),#4828,.T.);
#5095=ADVANCED_FACE('',(#980),#180,.F.);
#5096=ADVANCED_FACE('',(#981),#181,.F.);
#5097=ADVANCED_FACE('',(#982),#182,.F.);
#5098=ADVANCED_FACE('',(#983),#183,.F.);
#5099=ADVANCED_FACE('',(#984),#228,.F.);
#5100=ADVANCED_FACE('',(#985),#4829,.T.);
#5101=ADVANCED_FACE('',(#986),#184,.F.);
#5102=ADVANCED_FACE('',(#987),#185,.T.);
#5103=ADVANCED_FACE('',(#988),#186,.F.);
#5104=ADVANCED_FACE('',(#989),#4830,.T.);
#5105=ADVANCED_FACE('',(#990),#229,.F.);
#5106=ADVANCED_FACE('',(#991),#22,.T.);
#5107=ADVANCED_FACE('',(#992,#49,#50,#51,#52,#53,#54,#55,#56,#57,#58,#59,
#60,#61,#62,#63,#64,#65,#66,#67,#68,#69,#70,#71),#4831,.F.);
#5108=ADVANCED_FACE('',(#993),#4832,.F.);
#5109=CLOSED_SHELL('',(#4833,#4834,#4835,#4836,#4837,#4838,#4839,#4840,
#4841,#4842,#4843,#4844,#4845,#4846,#4847,#4848,#4849,#4850,#4851,#4852,
#4853,#4854,#4855,#4856,#4857,#4858,#4859,#4860,#4861,#4862,#4863,#4864,
#4865,#4866,#4867,#4868,#4869,#4870,#4871,#4872,#4873,#4874,#4875,#4876,
#4877,#4878,#4879,#4880,#4881,#4882,#4883,#4884,#4885,#4886,#4887,#4888,
#4889,#4890,#4891,#4892,#4893,#4894,#4895,#4896,#4897,#4898,#4899,#4900,
#4901,#4902,#4903,#4904,#4905,#4906,#4907,#4908,#4909,#4910,#4911,#4912,
#4913,#4914,#4915,#4916,#4917,#4918,#4919,#4920,#4921,#4922,#4923,#4924,
#4925,#4926,#4927,#4928,#4929,#4930,#4931,#4932,#4933,#4934,#4935,#4936,
#4937,#4938,#4939,#4940,#4941,#4942,#4943,#4944,#4945,#4946,#4947,#4948,
#4949,#4950,#4951,#4952,#4953,#4954,#4955,#4956,#4957,#4958,#4959,#4960,
#4961,#4962,#4963,#4964,#4965,#4966,#4967,#4968,#4969,#4970,#4971,#4972,
#4973,#4974,#4975,#4976,#4977,#4978,#4979,#4980,#4981,#4982,#4983,#4984,
#4985,#4986,#4987,#4988,#4989,#4990,#4991,#4992,#4993,#4994,#4995,#4996,
#4997,#4998,#4999,#5000,#5001,#5002,#5003,#5004,#5005,#5006,#5007,#5008,
#5009,#5010,#5011,#5012,#5013,#5014,#5015,#5016,#5017,#5018,#5019,#5020,
#5021,#5022,#5023,#5024,#5025,#5026,#5027,#5028,#5029,#5030,#5031,#5032,
#5033,#5034,#5035,#5036,#5037,#5038,#5039,#5040,#5041,#5042,#5043,#5044,
#5045,#5046,#5047,#5048,#5049,#5050,#5051,#5052,#5053,#5054,#5055,#5056,
#5057,#5058,#5059,#5060,#5061,#5062,#5063,#5064,#5065,#5066,#5067,#5068,
#5069,#5070,#5071,#5072,#5073,#5074,#5075,#5076,#5077,#5078,#5079,#5080,
#5081,#5082,#5083,#5084,#5085,#5086,#5087,#5088,#5089,#5090,#5091,#5092,
#5093,#5094,#5095,#5096,#5097,#5098,#5099,#5100,#5101,#5102,#5103,#5104,
#5105,#5106,#5107,#5108));
#5110=DERIVED_UNIT_ELEMENT(#5112,1.);
#5111=DERIVED_UNIT_ELEMENT(#11579,-3.);
#5112=(
MASS_UNIT()
NAMED_UNIT(*)
SI_UNIT(.KILO.,.GRAM.)
);
#5113=DERIVED_UNIT((#5110,#5111));
#5114=MEASURE_REPRESENTATION_ITEM('density measure',
POSITIVE_RATIO_MEASURE(7850.),#5113);
#5115=PROPERTY_DEFINITION_REPRESENTATION(#5120,#5117);
#5116=PROPERTY_DEFINITION_REPRESENTATION(#5121,#5118);
#5117=REPRESENTATION('material name',(#5119),#11576);
#5118=REPRESENTATION('density',(#5114),#11576);
#5119=DESCRIPTIVE_REPRESENTATION_ITEM('Steel','Steel');
#5120=PROPERTY_DEFINITION('material property','material name',#11586);
#5121=PROPERTY_DEFINITION('material property','density of part',#11586);
#5122=AXIS2_PLACEMENT_3D('',#7026,#5661,#5662);
#5123=AXIS2_PLACEMENT_3D('',#7027,#5663,#5664);
#5124=AXIS2_PLACEMENT_3D('',#7030,#5665,#5666);
#5125=AXIS2_PLACEMENT_3D('',#7034,#5668,#5669);
#5126=AXIS2_PLACEMENT_3D('',#7036,#5671,#5672);
#5127=AXIS2_PLACEMENT_3D('',#7039,#5673,#5674);
#5128=AXIS2_PLACEMENT_3D('',#7043,#5676,#5677);
#5129=AXIS2_PLACEMENT_3D('',#7045,#5679,#5680);
#5130=AXIS2_PLACEMENT_3D('',#7055,#5681,#5682);
#5131=AXIS2_PLACEMENT_3D('',#7058,#5684,#5685);
#5132=AXIS2_PLACEMENT_3D('',#7059,#5686,#5687);
#5133=AXIS2_PLACEMENT_3D('',#7063,#5689,#5690);
#5134=AXIS2_PLACEMENT_3D('',#7064,#5691,#5692);
#5135=AXIS2_PLACEMENT_3D('',#7137,#5694,#5695);
#5136=AXIS2_PLACEMENT_3D('',#7213,#5700,#5701);
#5137=AXIS2_PLACEMENT_3D('',#7238,#5704,#5705);
#5138=AXIS2_PLACEMENT_3D('',#7240,#5706,#5707);
#5139=AXIS2_PLACEMENT_3D('',#7296,#5709,#5710);
#5140=AXIS2_PLACEMENT_3D('',#7301,#5712,#5713);
#5141=AXIS2_PLACEMENT_3D('',#7304,#5715,#5716);
#5142=AXIS2_PLACEMENT_3D('',#7305,#5717,#5718);
#5143=AXIS2_PLACEMENT_3D('',#7306,#5719,#5720);
#5144=AXIS2_PLACEMENT_3D('',#7307,#5721,#5722);
#5145=AXIS2_PLACEMENT_3D('',#7357,#5723,#5724);
#5146=AXIS2_PLACEMENT_3D('',#7367,#5725,#5726);
#5147=AXIS2_PLACEMENT_3D('',#7462,#5727,#5728);
#5148=AXIS2_PLACEMENT_3D('',#7469,#5729,#5730);
#5149=AXIS2_PLACEMENT_3D('',#7471,#5731,#5732);
#5150=AXIS2_PLACEMENT_3D('',#7474,#5734,#5735);
#5151=AXIS2_PLACEMENT_3D('',#7475,#5736,#5737);
#5152=AXIS2_PLACEMENT_3D('',#7477,#5738,#5739);
#5153=AXIS2_PLACEMENT_3D('',#7486,#5741,#5742);
#5154=AXIS2_PLACEMENT_3D('',#7487,#5743,#5744);
#5155=AXIS2_PLACEMENT_3D('',#7488,#5745,#5746);
#5156=AXIS2_PLACEMENT_3D('',#7490,#5747,#5748);
#5157=AXIS2_PLACEMENT_3D('',#7493,#5750,#5751);
#5158=AXIS2_PLACEMENT_3D('',#7494,#5752,#5753);
#5159=AXIS2_PLACEMENT_3D('',#7497,#5754,#5755);
#5160=AXIS2_PLACEMENT_3D('',#7498,#5756,#5757);
#5161=AXIS2_PLACEMENT_3D('',#7499,#5758,#5759);
#5162=AXIS2_PLACEMENT_3D('',#7501,#5760,#5761);
#5163=AXIS2_PLACEMENT_3D('',#7504,#5763,#5764);
#5164=AXIS2_PLACEMENT_3D('',#7505,#5765,#5766);
#5165=AXIS2_PLACEMENT_3D('',#7508,#5767,#5768);
#5166=AXIS2_PLACEMENT_3D('',#7509,#5769,#5770);
#5167=AXIS2_PLACEMENT_3D('',#7510,#5771,#5772);
#5168=AXIS2_PLACEMENT_3D('',#7512,#5773,#5774);
#5169=AXIS2_PLACEMENT_3D('',#7515,#5776,#5777);
#5170=AXIS2_PLACEMENT_3D('',#7516,#5778,#5779);
#5171=AXIS2_PLACEMENT_3D('',#7518,#5780,#5781);
#5172=AXIS2_PLACEMENT_3D('',#7521,#5783,#5784);
#5173=AXIS2_PLACEMENT_3D('',#7522,#5785,#5786);
#5174=AXIS2_PLACEMENT_3D('',#7525,#5787,#5788);
#5175=AXIS2_PLACEMENT_3D('',#7529,#5790,#5791);
#5176=AXIS2_PLACEMENT_3D('',#7533,#5793,#5794);
#5177=AXIS2_PLACEMENT_3D('',#7537,#5796,#5797);
#5178=AXIS2_PLACEMENT_3D('',#7539,#5798,#5799);
#5179=AXIS2_PLACEMENT_3D('',#7541,#5800,#5801);
#5180=AXIS2_PLACEMENT_3D('',#7543,#5803,#5804);
#5181=AXIS2_PLACEMENT_3D('',#7546,#5805,#5806);
#5182=AXIS2_PLACEMENT_3D('',#7550,#5808,#5809);
#5183=AXIS2_PLACEMENT_3D('',#7552,#5810,#5811);
#5184=AXIS2_PLACEMENT_3D('',#7554,#5812,#5813);
#5185=AXIS2_PLACEMENT_3D('',#7558,#5815,#5816);
#5186=AXIS2_PLACEMENT_3D('',#7562,#5818,#5819);
#5187=AXIS2_PLACEMENT_3D('',#7564,#5821,#5822);
#5188=AXIS2_PLACEMENT_3D('',#7567,#5823,#5824);
#5189=AXIS2_PLACEMENT_3D('',#7571,#5826,#5827);
#5190=AXIS2_PLACEMENT_3D('',#7573,#5828,#5829);
#5191=AXIS2_PLACEMENT_3D('',#7575,#5830,#5831);
#5192=AXIS2_PLACEMENT_3D('',#7579,#5833,#5834);
#5193=AXIS2_PLACEMENT_3D('',#7583,#5836,#5837);
#5194=AXIS2_PLACEMENT_3D('',#7585,#5839,#5840);
#5195=AXIS2_PLACEMENT_3D('',#7588,#5841,#5842);
#5196=AXIS2_PLACEMENT_3D('',#7592,#5844,#5845);
#5197=AXIS2_PLACEMENT_3D('',#7596,#5847,#5848);
#5198=AXIS2_PLACEMENT_3D('',#7600,#5850,#5851);
#5199=AXIS2_PLACEMENT_3D('',#7602,#5852,#5853);
#5200=AXIS2_PLACEMENT_3D('',#7604,#5854,#5855);
#5201=AXIS2_PLACEMENT_3D('',#7606,#5857,#5858);
#5202=AXIS2_PLACEMENT_3D('',#7610,#5860,#5861);
#5203=AXIS2_PLACEMENT_3D('',#7614,#5863,#5864);
#5204=AXIS2_PLACEMENT_3D('',#7616,#5866,#5867);
#5205=AXIS2_PLACEMENT_3D('',#7620,#5869,#5870);
#5206=AXIS2_PLACEMENT_3D('',#7624,#5872,#5873);
#5207=AXIS2_PLACEMENT_3D('',#7626,#5875,#5876);
#5208=AXIS2_PLACEMENT_3D('',#7630,#5879,#5880);
#5209=AXIS2_PLACEMENT_3D('',#7634,#5882,#5883);
#5210=AXIS2_PLACEMENT_3D('',#7635,#5884,#5885);
#5211=AXIS2_PLACEMENT_3D('',#7636,#5886,#5887);
#5212=AXIS2_PLACEMENT_3D('',#7640,#5890,#5891);
#5213=AXIS2_PLACEMENT_3D('',#7642,#5892,#5893);
#5214=AXIS2_PLACEMENT_3D('',#7644,#5894,#5895);
#5215=AXIS2_PLACEMENT_3D('',#7646,#5897,#5898);
#5216=AXIS2_PLACEMENT_3D('',#7650,#5900,#5901);
#5217=AXIS2_PLACEMENT_3D('',#7652,#5902,#5903);
#5218=AXIS2_PLACEMENT_3D('',#7654,#5904,#5905);
#5219=AXIS2_PLACEMENT_3D('',#7656,#5907,#5908);
#5220=AXIS2_PLACEMENT_3D('',#7678,#5909,#5910);
#5221=AXIS2_PLACEMENT_3D('',#7701,#5912,#5913);
#5222=AXIS2_PLACEMENT_3D('',#7703,#5914,#5915);
#5223=AXIS2_PLACEMENT_3D('',#7705,#5917,#5918);
#5224=AXIS2_PLACEMENT_3D('',#7709,#5920,#5921);
#5225=AXIS2_PLACEMENT_3D('',#7710,#5922,#5923);
#5226=AXIS2_PLACEMENT_3D('',#7711,#5924,#5925);
#5227=AXIS2_PLACEMENT_3D('',#7712,#5926,#5927);
#5228=AXIS2_PLACEMENT_3D('',#7727,#5930,#5931);
#5229=AXIS2_PLACEMENT_3D('',#7731,#5933,#5934);
#5230=AXIS2_PLACEMENT_3D('',#7733,#5935,#5936);
#5231=AXIS2_PLACEMENT_3D('',#7734,#5937,#5938);
#5232=AXIS2_PLACEMENT_3D('',#7735,#5939,#5940);
#5233=AXIS2_PLACEMENT_3D('',#7741,#5944,#5945);
#5234=AXIS2_PLACEMENT_3D('',#7742,#5946,#5947);
#5235=AXIS2_PLACEMENT_3D('',#7743,#5948,#5949);
#5236=AXIS2_PLACEMENT_3D('',#7744,#5950,#5951);
#5237=AXIS2_PLACEMENT_3D('',#7754,#5953,#5954);
#5238=AXIS2_PLACEMENT_3D('',#7756,#5955,#5956);
#5239=AXIS2_PLACEMENT_3D('',#7758,#5957,#5958);
#5240=AXIS2_PLACEMENT_3D('',#7766,#5960,#5961);
#5241=AXIS2_PLACEMENT_3D('',#7767,#5962,#5963);
#5242=AXIS2_PLACEMENT_3D('',#7772,#5965,#5966);
#5243=AXIS2_PLACEMENT_3D('',#7781,#5968,#5969);
#5244=AXIS2_PLACEMENT_3D('',#7783,#5970,#5971);
#5245=AXIS2_PLACEMENT_3D('',#7785,#5972,#5973);
#5246=AXIS2_PLACEMENT_3D('',#7840,#5974,#5975);
#5247=AXIS2_PLACEMENT_3D('',#7842,#5976,#5977);
#5248=AXIS2_PLACEMENT_3D('',#7845,#5979,#5980);
#5249=AXIS2_PLACEMENT_3D('',#7846,#5981,#5982);
#5250=AXIS2_PLACEMENT_3D('',#7847,#5983,#5984);
#5251=AXIS2_PLACEMENT_3D('',#7849,#5985,#5986);
#5252=AXIS2_PLACEMENT_3D('',#7878,#5987,#5988);
#5253=AXIS2_PLACEMENT_3D('',#7882,#5990,#5991);
#5254=AXIS2_PLACEMENT_3D('',#7907,#5993,#5994);
#5255=AXIS2_PLACEMENT_3D('',#7908,#5995,#5996);
#5256=AXIS2_PLACEMENT_3D('',#7910,#5997,#5998);
#5257=AXIS2_PLACEMENT_3D('',#7913,#6000,#6001);
#5258=AXIS2_PLACEMENT_3D('',#7914,#6002,#6003);
#5259=AXIS2_PLACEMENT_3D('',#7916,#6004,#6005);
#5260=AXIS2_PLACEMENT_3D('',#7920,#6007,#6008);
#5261=AXIS2_PLACEMENT_3D('',#7986,#6009,#6010);
#5262=AXIS2_PLACEMENT_3D('',#7987,#6011,#6012);
#5263=AXIS2_PLACEMENT_3D('',#8087,#6013,#6014);
#5264=AXIS2_PLACEMENT_3D('',#8092,#6015,#6016);
#5265=AXIS2_PLACEMENT_3D('',#8143,#6017,#6018);
#5266=AXIS2_PLACEMENT_3D('',#8145,#6019,#6020);
#5267=AXIS2_PLACEMENT_3D('',#8148,#6022,#6023);
#5268=AXIS2_PLACEMENT_3D('',#8149,#6024,#6025);
#5269=AXIS2_PLACEMENT_3D('',#8150,#6026,#6027);
#5270=AXIS2_PLACEMENT_3D('',#8152,#6028,#6029);
#5271=AXIS2_PLACEMENT_3D('',#8181,#6030,#6031);
#5272=AXIS2_PLACEMENT_3D('',#8185,#6033,#6034);
#5273=AXIS2_PLACEMENT_3D('',#8210,#6036,#6037);
#5274=AXIS2_PLACEMENT_3D('',#8211,#6038,#6039);
#5275=AXIS2_PLACEMENT_3D('',#8213,#6040,#6041);
#5276=AXIS2_PLACEMENT_3D('',#8216,#6043,#6044);
#5277=AXIS2_PLACEMENT_3D('',#8217,#6045,#6046);
#5278=AXIS2_PLACEMENT_3D('',#8219,#6047,#6048);
#5279=AXIS2_PLACEMENT_3D('',#8223,#6050,#6051);
#5280=AXIS2_PLACEMENT_3D('',#8289,#6052,#6053);
#5281=AXIS2_PLACEMENT_3D('',#8290,#6054,#6055);
#5282=AXIS2_PLACEMENT_3D('',#8390,#6056,#6057);
#5283=AXIS2_PLACEMENT_3D('',#8395,#6058,#6059);
#5284=AXIS2_PLACEMENT_3D('',#8435,#6061,#6062);
#5285=AXIS2_PLACEMENT_3D('',#8443,#6063,#6064);
#5286=AXIS2_PLACEMENT_3D('',#8446,#6066,#6067);
#5287=AXIS2_PLACEMENT_3D('',#8495,#6068,#6069);
#5288=AXIS2_PLACEMENT_3D('',#8496,#6070,#6071);
#5289=AXIS2_PLACEMENT_3D('',#8497,#6072,#6073);
#5290=AXIS2_PLACEMENT_3D('',#8501,#6075,#6076);
#5291=AXIS2_PLACEMENT_3D('',#8504,#6078,#6079);
#5292=AXIS2_PLACEMENT_3D('',#8505,#6080,#6081);
#5293=AXIS2_PLACEMENT_3D('',#8556,#6082,#6083);
#5294=AXIS2_PLACEMENT_3D('',#8559,#6085,#6086);
#5295=AXIS2_PLACEMENT_3D('',#8560,#6087,#6088);
#5296=AXIS2_PLACEMENT_3D('',#8561,#6089,#6090);
#5297=AXIS2_PLACEMENT_3D('',#8563,#6091,#6092);
#5298=AXIS2_PLACEMENT_3D('',#8592,#6093,#6094);
#5299=AXIS2_PLACEMENT_3D('',#8594,#6095,#6096);
#5300=AXIS2_PLACEMENT_3D('',#8619,#6098,#6099);
#5301=AXIS2_PLACEMENT_3D('',#8621,#6100,#6101);
#5302=AXIS2_PLACEMENT_3D('',#8624,#6103,#6104);
#5303=AXIS2_PLACEMENT_3D('',#8625,#6105,#6106);
#5304=AXIS2_PLACEMENT_3D('',#8636,#6108,#6109);
#5305=AXIS2_PLACEMENT_3D('',#8646,#6111,#6112);
#5306=AXIS2_PLACEMENT_3D('',#8648,#6113,#6114);
#5307=AXIS2_PLACEMENT_3D('',#8649,#6115,#6116);
#5308=AXIS2_PLACEMENT_3D('',#8651,#6117,#6118);
#5309=AXIS2_PLACEMENT_3D('',#8653,#6119,#6120);
#5310=AXIS2_PLACEMENT_3D('',#8655,#6121,#6122);
#5311=AXIS2_PLACEMENT_3D('',#8657,#6123,#6124);
#5312=AXIS2_PLACEMENT_3D('',#8658,#6125,#6126);
#5313=AXIS2_PLACEMENT_3D('',#8660,#6127,#6128);
#5314=AXIS2_PLACEMENT_3D('',#8662,#6130,#6131);
#5315=AXIS2_PLACEMENT_3D('',#8665,#6133,#6134);
#5316=AXIS2_PLACEMENT_3D('',#8666,#6135,#6136);
#5317=AXIS2_PLACEMENT_3D('',#8668,#6137,#6138);
#5318=AXIS2_PLACEMENT_3D('',#8670,#6140,#6141);
#5319=AXIS2_PLACEMENT_3D('',#8673,#6143,#6144);
#5320=AXIS2_PLACEMENT_3D('',#8674,#6145,#6146);
#5321=AXIS2_PLACEMENT_3D('',#8676,#6147,#6148);
#5322=AXIS2_PLACEMENT_3D('',#8678,#6150,#6151);
#5323=AXIS2_PLACEMENT_3D('',#8681,#6153,#6154);
#5324=AXIS2_PLACEMENT_3D('',#8682,#6155,#6156);
#5325=AXIS2_PLACEMENT_3D('',#8684,#6157,#6158);
#5326=AXIS2_PLACEMENT_3D('',#8686,#6160,#6161);
#5327=AXIS2_PLACEMENT_3D('',#8688,#6162,#6163);
#5328=AXIS2_PLACEMENT_3D('',#8691,#6165,#6166);
#5329=AXIS2_PLACEMENT_3D('',#8692,#6167,#6168);
#5330=AXIS2_PLACEMENT_3D('',#8703,#6170,#6171);
#5331=AXIS2_PLACEMENT_3D('',#8713,#6173,#6174);
#5332=AXIS2_PLACEMENT_3D('',#8715,#6175,#6176);
#5333=AXIS2_PLACEMENT_3D('',#8716,#6177,#6178);
#5334=AXIS2_PLACEMENT_3D('',#8718,#6179,#6180);
#5335=AXIS2_PLACEMENT_3D('',#8720,#6181,#6182);
#5336=AXIS2_PLACEMENT_3D('',#8722,#6183,#6184);
#5337=AXIS2_PLACEMENT_3D('',#8724,#6185,#6186);
#5338=AXIS2_PLACEMENT_3D('',#8725,#6187,#6188);
#5339=AXIS2_PLACEMENT_3D('',#8727,#6189,#6190);
#5340=AXIS2_PLACEMENT_3D('',#8729,#6192,#6193);
#5341=AXIS2_PLACEMENT_3D('',#8732,#6195,#6196);
#5342=AXIS2_PLACEMENT_3D('',#8733,#6197,#6198);
#5343=AXIS2_PLACEMENT_3D('',#8735,#6199,#6200);
#5344=AXIS2_PLACEMENT_3D('',#8737,#6202,#6203);
#5345=AXIS2_PLACEMENT_3D('',#8740,#6205,#6206);
#5346=AXIS2_PLACEMENT_3D('',#8741,#6207,#6208);
#5347=AXIS2_PLACEMENT_3D('',#8743,#6209,#6210);
#5348=AXIS2_PLACEMENT_3D('',#8745,#6212,#6213);
#5349=AXIS2_PLACEMENT_3D('',#8748,#6215,#6216);
#5350=AXIS2_PLACEMENT_3D('',#8749,#6217,#6218);
#5351=AXIS2_PLACEMENT_3D('',#8751,#6219,#6220);
#5352=AXIS2_PLACEMENT_3D('',#8753,#6222,#6223);
#5353=AXIS2_PLACEMENT_3D('',#8755,#6224,#6225);
#5354=AXIS2_PLACEMENT_3D('',#8758,#6227,#6228);
#5355=AXIS2_PLACEMENT_3D('',#8759,#6229,#6230);
#5356=AXIS2_PLACEMENT_3D('',#8770,#6232,#6233);
#5357=AXIS2_PLACEMENT_3D('',#8780,#6235,#6236);
#5358=AXIS2_PLACEMENT_3D('',#8782,#6237,#6238);
#5359=AXIS2_PLACEMENT_3D('',#8783,#6239,#6240);
#5360=AXIS2_PLACEMENT_3D('',#8785,#6241,#6242);
#5361=AXIS2_PLACEMENT_3D('',#8787,#6243,#6244);
#5362=AXIS2_PLACEMENT_3D('',#8789,#6245,#6246);
#5363=AXIS2_PLACEMENT_3D('',#8791,#6247,#6248);
#5364=AXIS2_PLACEMENT_3D('',#8792,#6249,#6250);
#5365=AXIS2_PLACEMENT_3D('',#8794,#6251,#6252);
#5366=AXIS2_PLACEMENT_3D('',#8796,#6254,#6255);
#5367=AXIS2_PLACEMENT_3D('',#8799,#6257,#6258);
#5368=AXIS2_PLACEMENT_3D('',#8800,#6259,#6260);
#5369=AXIS2_PLACEMENT_3D('',#8802,#6261,#6262);
#5370=AXIS2_PLACEMENT_3D('',#8804,#6264,#6265);
#5371=AXIS2_PLACEMENT_3D('',#8807,#6267,#6268);
#5372=AXIS2_PLACEMENT_3D('',#8808,#6269,#6270);
#5373=AXIS2_PLACEMENT_3D('',#8810,#6271,#6272);
#5374=AXIS2_PLACEMENT_3D('',#8812,#6274,#6275);
#5375=AXIS2_PLACEMENT_3D('',#8815,#6277,#6278);
#5376=AXIS2_PLACEMENT_3D('',#8816,#6279,#6280);
#5377=AXIS2_PLACEMENT_3D('',#8818,#6281,#6282);
#5378=AXIS2_PLACEMENT_3D('',#8820,#6284,#6285);
#5379=AXIS2_PLACEMENT_3D('',#8822,#6286,#6287);
#5380=AXIS2_PLACEMENT_3D('',#8825,#6289,#6290);
#5381=AXIS2_PLACEMENT_3D('',#8826,#6291,#6292);
#5382=AXIS2_PLACEMENT_3D('',#8831,#6294,#6295);
#5383=AXIS2_PLACEMENT_3D('',#8833,#6296,#6297);
#5384=AXIS2_PLACEMENT_3D('',#8835,#6298,#6299);
#5385=AXIS2_PLACEMENT_3D('',#8845,#6301,#6302);
#5386=AXIS2_PLACEMENT_3D('',#8852,#6303,#6304);
#5387=AXIS2_PLACEMENT_3D('',#8854,#6305,#6306);
#5388=AXIS2_PLACEMENT_3D('',#8856,#6307,#6308);
#5389=AXIS2_PLACEMENT_3D('',#8858,#6309,#6310);
#5390=AXIS2_PLACEMENT_3D('',#8859,#6311,#6312);
#5391=AXIS2_PLACEMENT_3D('',#8861,#6313,#6314);
#5392=AXIS2_PLACEMENT_3D('',#8863,#6316,#6317);
#5393=AXIS2_PLACEMENT_3D('',#8866,#6319,#6320);
#5394=AXIS2_PLACEMENT_3D('',#8867,#6321,#6322);
#5395=AXIS2_PLACEMENT_3D('',#8869,#6323,#6324);
#5396=AXIS2_PLACEMENT_3D('',#8871,#6326,#6327);
#5397=AXIS2_PLACEMENT_3D('',#8874,#6329,#6330);
#5398=AXIS2_PLACEMENT_3D('',#8875,#6331,#6332);
#5399=AXIS2_PLACEMENT_3D('',#8877,#6333,#6334);
#5400=AXIS2_PLACEMENT_3D('',#8879,#6336,#6337);
#5401=AXIS2_PLACEMENT_3D('',#8882,#6339,#6340);
#5402=AXIS2_PLACEMENT_3D('',#8883,#6341,#6342);
#5403=AXIS2_PLACEMENT_3D('',#8885,#6343,#6344);
#5404=AXIS2_PLACEMENT_3D('',#8977,#6346,#6347);
#5405=AXIS2_PLACEMENT_3D('',#8984,#6348,#6349);
#5406=AXIS2_PLACEMENT_3D('',#8986,#6350,#6351);
#5407=AXIS2_PLACEMENT_3D('',#8987,#6352,#6353);
#5408=AXIS2_PLACEMENT_3D('',#9176,#6354,#6355);
#5409=AXIS2_PLACEMENT_3D('',#9183,#6356,#6357);
#5410=AXIS2_PLACEMENT_3D('',#9185,#6358,#6359);
#5411=AXIS2_PLACEMENT_3D('',#9186,#6360,#6361);
#5412=AXIS2_PLACEMENT_3D('',#9384,#6362,#6363);
#5413=AXIS2_PLACEMENT_3D('',#9385,#6364,#6365);
#5414=AXIS2_PLACEMENT_3D('',#9387,#6366,#6367);
#5415=AXIS2_PLACEMENT_3D('',#9388,#6368,#6369);
#5416=AXIS2_PLACEMENT_3D('',#9576,#6370,#6371);
#5417=AXIS2_PLACEMENT_3D('',#9599,#6372,#6373);
#5418=AXIS2_PLACEMENT_3D('',#9773,#6374,#6375);
#5419=AXIS2_PLACEMENT_3D('',#9780,#6376,#6377);
#5420=AXIS2_PLACEMENT_3D('',#9782,#6378,#6379);
#5421=AXIS2_PLACEMENT_3D('',#9783,#6380,#6381);
#5422=AXIS2_PLACEMENT_3D('',#9882,#6382,#6383);
#5423=AXIS2_PLACEMENT_3D('',#9885,#6384,#6385);
#5424=AXIS2_PLACEMENT_3D('',#9887,#6386,#6387);
#5425=AXIS2_PLACEMENT_3D('',#9889,#6388,#6389);
#5426=AXIS2_PLACEMENT_3D('',#9891,#6390,#6391);
#5427=AXIS2_PLACEMENT_3D('',#9893,#6392,#6393);
#5428=AXIS2_PLACEMENT_3D('',#9895,#6394,#6395);
#5429=AXIS2_PLACEMENT_3D('',#9897,#6396,#6397);
#5430=AXIS2_PLACEMENT_3D('',#9898,#6398,#6399);
#5431=AXIS2_PLACEMENT_3D('',#9899,#6400,#6401);
#5432=AXIS2_PLACEMENT_3D('',#9908,#6402,#6403);
#5433=AXIS2_PLACEMENT_3D('',#9917,#6404,#6405);
#5434=AXIS2_PLACEMENT_3D('',#9926,#6406,#6407);
#5435=AXIS2_PLACEMENT_3D('',#9935,#6408,#6409);
#5436=AXIS2_PLACEMENT_3D('',#9936,#6410,#6411);
#5437=AXIS2_PLACEMENT_3D('',#9937,#6412,#6413);
#5438=AXIS2_PLACEMENT_3D('',#9938,#6414,#6415);
#5439=AXIS2_PLACEMENT_3D('',#9939,#6416,#6417);
#5440=AXIS2_PLACEMENT_3D('',#9943,#6420,#6421);
#5441=AXIS2_PLACEMENT_3D('',#9947,#6424,#6425);
#5442=AXIS2_PLACEMENT_3D('',#9970,#6426,#6427);
#5443=AXIS2_PLACEMENT_3D('',#9991,#6428,#6429);
#5444=AXIS2_PLACEMENT_3D('',#10012,#6432,#6433);
#5445=AXIS2_PLACEMENT_3D('',#10035,#6434,#6435);
#5446=AXIS2_PLACEMENT_3D('',#10056,#6436,#6437);
#5447=AXIS2_PLACEMENT_3D('',#10068,#6440,#6441);
#5448=AXIS2_PLACEMENT_3D('',#10089,#6444,#6445);
#5449=AXIS2_PLACEMENT_3D('',#10090,#6446,#6447);
#5450=AXIS2_PLACEMENT_3D('',#10091,#6448,#6449);
#5451=AXIS2_PLACEMENT_3D('',#10092,#6450,#6451);
#5452=AXIS2_PLACEMENT_3D('',#10093,#6452,#6453);
#5453=AXIS2_PLACEMENT_3D('',#10094,#6454,#6455);
#5454=AXIS2_PLACEMENT_3D('',#10095,#6456,#6457);
#5455=AXIS2_PLACEMENT_3D('',#10097,#6459,#6460);
#5456=AXIS2_PLACEMENT_3D('',#10107,#6462,#6463);
#5457=AXIS2_PLACEMENT_3D('',#10189,#6465,#6466);
#5458=AXIS2_PLACEMENT_3D('',#10240,#6468,#6469);
#5459=AXIS2_PLACEMENT_3D('',#10246,#6470,#6471);
#5460=AXIS2_PLACEMENT_3D('',#10254,#6476,#6477);
#5461=AXIS2_PLACEMENT_3D('',#10256,#6479,#6480);
#5462=AXIS2_PLACEMENT_3D('',#10258,#6481,#6482);
#5463=AXIS2_PLACEMENT_3D('',#10260,#6484,#6485);
#5464=AXIS2_PLACEMENT_3D('',#10263,#6486,#6487);
#5465=AXIS2_PLACEMENT_3D('',#10265,#6488,#6489);
#5466=AXIS2_PLACEMENT_3D('',#10267,#6491,#6492);
#5467=AXIS2_PLACEMENT_3D('',#10270,#6495,#6496);
#5468=AXIS2_PLACEMENT_3D('',#10273,#6497,#6498);
#5469=AXIS2_PLACEMENT_3D('',#10276,#6500,#6501);
#5470=AXIS2_PLACEMENT_3D('',#10277,#6502,#6503);
#5471=AXIS2_PLACEMENT_3D('',#10280,#6506,#6507);
#5472=AXIS2_PLACEMENT_3D('',#10284,#6509,#6510);
#5473=AXIS2_PLACEMENT_3D('',#10286,#6512,#6513);
#5474=AXIS2_PLACEMENT_3D('',#10289,#6514,#6515);
#5475=AXIS2_PLACEMENT_3D('',#10291,#6516,#6517);
#5476=AXIS2_PLACEMENT_3D('',#10293,#6519,#6520);
#5477=AXIS2_PLACEMENT_3D('',#10297,#6522,#6523);
#5478=AXIS2_PLACEMENT_3D('',#10299,#6524,#6525);
#5479=AXIS2_PLACEMENT_3D('',#10301,#6526,#6527);
#5480=AXIS2_PLACEMENT_3D('',#10303,#6529,#6530);
#5481=AXIS2_PLACEMENT_3D('',#10306,#6533,#6534);
#5482=AXIS2_PLACEMENT_3D('',#10310,#6536,#6537);
#5483=AXIS2_PLACEMENT_3D('',#10314,#6539,#6540);
#5484=AXIS2_PLACEMENT_3D('',#10316,#6542,#6543);
#5485=AXIS2_PLACEMENT_3D('',#10319,#6545,#6546);
#5486=AXIS2_PLACEMENT_3D('',#10320,#6547,#6548);
#5487=AXIS2_PLACEMENT_3D('',#10322,#6550,#6551);
#5488=AXIS2_PLACEMENT_3D('',#10325,#6552,#6553);
#5489=AXIS2_PLACEMENT_3D('',#10327,#6554,#6555);
#5490=AXIS2_PLACEMENT_3D('',#10329,#6557,#6558);
#5491=AXIS2_PLACEMENT_3D('',#10333,#6560,#6561);
#5492=AXIS2_PLACEMENT_3D('',#10335,#6562,#6563);
#5493=AXIS2_PLACEMENT_3D('',#10337,#6564,#6565);
#5494=AXIS2_PLACEMENT_3D('',#10339,#6567,#6568);
#5495=AXIS2_PLACEMENT_3D('',#10342,#6571,#6572);
#5496=AXIS2_PLACEMENT_3D('',#10345,#6573,#6574);
#5497=AXIS2_PLACEMENT_3D('',#10350,#6577,#6578);
#5498=AXIS2_PLACEMENT_3D('',#10352,#6580,#6581);
#5499=AXIS2_PLACEMENT_3D('',#10355,#6583,#6584);
#5500=AXIS2_PLACEMENT_3D('',#10356,#6585,#6586);
#5501=AXIS2_PLACEMENT_3D('',#10358,#6588,#6589);
#5502=AXIS2_PLACEMENT_3D('',#10361,#6590,#6591);
#5503=AXIS2_PLACEMENT_3D('',#10363,#6592,#6593);
#5504=AXIS2_PLACEMENT_3D('',#10365,#6595,#6596);
#5505=AXIS2_PLACEMENT_3D('',#10369,#6598,#6599);
#5506=AXIS2_PLACEMENT_3D('',#10371,#6600,#6601);
#5507=AXIS2_PLACEMENT_3D('',#10373,#6602,#6603);
#5508=AXIS2_PLACEMENT_3D('',#10375,#6605,#6606);
#5509=AXIS2_PLACEMENT_3D('',#10378,#6609,#6610);
#5510=AXIS2_PLACEMENT_3D('',#10381,#6611,#6612);
#5511=AXIS2_PLACEMENT_3D('',#10384,#6614,#6615);
#5512=AXIS2_PLACEMENT_3D('',#10385,#6616,#6617);
#5513=AXIS2_PLACEMENT_3D('',#10388,#6620,#6621);
#5514=AXIS2_PLACEMENT_3D('',#10392,#6623,#6624);
#5515=AXIS2_PLACEMENT_3D('',#10394,#6626,#6627);
#5516=AXIS2_PLACEMENT_3D('',#10398,#6629,#6630);
#5517=AXIS2_PLACEMENT_3D('',#10401,#6632,#6633);
#5518=AXIS2_PLACEMENT_3D('',#10402,#6634,#6635);
#5519=AXIS2_PLACEMENT_3D('',#10406,#6638,#6639);
#5520=AXIS2_PLACEMENT_3D('',#10410,#6642,#6643);
#5521=AXIS2_PLACEMENT_3D('',#10414,#6646,#6647);
#5522=AXIS2_PLACEMENT_3D('',#10418,#6649,#6650);
#5523=AXIS2_PLACEMENT_3D('',#10423,#6653,#6654);
#5524=AXIS2_PLACEMENT_3D('',#10425,#6656,#6657);
#5525=AXIS2_PLACEMENT_3D('',#10467,#6661,#6662);
#5526=AXIS2_PLACEMENT_3D('',#10468,#6663,#6664);
#5527=AXIS2_PLACEMENT_3D('',#10469,#6665,#6666);
#5528=AXIS2_PLACEMENT_3D('',#10477,#6668,#6669);
#5529=AXIS2_PLACEMENT_3D('',#10548,#6671,#6672);
#5530=AXIS2_PLACEMENT_3D('',#10643,#6674,#6675);
#5531=AXIS2_PLACEMENT_3D('',#10758,#6677,#6678);
#5532=AXIS2_PLACEMENT_3D('',#10764,#6679,#6680);
#5533=AXIS2_PLACEMENT_3D('',#10822,#6681,#6682);
#5534=AXIS2_PLACEMENT_3D('',#10840,#6683,#6684);
#5535=AXIS2_PLACEMENT_3D('',#10898,#6685,#6686);
#5536=AXIS2_PLACEMENT_3D('',#10907,#6687,#6688);
#5537=AXIS2_PLACEMENT_3D('',#10915,#6690,#6691);
#5538=AXIS2_PLACEMENT_3D('',#10986,#6693,#6694);
#5539=AXIS2_PLACEMENT_3D('',#11001,#6696,#6697);
#5540=AXIS2_PLACEMENT_3D('',#11067,#6699,#6700);
#5541=AXIS2_PLACEMENT_3D('',#11117,#6701,#6702);
#5542=AXIS2_PLACEMENT_3D('',#11118,#6703,#6704);
#5543=AXIS2_PLACEMENT_3D('',#11126,#6706,#6707);
#5544=AXIS2_PLACEMENT_3D('',#11137,#6709,#6710);
#5545=AXIS2_PLACEMENT_3D('',#11141,#6712,#6713);
#5546=AXIS2_PLACEMENT_3D('',#11143,#6715,#6716);
#5547=AXIS2_PLACEMENT_3D('',#11165,#6718,#6719);
#5548=AXIS2_PLACEMENT_3D('',#11185,#6721,#6722);
#5549=AXIS2_PLACEMENT_3D('',#11188,#6724,#6725);
#5550=AXIS2_PLACEMENT_3D('',#11189,#6726,#6727);
#5551=AXIS2_PLACEMENT_3D('',#11192,#6729,#6730);
#5552=AXIS2_PLACEMENT_3D('',#11193,#6731,#6732);
#5553=AXIS2_PLACEMENT_3D('',#11196,#6734,#6735);
#5554=AXIS2_PLACEMENT_3D('',#11197,#6736,#6737);
#5555=AXIS2_PLACEMENT_3D('',#11203,#6741,#6742);
#5556=AXIS2_PLACEMENT_3D('',#11205,#6743,#6744);
#5557=AXIS2_PLACEMENT_3D('',#11207,#6746,#6747);
#5558=AXIS2_PLACEMENT_3D('',#11209,#6748,#6749);
#5559=AXIS2_PLACEMENT_3D('',#11211,#6751,#6752);
#5560=AXIS2_PLACEMENT_3D('',#11213,#6753,#6754);
#5561=AXIS2_PLACEMENT_3D('',#11215,#6756,#6757);
#5562=AXIS2_PLACEMENT_3D('',#11219,#6760,#6761);
#5563=AXIS2_PLACEMENT_3D('',#11221,#6762,#6763);
#5564=AXIS2_PLACEMENT_3D('',#11223,#6765,#6766);
#5565=AXIS2_PLACEMENT_3D('',#11225,#6767,#6768);
#5566=AXIS2_PLACEMENT_3D('',#11226,#6769,#6770);
#5567=AXIS2_PLACEMENT_3D('',#11227,#6771,#6772);
#5568=AXIS2_PLACEMENT_3D('',#11231,#6775,#6776);
#5569=AXIS2_PLACEMENT_3D('',#11235,#6779,#6780);
#5570=AXIS2_PLACEMENT_3D('',#11237,#6781,#6782);
#5571=AXIS2_PLACEMENT_3D('',#11239,#6784,#6785);
#5572=AXIS2_PLACEMENT_3D('',#11243,#6788,#6789);
#5573=AXIS2_PLACEMENT_3D('',#11245,#6790,#6791);
#5574=AXIS2_PLACEMENT_3D('',#11247,#6793,#6794);
#5575=AXIS2_PLACEMENT_3D('',#11251,#6797,#6798);
#5576=AXIS2_PLACEMENT_3D('',#11254,#6800,#6801);
#5577=AXIS2_PLACEMENT_3D('',#11255,#6802,#6803);
#5578=AXIS2_PLACEMENT_3D('',#11258,#6805,#6806);
#5579=AXIS2_PLACEMENT_3D('',#11259,#6807,#6808);
#5580=AXIS2_PLACEMENT_3D('',#11261,#6809,#6810);
#5581=AXIS2_PLACEMENT_3D('',#11263,#6812,#6813);
#5582=AXIS2_PLACEMENT_3D('',#11267,#6816,#6817);
#5583=AXIS2_PLACEMENT_3D('',#11269,#6818,#6819);
#5584=AXIS2_PLACEMENT_3D('',#11271,#6821,#6822);
#5585=AXIS2_PLACEMENT_3D('',#11275,#6825,#6826);
#5586=AXIS2_PLACEMENT_3D('',#11278,#6828,#6829);
#5587=AXIS2_PLACEMENT_3D('',#11279,#6830,#6831);
#5588=AXIS2_PLACEMENT_3D('',#11281,#6832,#6833);
#5589=AXIS2_PLACEMENT_3D('',#11283,#6835,#6836);
#5590=AXIS2_PLACEMENT_3D('',#11285,#6837,#6838);
#5591=AXIS2_PLACEMENT_3D('',#11287,#6840,#6841);
#5592=AXIS2_PLACEMENT_3D('',#11291,#6844,#6845);
#5593=AXIS2_PLACEMENT_3D('',#11293,#6846,#6847);
#5594=AXIS2_PLACEMENT_3D('',#11295,#6849,#6850);
#5595=AXIS2_PLACEMENT_3D('',#11299,#6853,#6854);
#5596=AXIS2_PLACEMENT_3D('',#11302,#6856,#6857);
#5597=AXIS2_PLACEMENT_3D('',#11303,#6858,#6859);
#5598=AXIS2_PLACEMENT_3D('',#11306,#6861,#6862);
#5599=AXIS2_PLACEMENT_3D('',#11307,#6863,#6864);
#5600=AXIS2_PLACEMENT_3D('',#11309,#6865,#6866);
#5601=AXIS2_PLACEMENT_3D('',#11311,#6868,#6869);
#5602=AXIS2_PLACEMENT_3D('',#11315,#6872,#6873);
#5603=AXIS2_PLACEMENT_3D('',#11317,#6874,#6875);
#5604=AXIS2_PLACEMENT_3D('',#11319,#6877,#6878);
#5605=AXIS2_PLACEMENT_3D('',#11323,#6881,#6882);
#5606=AXIS2_PLACEMENT_3D('',#11325,#6883,#6884);
#5607=AXIS2_PLACEMENT_3D('',#11327,#6886,#6887);
#5608=AXIS2_PLACEMENT_3D('',#11331,#6890,#6891);
#5609=AXIS2_PLACEMENT_3D('',#11333,#6892,#6893);
#5610=AXIS2_PLACEMENT_3D('',#11335,#6895,#6896);
#5611=AXIS2_PLACEMENT_3D('',#11337,#6897,#6898);
#5612=AXIS2_PLACEMENT_3D('',#11339,#6900,#6901);
#5613=AXIS2_PLACEMENT_3D('',#11341,#6902,#6903);
#5614=AXIS2_PLACEMENT_3D('',#11343,#6905,#6906);
#5615=AXIS2_PLACEMENT_3D('',#11347,#6909,#6910);
#5616=AXIS2_PLACEMENT_3D('',#11349,#6911,#6912);
#5617=AXIS2_PLACEMENT_3D('',#11351,#6914,#6915);
#5618=AXIS2_PLACEMENT_3D('',#11353,#6916,#6917);
#5619=AXIS2_PLACEMENT_3D('',#11355,#6919,#6920);
#5620=AXIS2_PLACEMENT_3D('',#11357,#6921,#6922);
#5621=AXIS2_PLACEMENT_3D('',#11359,#6924,#6925);
#5622=AXIS2_PLACEMENT_3D('',#11363,#6928,#6929);
#5623=AXIS2_PLACEMENT_3D('',#11365,#6930,#6931);
#5624=AXIS2_PLACEMENT_3D('',#11367,#6933,#6934);
#5625=AXIS2_PLACEMENT_3D('',#11368,#6935,#6936);
#5626=AXIS2_PLACEMENT_3D('',#11369,#6937,#6938);
#5627=AXIS2_PLACEMENT_3D('',#11371,#6939,#6940);
#5628=AXIS2_PLACEMENT_3D('',#11373,#6942,#6943);
#5629=AXIS2_PLACEMENT_3D('',#11378,#6946,#6947);
#5630=AXIS2_PLACEMENT_3D('',#11379,#6948,#6949);
#5631=AXIS2_PLACEMENT_3D('',#11380,#6950,#6951);
#5632=AXIS2_PLACEMENT_3D('',#11381,#6952,#6953);
#5633=AXIS2_PLACEMENT_3D('',#11383,#6954,#6955);
#5634=AXIS2_PLACEMENT_3D('',#11385,#6957,#6958);
#5635=AXIS2_PLACEMENT_3D('',#11389,#6961,#6962);
#5636=AXIS2_PLACEMENT_3D('',#11391,#6963,#6964);
#5637=AXIS2_PLACEMENT_3D('',#11393,#6966,#6967);
#5638=AXIS2_PLACEMENT_3D('',#11395,#6968,#6969);
#5639=AXIS2_PLACEMENT_3D('',#11397,#6971,#6972);
#5640=AXIS2_PLACEMENT_3D('',#11399,#6973,#6974);
#5641=AXIS2_PLACEMENT_3D('',#11401,#6976,#6977);
#5642=AXIS2_PLACEMENT_3D('',#11405,#6980,#6981);
#5643=AXIS2_PLACEMENT_3D('',#11408,#6983,#6984);
#5644=AXIS2_PLACEMENT_3D('',#11409,#6985,#6986);
#5645=AXIS2_PLACEMENT_3D('',#11410,#6987,#6988);
#5646=AXIS2_PLACEMENT_3D('',#11411,#6989,#6990);
#5647=AXIS2_PLACEMENT_3D('',#11412,#6991,#6992);
#5648=AXIS2_PLACEMENT_3D('',#11413,#6993,#6994);
#5649=AXIS2_PLACEMENT_3D('',#11416,#6996,#6997);
#5650=AXIS2_PLACEMENT_3D('',#11482,#6998,#6999);
#5651=AXIS2_PLACEMENT_3D('',#11486,#7002,#7003);
#5652=AXIS2_PLACEMENT_3D('',#11489,#7005,#7006);
#5653=AXIS2_PLACEMENT_3D('',#11490,#7007,#7008);
#5654=AXIS2_PLACEMENT_3D('',#11493,#7010,#7011);
#5655=AXIS2_PLACEMENT_3D('',#11494,#7012,#7013);
#5656=AXIS2_PLACEMENT_3D('',#11497,#7015,#7016);
#5657=AXIS2_PLACEMENT_3D('',#11498,#7017,#7018);
#5658=AXIS2_PLACEMENT_3D('',#11571,#7020,#7021);
#5659=AXIS2_PLACEMENT_3D('',#11572,#7022,#7023);
#5660=AXIS2_PLACEMENT_3D('',#11573,#7024,#7025);
#5661=DIRECTION('axis',(0.,0.,1.));
#5662=DIRECTION('refdir',(1.,0.,0.));
#5663=DIRECTION('center_axis',(0.,-0.707106781186548,-0.707106781186548));
#5664=DIRECTION('ref_axis',(-1.,0.,0.));
#5665=DIRECTION('center_axis',(0.,0.707106781186548,0.707106781186548));
#5666=DIRECTION('ref_axis',(0.,0.707106781186547,-0.707106781186547));
#5667=DIRECTION('',(1.,0.,0.));
#5668=DIRECTION('center_axis',(0.,-0.707106781186548,-0.707106781186548));
#5669=DIRECTION('ref_axis',(0.,0.707106781186547,-0.707106781186547));
#5670=DIRECTION('',(1.,0.,0.));
#5671=DIRECTION('center_axis',(0.,-0.707106781186548,-0.707106781186548));
#5672=DIRECTION('ref_axis',(-1.,0.,0.));
#5673=DIRECTION('center_axis',(0.,-0.707106781186548,-0.707106781186548));
#5674=DIRECTION('ref_axis',(0.,0.707106781186547,-0.707106781186547));
#5675=DIRECTION('',(1.,0.,0.));
#5676=DIRECTION('center_axis',(0.,0.707106781186548,0.707106781186548));
#5677=DIRECTION('ref_axis',(0.,0.707106781186547,-0.707106781186547));
#5678=DIRECTION('',(1.,0.,0.));
#5679=DIRECTION('center_axis',(0.,-1.,0.));
#5680=DIRECTION('ref_axis',(0.640990983558528,0.,0.7675484082432));
#5681=DIRECTION('center_axis',(0.,-1.,0.));
#5682=DIRECTION('ref_axis',(0.640990983558528,0.,0.7675484082432));
#5683=DIRECTION('',(-0.218051100109753,0.707106781186548,-0.672646800141743));
#5684=DIRECTION('center_axis',(0.,1.,0.));
#5685=DIRECTION('ref_axis',(0.640990983558529,0.,0.7675484082432));
#5686=DIRECTION('center_axis',(0.,1.,0.));
#5687=DIRECTION('ref_axis',(-0.0971971365577113,0.,-0.995265148915093));
#5688=DIRECTION('',(-0.298656866154619,0.707106781189411,-0.640939994301068));
#5689=DIRECTION('center_axis',(0.,-1.,0.));
#5690=DIRECTION('ref_axis',(-0.0971971365577113,0.,-0.995265148915093));
#5691=DIRECTION('center_axis',(0.,1.,0.));
#5692=DIRECTION('ref_axis',(-0.0971971365577113,0.,-0.995265148915093));
#5693=DIRECTION('',(0.305366573929198,-0.711516544108678,0.632847108697186));
#5694=DIRECTION('center_axis',(0.,0.,-1.));
#5695=DIRECTION('ref_axis',(-6.12323399573677E-17,1.,0.));
#5696=DIRECTION('',(0.,0.,-1.));
#5697=DIRECTION('',(0.,0.,-1.));
#5698=DIRECTION('',(0.,0.,-1.));
#5699=DIRECTION('',(0.,0.,-1.));
#5700=DIRECTION('center_axis',(0.,0.,-1.));
#5701=DIRECTION('ref_axis',(1.,0.,0.));
#5702=DIRECTION('',(0.,0.,1.));
#5703=DIRECTION('',(0.,0.,-1.));
#5704=DIRECTION('center_axis',(0.,1.,0.));
#5705=DIRECTION('ref_axis',(-1.,0.,0.));
#5706=DIRECTION('center_axis',(0.,-1.,0.));
#5707=DIRECTION('ref_axis',(-1.,0.,0.));
#5708=DIRECTION('',(0.285877499375614,0.710551973701201,-0.64295407924678));
#5709=DIRECTION('center_axis',(0.,1.,0.));
#5710=DIRECTION('ref_axis',(-0.0971971072958416,0.,-0.995265151772793));
#5711=DIRECTION('',(-0.279673493080175,-0.707106781186723,0.649448025070587));
#5712=DIRECTION('center_axis',(0.,1.,0.));
#5713=DIRECTION('ref_axis',(-0.0971971072958416,0.,-0.995265151772793));
#5714=DIRECTION('',(0.218051089175331,0.707106781186548,-0.67264680368634));
#5715=DIRECTION('center_axis',(0.,-1.,0.));
#5716=DIRECTION('ref_axis',(-0.0971971072958416,0.,-0.995265151772793));
#5717=DIRECTION('center_axis',(0.,-1.,0.));
#5718=DIRECTION('ref_axis',(-0.640990971081406,0.,0.767548418663029));
#5719=DIRECTION('center_axis',(0.,1.,0.));
#5720=DIRECTION('ref_axis',(-0.640990971081406,0.,0.767548418663029));
#5721=DIRECTION('center_axis',(0.,-1.,0.));
#5722=DIRECTION('ref_axis',(-0.640990971081406,0.,0.767548418663029));
#5723=DIRECTION('center_axis',(0.,1.,0.));
#5724=DIRECTION('ref_axis',(-1.,0.,0.));
#5725=DIRECTION('center_axis',(0.,-1.,0.));
#5726=DIRECTION('ref_axis',(-1.,0.,0.));
#5727=DIRECTION('center_axis',(0.,1.,0.));
#5728=DIRECTION('ref_axis',(-1.,0.,0.));
#5729=DIRECTION('center_axis',(0.,-1.,0.));
#5730=DIRECTION('ref_axis',(-1.,0.,0.));
#5731=DIRECTION('center_axis',(0.,-1.,0.));
#5732=DIRECTION('ref_axis',(-1.,0.,0.));
#5733=DIRECTION('',(0.,1.,0.));
#5734=DIRECTION('center_axis',(0.,-1.,0.));
#5735=DIRECTION('ref_axis',(-1.,0.,0.));
#5736=DIRECTION('center_axis',(0.,1.,0.));
#5737=DIRECTION('ref_axis',(-1.,0.,0.));
#5738=DIRECTION('center_axis',(0.,-1.,0.));
#5739=DIRECTION('ref_axis',(-1.,0.,0.));
#5740=DIRECTION('',(0.,1.,0.));
#5741=DIRECTION('center_axis',(0.,-1.,0.));
#5742=DIRECTION('ref_axis',(-1.,0.,0.));
#5743=DIRECTION('center_axis',(0.,-1.,0.));
#5744=DIRECTION('ref_axis',(-1.,0.,0.));
#5745=DIRECTION('center_axis',(0.,-1.,0.));
#5746=DIRECTION('ref_axis',(-1.,0.,0.));
#5747=DIRECTION('center_axis',(0.,1.,0.));
#5748=DIRECTION('ref_axis',(-1.,0.,0.));
#5749=DIRECTION('',(0.,1.,0.));
#5750=DIRECTION('center_axis',(0.,-1.,0.));
#5751=DIRECTION('ref_axis',(-1.,0.,0.));
#5752=DIRECTION('center_axis',(0.,-1.,0.));
#5753=DIRECTION('ref_axis',(0.999999999999985,0.,1.74394851326301E-7));
#5754=DIRECTION('center_axis',(0.707106781186547,-0.707106781186548,0.));
#5755=DIRECTION('ref_axis',(0.707106781186548,0.707106781186547,0.));
#5756=DIRECTION('center_axis',(0.,-1.,0.));
#5757=DIRECTION('ref_axis',(-1.,0.,0.));
#5758=DIRECTION('center_axis',(0.,-1.,0.));
#5759=DIRECTION('ref_axis',(-1.,0.,0.));
#5760=DIRECTION('center_axis',(0.,1.,0.));
#5761=DIRECTION('ref_axis',(-1.,0.,0.));
#5762=DIRECTION('',(0.,1.,0.));
#5763=DIRECTION('center_axis',(0.,-1.,0.));
#5764=DIRECTION('ref_axis',(-1.,0.,0.));
#5765=DIRECTION('center_axis',(0.,-1.,0.));
#5766=DIRECTION('ref_axis',(-1.,0.,0.));
#5767=DIRECTION('center_axis',(-0.707106781186547,-0.707106781186548,0.));
#5768=DIRECTION('ref_axis',(0.707106781186548,-0.707106781186547,0.));
#5769=DIRECTION('center_axis',(0.,-1.,0.));
#5770=DIRECTION('ref_axis',(-1.,0.,0.));
#5771=DIRECTION('center_axis',(0.,-1.,0.));
#5772=DIRECTION('ref_axis',(-1.,0.,0.));
#5773=DIRECTION('center_axis',(0.,1.,0.));
#5774=DIRECTION('ref_axis',(-1.,0.,0.));
#5775=DIRECTION('',(0.,1.,0.));
#5776=DIRECTION('center_axis',(0.,-1.,0.));
#5777=DIRECTION('ref_axis',(-1.,0.,0.));
#5778=DIRECTION('center_axis',(0.,-1.,0.));
#5779=DIRECTION('ref_axis',(-1.,0.,0.));
#5780=DIRECTION('center_axis',(0.,1.,0.));
#5781=DIRECTION('ref_axis',(-1.,0.,0.));
#5782=DIRECTION('',(0.,1.,0.));
#5783=DIRECTION('center_axis',(0.,-1.,0.));
#5784=DIRECTION('ref_axis',(-1.,0.,0.));
#5785=DIRECTION('center_axis',(0.,1.,0.));
#5786=DIRECTION('ref_axis',(0.106253562197187,0.,0.994339067180008));
#5787=DIRECTION('center_axis',(0.,-1.,0.));
#5788=DIRECTION('ref_axis',(0.99433906545277,0.,-0.106253578360977));
#5789=DIRECTION('',(0.,1.,0.));
#5790=DIRECTION('center_axis',(0.,-1.,0.));
#5791=DIRECTION('ref_axis',(0.99433906545277,0.,-0.106253578360977));
#5792=DIRECTION('',(0.,-1.,0.));
#5793=DIRECTION('center_axis',(0.,-1.,0.));
#5794=DIRECTION('ref_axis',(0.99433906545277,0.,-0.106253578360977));
#5795=DIRECTION('',(0.,-1.,0.));
#5796=DIRECTION('center_axis',(0.,0.707106781186548,-0.707106781186548));
#5797=DIRECTION('ref_axis',(1.41449771052592E-17,-0.707106781186548,-0.707106781186548));
#5798=DIRECTION('center_axis',(0.,1.,0.));
#5799=DIRECTION('ref_axis',(0.106253562197187,0.,0.994339067180008));
#5800=DIRECTION('center_axis',(0.707106781186548,0.707106781186548,0.));
#5801=DIRECTION('ref_axis',(0.707106781186548,-0.707106781186548,0.));
#5802=DIRECTION('',(0.,1.,0.));
#5803=DIRECTION('center_axis',(0.,1.,0.));
#5804=DIRECTION('ref_axis',(0.106253562197187,0.,0.994339067180008));
#5805=DIRECTION('center_axis',(0.,-1.,0.));
#5806=DIRECTION('ref_axis',(0.106253562197187,0.,0.994339067180008));
#5807=DIRECTION('',(0.,-1.,0.));
#5808=DIRECTION('center_axis',(0.707106781186548,0.707106781186548,0.));
#5809=DIRECTION('ref_axis',(0.707106781186547,-0.707106781186547,0.));
#5810=DIRECTION('center_axis',(0.,1.,0.));
#5811=DIRECTION('ref_axis',(0.106253562197187,0.,0.994339067180008));
#5812=DIRECTION('center_axis',(0.,0.707106781186548,0.707106781186548));
#5813=DIRECTION('ref_axis',(0.,-0.707106781186547,0.707106781186547));
#5814=DIRECTION('',(0.,1.,0.));
#5815=DIRECTION('center_axis',(0.,-1.,0.));
#5816=DIRECTION('ref_axis',(0.106253562197187,0.,0.994339067180008));
#5817=DIRECTION('',(0.,1.,0.));
#5818=DIRECTION('center_axis',(0.,-1.,0.));
#5819=DIRECTION('ref_axis',(0.106253562197187,0.,0.994339067180008));
#5820=DIRECTION('',(0.,-1.,0.));
#5821=DIRECTION('center_axis',(0.,1.,0.));
#5822=DIRECTION('ref_axis',(0.106253562197187,0.,0.994339067180008));
#5823=DIRECTION('center_axis',(0.,-1.,0.));
#5824=DIRECTION('ref_axis',(-0.994339067125582,0.,0.106253562706514));
#5825=DIRECTION('',(0.,-1.,0.));
#5826=DIRECTION('center_axis',(0.,0.707106781186548,0.707106781186548));
#5827=DIRECTION('ref_axis',(-1.41449771052592E-17,-0.707106781186548,0.707106781186548));
#5828=DIRECTION('center_axis',(0.,1.,0.));
#5829=DIRECTION('ref_axis',(0.106253562197187,0.,0.994339067180008));
#5830=DIRECTION('center_axis',(-0.707106781186548,0.707106781186548,0.));
#5831=DIRECTION('ref_axis',(-0.707106781186548,-0.707106781186548,-1.41449771052592E-17));
#5832=DIRECTION('',(0.,1.,0.));
#5833=DIRECTION('center_axis',(0.,-1.,0.));
#5834=DIRECTION('ref_axis',(-0.994339067125582,0.,0.106253562706514));
#5835=DIRECTION('',(0.,1.,0.));
#5836=DIRECTION('center_axis',(0.,-1.,0.));
#5837=DIRECTION('ref_axis',(-0.994339067125582,0.,0.106253562706514));
#5838=DIRECTION('',(0.,-1.,0.));
#5839=DIRECTION('center_axis',(0.,1.,0.));
#5840=DIRECTION('ref_axis',(0.106253562197187,0.,0.994339067180008));
#5841=DIRECTION('center_axis',(0.,-1.,0.));
#5842=DIRECTION('ref_axis',(-0.106253578870303,0.,-0.994339065398344));
#5843=DIRECTION('',(0.,1.,0.));
#5844=DIRECTION('center_axis',(0.,-1.,0.));
#5845=DIRECTION('ref_axis',(-0.106253578870303,0.,-0.994339065398344));
#5846=DIRECTION('',(0.,-1.,0.));
#5847=DIRECTION('center_axis',(0.,-1.,0.));
#5848=DIRECTION('ref_axis',(-0.106253578870303,0.,-0.994339065398344));
#5849=DIRECTION('',(0.,-1.,0.));
#5850=DIRECTION('center_axis',(-0.707106781186548,0.707106781186548,0.));
#5851=DIRECTION('ref_axis',(-0.707106781186547,-0.707106781186547,0.));
#5852=DIRECTION('center_axis',(0.,1.,0.));
#5853=DIRECTION('ref_axis',(0.106253562197187,0.,0.994339067180008));
#5854=DIRECTION('center_axis',(0.,0.707106781186548,-0.707106781186548));
#5855=DIRECTION('ref_axis',(0.,-0.707106781186547,-0.707106781186547));
#5856=DIRECTION('',(0.,1.,0.));
#5857=DIRECTION('center_axis',(-0.707106781186547,-0.707106781186548,0.));
#5858=DIRECTION('ref_axis',(0.,0.,1.));
#5859=DIRECTION('',(0.,0.,1.));
#5860=DIRECTION('center_axis',(-0.707106781186547,-0.707106781186548,0.));
#5861=DIRECTION('ref_axis',(-0.707106781186548,0.707106781186547,0.));
#5862=DIRECTION('',(0.,0.,-1.));
#5863=DIRECTION('center_axis',(-0.707106781186547,-0.707106781186548,0.));
#5864=DIRECTION('ref_axis',(-0.707106781186548,0.707106781186547,0.));
#5865=DIRECTION('',(0.,0.,1.));
#5866=DIRECTION('center_axis',(0.707106781186547,-0.707106781186548,0.));
#5867=DIRECTION('ref_axis',(0.,0.,-1.));
#5868=DIRECTION('',(0.,0.,-1.));
#5869=DIRECTION('center_axis',(0.707106781186547,-0.707106781186548,0.));
#5870=DIRECTION('ref_axis',(-0.707106781186548,-0.707106781186547,0.));
#5871=DIRECTION('',(0.,0.,1.));
#5872=DIRECTION('center_axis',(0.707106781186547,-0.707106781186548,0.));
#5873=DIRECTION('ref_axis',(-0.707106781186548,-0.707106781186547,0.));
#5874=DIRECTION('',(0.,0.,-1.));
#5875=DIRECTION('center_axis',(0.,1.,0.));
#5876=DIRECTION('ref_axis',(-1.,0.,0.));
#5877=DIRECTION('',(-1.,0.,0.));
#5878=DIRECTION('',(0.,0.,-1.));
#5879=DIRECTION('center_axis',(0.,-1.,0.));
#5880=DIRECTION('ref_axis',(-1.,0.,0.));
#5881=DIRECTION('',(0.,0.,1.));
#5882=DIRECTION('center_axis',(0.,-1.,0.));
#5883=DIRECTION('ref_axis',(-1.,0.,0.));
#5884=DIRECTION('center_axis',(0.,1.,0.));
#5885=DIRECTION('ref_axis',(0.640990983558528,0.,0.7675484082432));
#5886=DIRECTION('center_axis',(0.,1.,0.));
#5887=DIRECTION('ref_axis',(-1.,0.,0.));
#5888=DIRECTION('',(0.,0.,1.));
#5889=DIRECTION('',(-1.,0.,0.));
#5890=DIRECTION('center_axis',(0.,-1.,0.));
#5891=DIRECTION('ref_axis',(-1.,0.,0.));
#5892=DIRECTION('center_axis',(0.,1.,0.));
#5893=DIRECTION('ref_axis',(-0.640990971081406,0.,0.767548418663029));
#5894=DIRECTION('center_axis',(0.,-1.,0.));
#5895=DIRECTION('ref_axis',(-1.,0.,0.));
#5896=DIRECTION('',(0.,0.,-1.));
#5897=DIRECTION('center_axis',(0.,1.,0.));
#5898=DIRECTION('ref_axis',(0.640990983558528,0.,0.7675484082432));
#5899=DIRECTION('',(0.,-1.,0.));
#5900=DIRECTION('center_axis',(0.,-1.,0.));
#5901=DIRECTION('ref_axis',(0.640990983558528,0.,0.7675484082432));
#5902=DIRECTION('center_axis',(0.707106781186548,-0.707106781186547,0.));
#5903=DIRECTION('ref_axis',(0.707106781186547,0.707106781186548,-3.92523114670943E-17));
#5904=DIRECTION('center_axis',(0.707106781186548,-0.707106781186547,0.));
#5905=DIRECTION('ref_axis',(0.707106781186547,0.707106781186548,-3.92523114670943E-17));
#5906=DIRECTION('',(0.,1.,0.));
#5907=DIRECTION('center_axis',(0.,1.,0.));
#5908=DIRECTION('ref_axis',(-1.,0.,0.));
#5909=DIRECTION('center_axis',(0.,-1.,0.));
#5910=DIRECTION('ref_axis',(-1.,0.,0.));
#5911=DIRECTION('',(0.,1.,0.));
#5912=DIRECTION('center_axis',(0.,1.,0.));
#5913=DIRECTION('ref_axis',(-1.,0.,0.));
#5914=DIRECTION('center_axis',(0.707106781186546,-0.707106781186549,0.));
#5915=DIRECTION('ref_axis',(-0.707106781186549,-0.707106781186546,0.));
#5916=DIRECTION('',(0.,1.,0.));
#5917=DIRECTION('center_axis',(0.,-1.,0.));
#5918=DIRECTION('ref_axis',(-1.,0.,0.));
#5919=DIRECTION('',(0.,1.,0.));
#5920=DIRECTION('center_axis',(-0.707106781186546,-0.707106781186549,0.));
#5921=DIRECTION('ref_axis',(-0.707106781186549,0.707106781186546,0.));
#5922=DIRECTION('center_axis',(0.,1.,0.));
#5923=DIRECTION('ref_axis',(-1.,0.,0.));
#5924=DIRECTION('center_axis',(0.,0.,-1.));
#5925=DIRECTION('ref_axis',(-6.12323399573677E-17,1.,0.));
#5926=DIRECTION('center_axis',(0.,0.,1.));
#5927=DIRECTION('ref_axis',(1.,0.,0.));
#5928=DIRECTION('',(0.,0.,1.));
#5929=DIRECTION('',(0.,0.,-1.));
#5930=DIRECTION('center_axis',(0.,1.,0.));
#5931=DIRECTION('ref_axis',(-0.640990971081406,0.,0.767548418663029));
#5932=DIRECTION('',(0.,-1.,0.));
#5933=DIRECTION('center_axis',(-0.707106781186548,-0.707106781186548,0.));
#5934=DIRECTION('ref_axis',(-0.707106781186547,0.707106781186547,-3.92523114670944E-17));
#5935=DIRECTION('center_axis',(-0.707106781186548,-0.707106781186548,0.));
#5936=DIRECTION('ref_axis',(-0.707106781186547,0.707106781186547,-3.92523114670944E-17));
#5937=DIRECTION('center_axis',(0.,-1.,0.));
#5938=DIRECTION('ref_axis',(-0.640990971081406,0.,0.767548418663029));
#5939=DIRECTION('center_axis',(0.,-1.,0.));
#5940=DIRECTION('ref_axis',(1.,0.,0.));
#5941=DIRECTION('',(0.,0.,-1.));
#5942=DIRECTION('',(1.,0.,0.));
#5943=DIRECTION('',(0.,0.,1.));
#5944=DIRECTION('center_axis',(0.,1.,0.));
#5945=DIRECTION('ref_axis',(-1.,0.,0.));
#5946=DIRECTION('center_axis',(0.,-1.,0.));
#5947=DIRECTION('ref_axis',(-1.,0.,0.));
#5948=DIRECTION('center_axis',(0.,1.,0.));
#5949=DIRECTION('ref_axis',(-1.,0.,0.));
#5950=DIRECTION('center_axis',(0.,1.,0.));
#5951=DIRECTION('ref_axis',(-1.,0.,0.));
#5952=DIRECTION('',(0.,1.,0.));
#5953=DIRECTION('center_axis',(0.,-1.,0.));
#5954=DIRECTION('ref_axis',(-1.,0.,0.));
#5955=DIRECTION('center_axis',(0.,-1.,0.));
#5956=DIRECTION('ref_axis',(-1.,0.,0.));
#5957=DIRECTION('center_axis',(0.,-1.,0.));
#5958=DIRECTION('ref_axis',(-1.,0.,0.));
#5959=DIRECTION('',(0.,1.,0.));
#5960=DIRECTION('center_axis',(0.,-1.,0.));
#5961=DIRECTION('ref_axis',(-1.,0.,0.));
#5962=DIRECTION('center_axis',(0.,1.,0.));
#5963=DIRECTION('ref_axis',(-1.,0.,0.));
#5964=DIRECTION('',(0.,1.,0.));
#5965=DIRECTION('center_axis',(0.,-1.,0.));
#5966=DIRECTION('ref_axis',(-1.,0.,0.));
#5967=DIRECTION('',(0.,1.,0.));
#5968=DIRECTION('center_axis',(0.,-1.,0.));
#5969=DIRECTION('ref_axis',(-1.,0.,0.));
#5970=DIRECTION('center_axis',(0.,-1.,0.));
#5971=DIRECTION('ref_axis',(-1.,0.,0.));
#5972=DIRECTION('center_axis',(0.,-1.,0.));
#5973=DIRECTION('ref_axis',(-1.,0.,0.));
#5974=DIRECTION('center_axis',(0.,1.,0.));
#5975=DIRECTION('ref_axis',(1.,0.,0.));
#5976=DIRECTION('center_axis',(0.,1.,0.));
#5977=DIRECTION('ref_axis',(1.,0.,0.));
#5978=DIRECTION('',(0.334465425079622,0.707106781186547,-0.62300311349648));
#5979=DIRECTION('center_axis',(0.,-1.,0.));
#5980=DIRECTION('ref_axis',(1.,0.,0.));
#5981=DIRECTION('center_axis',(0.,-1.,0.));
#5982=DIRECTION('ref_axis',(-0.767548427111804,0.,0.640990960964502));
#5983=DIRECTION('center_axis',(0.,1.,0.));
#5984=DIRECTION('ref_axis',(-0.767548427111804,0.,0.640990960964502));
#5985=DIRECTION('center_axis',(0.,-1.,0.));
#5986=DIRECTION('ref_axis',(-0.767548427111804,0.,0.640990960964502));
#5987=DIRECTION('center_axis',(0.,1.,0.));
#5988=DIRECTION('ref_axis',(-0.767548427111804,0.,0.640990960964502));
#5989=DIRECTION('',(0.,-1.,0.));
#5990=DIRECTION('center_axis',(0.,-1.,0.));
#5991=DIRECTION('ref_axis',(-0.767548427111804,0.,0.640990960964502));
#5992=DIRECTION('',(0.,1.,0.));
#5993=DIRECTION('center_axis',(0.,1.,0.));
#5994=DIRECTION('ref_axis',(1.,0.,-8.12790647043024E-9));
#5995=DIRECTION('center_axis',(0.,1.,0.));
#5996=DIRECTION('ref_axis',(-1.,0.,0.));
#5997=DIRECTION('center_axis',(0.,1.,0.));
#5998=DIRECTION('ref_axis',(1.,0.,0.));
#5999=DIRECTION('',(0.,1.,0.));
#6000=DIRECTION('center_axis',(0.,-1.,0.));
#6001=DIRECTION('ref_axis',(-1.,0.,0.));
#6002=DIRECTION('center_axis',(0.,-1.,0.));
#6003=DIRECTION('ref_axis',(-0.767548437531633,0.,-0.640990948487378));
#6004=DIRECTION('center_axis',(0.,-1.,0.));
#6005=DIRECTION('ref_axis',(-0.767548437531633,0.,-0.640990948487378));
#6006=DIRECTION('',(0.33446543520705,0.707106781186545,0.623003108059472));
#6007=DIRECTION('center_axis',(0.,1.,0.));
#6008=DIRECTION('ref_axis',(-0.767548437531633,0.,-0.640990948487378));
#6009=DIRECTION('center_axis',(0.,1.,0.));
#6010=DIRECTION('ref_axis',(1.,0.,0.));
#6011=DIRECTION('center_axis',(0.,-1.,0.));
#6012=DIRECTION('ref_axis',(1.,0.,0.));
#6013=DIRECTION('center_axis',(0.,1.,0.));
#6014=DIRECTION('ref_axis',(-0.926197729574295,0.,-0.37703814890727));
#6015=DIRECTION('center_axis',(0.,1.,0.));
#6016=DIRECTION('ref_axis',(-1.,0.,0.));
#6017=DIRECTION('center_axis',(0.,1.,0.));
#6018=DIRECTION('ref_axis',(1.,0.,0.));
#6019=DIRECTION('center_axis',(0.,1.,0.));
#6020=DIRECTION('ref_axis',(1.,0.,0.));
#6021=DIRECTION('',(0.623003108059473,0.707106781186547,0.334465435207044));
#6022=DIRECTION('center_axis',(0.,-1.,0.));
#6023=DIRECTION('ref_axis',(1.,0.,0.));
#6024=DIRECTION('center_axis',(0.,-1.,0.));
#6025=DIRECTION('ref_axis',(-0.640990948487378,0.,-0.767548437531633));
#6026=DIRECTION('center_axis',(0.,1.,0.));
#6027=DIRECTION('ref_axis',(-0.640990948487378,0.,-0.767548437531633));
#6028=DIRECTION('center_axis',(0.,-1.,0.));
#6029=DIRECTION('ref_axis',(-0.640990948487378,0.,-0.767548437531633));
#6030=DIRECTION('center_axis',(0.,1.,0.));
#6031=DIRECTION('ref_axis',(-0.640990948487378,0.,-0.767548437531633));
#6032=DIRECTION('',(0.,-1.,0.));
#6033=DIRECTION('center_axis',(0.,-1.,0.));
#6034=DIRECTION('ref_axis',(-0.640990948487378,0.,-0.767548437531633));
#6035=DIRECTION('',(0.,1.,0.));
#6036=DIRECTION('center_axis',(0.,1.,0.));
#6037=DIRECTION('ref_axis',(-1.,0.,0.));
#6038=DIRECTION('center_axis',(0.,1.,0.));
#6039=DIRECTION('ref_axis',(-1.,0.,0.));
#6040=DIRECTION('center_axis',(0.,1.,0.));
#6041=DIRECTION('ref_axis',(-1.,0.,0.));
#6042=DIRECTION('',(0.,1.,0.));
#6043=DIRECTION('center_axis',(0.,-1.,0.));
#6044=DIRECTION('ref_axis',(-1.,0.,0.));
#6045=DIRECTION('center_axis',(0.,-1.,0.));
#6046=DIRECTION('ref_axis',(0.640990960964501,0.,-0.767548427111805));
#6047=DIRECTION('center_axis',(0.,-1.,0.));
#6048=DIRECTION('ref_axis',(0.640990960964501,0.,-0.767548427111805));
#6049=DIRECTION('',(-0.623003113496478,0.707106781186546,0.334465425079627));
#6050=DIRECTION('center_axis',(0.,1.,0.));
#6051=DIRECTION('ref_axis',(0.640990960964501,0.,-0.767548427111805));
#6052=DIRECTION('center_axis',(0.,1.,0.));
#6053=DIRECTION('ref_axis',(-1.,0.,0.));
#6054=DIRECTION('center_axis',(0.,-1.,0.));
#6055=DIRECTION('ref_axis',(-1.,0.,0.));
#6056=DIRECTION('center_axis',(0.,1.,0.));
#6057=DIRECTION('ref_axis',(0.377038157499404,0.,-0.926197726076595));
#6058=DIRECTION('center_axis',(0.,1.,0.));
#6059=DIRECTION('ref_axis',(-1.,0.,0.));
#6060=DIRECTION('',(-0.644384816013696,0.708997978398515,-0.286513656773659));
#6061=DIRECTION('center_axis',(0.,1.,0.));
#6062=DIRECTION('ref_axis',(-0.0971971365577112,0.,-0.995265148915093));
#6063=DIRECTION('center_axis',(0.,-1.,0.));
#6064=DIRECTION('ref_axis',(-0.0971971365577113,0.,-0.995265148915093));
#6065=DIRECTION('',(0.647899632258685,-0.707106781186611,0.283242063470401));
#6066=DIRECTION('center_axis',(0.,1.,0.));
#6067=DIRECTION('ref_axis',(-0.0971971365577113,0.,-0.995265148915093));
#6068=DIRECTION('center_axis',(0.,1.,0.));
#6069=DIRECTION('ref_axis',(-1.,0.,0.));
#6070=DIRECTION('center_axis',(0.,1.,0.));
#6071=DIRECTION('ref_axis',(-1.,0.,0.));
#6072=DIRECTION('center_axis',(0.,1.,0.));
#6073=DIRECTION('ref_axis',(-1.,0.,0.));
#6074=DIRECTION('',(0.,-1.,0.));
#6075=DIRECTION('center_axis',(0.,-1.,0.));
#6076=DIRECTION('ref_axis',(-1.,0.,0.));
#6077=DIRECTION('',(0.,-1.,0.));
#6078=DIRECTION('center_axis',(0.,1.,0.));
#6079=DIRECTION('ref_axis',(-1.,0.,0.));
#6080=DIRECTION('center_axis',(0.,1.,0.));
#6081=DIRECTION('ref_axis',(-1.,0.,0.));
#6082=DIRECTION('center_axis',(0.,1.,0.));
#6083=DIRECTION('ref_axis',(-1.,0.,0.));
#6084=DIRECTION('',(-0.334465403965846,0.707106781186544,0.623003124831624));
#6085=DIRECTION('center_axis',(0.,-1.,0.));
#6086=DIRECTION('ref_axis',(-1.,0.,0.));
#6087=DIRECTION('center_axis',(0.,-1.,0.));
#6088=DIRECTION('ref_axis',(0.767548418663029,0.,-0.640990971081406));
#6089=DIRECTION('center_axis',(0.,1.,0.));
#6090=DIRECTION('ref_axis',(0.767548418663029,0.,-0.640990971081406));
#6091=DIRECTION('center_axis',(0.,-1.,0.));
#6092=DIRECTION('ref_axis',(0.767548418663029,0.,-0.640990971081406));
#6093=DIRECTION('center_axis',(0.,1.,0.));
#6094=DIRECTION('ref_axis',(0.767548418663029,0.,-0.640990971081406));
#6095=DIRECTION('center_axis',(0.,-1.,0.));
#6096=DIRECTION('ref_axis',(0.767548418663029,0.,-0.640990971081406));
#6097=DIRECTION('',(0.,1.,0.));
#6098=DIRECTION('center_axis',(0.,1.,0.));
#6099=DIRECTION('ref_axis',(1.,0.,0.));
#6100=DIRECTION('center_axis',(0.,1.,0.));
#6101=DIRECTION('ref_axis',(1.,0.,0.));
#6102=DIRECTION('',(0.707106781186546,-0.707106781186549,-8.65956056235492E-17));
#6103=DIRECTION('center_axis',(0.,-1.,0.));
#6104=DIRECTION('ref_axis',(1.,0.,0.));
#6105=DIRECTION('center_axis',(0.,1.,0.));
#6106=DIRECTION('ref_axis',(-1.,0.,0.));
#6107=DIRECTION('',(0.707896865436337,0.,0.706315813149762));
#6108=DIRECTION('center_axis',(0.,-1.,0.));
#6109=DIRECTION('ref_axis',(-0.707896865436334,0.,-0.706315813149764));
#6110=DIRECTION('',(-0.707896865436337,0.,-0.706315813149762));
#6111=DIRECTION('center_axis',(0.,-1.,0.));
#6112=DIRECTION('ref_axis',(0.933772857780326,0.,-0.357866246065151));
#6113=DIRECTION('center_axis',(0.,1.,0.));
#6114=DIRECTION('ref_axis',(-1.,0.,0.));
#6115=DIRECTION('center_axis',(0.,-1.,0.));
#6116=DIRECTION('ref_axis',(-0.355777487502102,0.,0.934570692557118));
#6117=DIRECTION('center_axis',(0.,1.,0.));
#6118=DIRECTION('ref_axis',(1.,0.,0.));
#6119=DIRECTION('center_axis',(0.,1.,0.));
#6120=DIRECTION('ref_axis',(1.,0.,0.));
#6121=DIRECTION('center_axis',(0.,1.,0.));
#6122=DIRECTION('ref_axis',(-1.,0.,0.));
#6123=DIRECTION('center_axis',(0.,1.,0.));
#6124=DIRECTION('ref_axis',(1.,0.,0.));
#6125=DIRECTION('center_axis',(0.,1.,0.));
#6126=DIRECTION('ref_axis',(1.,0.,0.));
#6127=DIRECTION('center_axis',(0.,1.,0.));
#6128=DIRECTION('ref_axis',(1.,0.,0.));
#6129=DIRECTION('',(0.,1.,0.));
#6130=DIRECTION('center_axis',(0.,1.,0.));
#6131=DIRECTION('ref_axis',(1.,0.,0.));
#6132=DIRECTION('',(0.707106781186546,-0.707106781186549,-8.65956056235492E-17));
#6133=DIRECTION('center_axis',(0.,-1.,0.));
#6134=DIRECTION('ref_axis',(1.,0.,0.));
#6135=DIRECTION('center_axis',(0.,1.,0.));
#6136=DIRECTION('ref_axis',(1.,0.,0.));
#6137=DIRECTION('center_axis',(0.,1.,0.));
#6138=DIRECTION('ref_axis',(1.,0.,0.));
#6139=DIRECTION('',(0.,1.,0.));
#6140=DIRECTION('center_axis',(0.,1.,0.));
#6141=DIRECTION('ref_axis',(1.,0.,0.));
#6142=DIRECTION('',(0.707106781186546,-0.707106781186549,-8.65956056235492E-17));
#6143=DIRECTION('center_axis',(0.,-1.,0.));
#6144=DIRECTION('ref_axis',(1.,0.,0.));
#6145=DIRECTION('center_axis',(0.,1.,0.));
#6146=DIRECTION('ref_axis',(1.,0.,0.));
#6147=DIRECTION('center_axis',(0.,1.,0.));
#6148=DIRECTION('ref_axis',(1.,0.,0.));
#6149=DIRECTION('',(0.,1.,0.));
#6150=DIRECTION('center_axis',(0.,1.,0.));
#6151=DIRECTION('ref_axis',(1.,0.,0.));
#6152=DIRECTION('',(0.707106781186546,-0.707106781186549,-8.65956056235492E-17));
#6153=DIRECTION('center_axis',(0.,-1.,0.));
#6154=DIRECTION('ref_axis',(1.,0.,0.));
#6155=DIRECTION('center_axis',(0.,1.,0.));
#6156=DIRECTION('ref_axis',(1.,0.,0.));
#6157=DIRECTION('center_axis',(0.,1.,0.));
#6158=DIRECTION('ref_axis',(1.,0.,0.));
#6159=DIRECTION('',(0.,1.,0.));
#6160=DIRECTION('center_axis',(0.,1.,0.));
#6161=DIRECTION('ref_axis',(1.,0.,0.));
#6162=DIRECTION('center_axis',(0.,1.,0.));
#6163=DIRECTION('ref_axis',(1.,0.,0.));
#6164=DIRECTION('',(0.707106781186546,-0.707106781186549,-8.65956056235492E-17));
#6165=DIRECTION('center_axis',(0.,-1.,0.));
#6166=DIRECTION('ref_axis',(1.,0.,0.));
#6167=DIRECTION('center_axis',(0.,1.,0.));
#6168=DIRECTION('ref_axis',(-1.,0.,0.));
#6169=DIRECTION('',(-0.706315813149761,0.,0.707896865436337));
#6170=DIRECTION('center_axis',(0.,-1.,0.));
#6171=DIRECTION('ref_axis',(0.706315813149766,0.,-0.707896865436333));
#6172=DIRECTION('',(0.706315813149762,0.,-0.707896865436337));
#6173=DIRECTION('center_axis',(0.,-1.,0.));
#6174=DIRECTION('ref_axis',(0.357866246065153,0.,0.933772857780325));
#6175=DIRECTION('center_axis',(0.,1.,0.));
#6176=DIRECTION('ref_axis',(-0.00285408375097289,0.,-0.999995927094677));
#6177=DIRECTION('center_axis',(0.,-1.,0.));
#6178=DIRECTION('ref_axis',(-0.934570692557118,0.,-0.355777487502102));
#6179=DIRECTION('center_axis',(0.,1.,0.));
#6180=DIRECTION('ref_axis',(1.,0.,0.));
#6181=DIRECTION('center_axis',(0.,1.,0.));
#6182=DIRECTION('ref_axis',(1.,0.,0.));
#6183=DIRECTION('center_axis',(0.,1.,0.));
#6184=DIRECTION('ref_axis',(-1.,0.,0.));
#6185=DIRECTION('center_axis',(0.,1.,0.));
#6186=DIRECTION('ref_axis',(1.,0.,0.));
#6187=DIRECTION('center_axis',(0.,1.,0.));
#6188=DIRECTION('ref_axis',(1.,0.,0.));
#6189=DIRECTION('center_axis',(0.,1.,0.));
#6190=DIRECTION('ref_axis',(1.,0.,0.));
#6191=DIRECTION('',(0.,1.,0.));
#6192=DIRECTION('center_axis',(0.,1.,0.));
#6193=DIRECTION('ref_axis',(1.,0.,0.));
#6194=DIRECTION('',(0.707106781186546,-0.707106781186549,-8.65956056235492E-17));
#6195=DIRECTION('center_axis',(0.,-1.,0.));
#6196=DIRECTION('ref_axis',(1.,0.,0.));
#6197=DIRECTION('center_axis',(0.,1.,0.));
#6198=DIRECTION('ref_axis',(1.,0.,0.));
#6199=DIRECTION('center_axis',(0.,1.,0.));
#6200=DIRECTION('ref_axis',(1.,0.,0.));
#6201=DIRECTION('',(0.,1.,0.));
#6202=DIRECTION('center_axis',(0.,1.,0.));
#6203=DIRECTION('ref_axis',(1.,0.,0.));
#6204=DIRECTION('',(0.707106781186546,-0.707106781186549,-8.65956056235492E-17));
#6205=DIRECTION('center_axis',(0.,-1.,0.));
#6206=DIRECTION('ref_axis',(1.,0.,0.));
#6207=DIRECTION('center_axis',(0.,1.,0.));
#6208=DIRECTION('ref_axis',(1.,0.,0.));
#6209=DIRECTION('center_axis',(0.,1.,0.));
#6210=DIRECTION('ref_axis',(1.,0.,0.));
#6211=DIRECTION('',(0.,1.,0.));
#6212=DIRECTION('center_axis',(0.,1.,0.));
#6213=DIRECTION('ref_axis',(1.,0.,0.));
#6214=DIRECTION('',(0.707106781186546,-0.707106781186549,-8.65956056235492E-17));
#6215=DIRECTION('center_axis',(0.,-1.,0.));
#6216=DIRECTION('ref_axis',(1.,0.,0.));
#6217=DIRECTION('center_axis',(0.,1.,0.));
#6218=DIRECTION('ref_axis',(1.,0.,0.));
#6219=DIRECTION('center_axis',(0.,1.,0.));
#6220=DIRECTION('ref_axis',(1.,0.,0.));
#6221=DIRECTION('',(0.,1.,0.));
#6222=DIRECTION('center_axis',(0.,1.,0.));
#6223=DIRECTION('ref_axis',(1.,0.,0.));
#6224=DIRECTION('center_axis',(0.,1.,0.));
#6225=DIRECTION('ref_axis',(1.,0.,0.));
#6226=DIRECTION('',(0.707106781186546,-0.707106781186549,-8.65956056235492E-17));
#6227=DIRECTION('center_axis',(0.,-1.,0.));
#6228=DIRECTION('ref_axis',(1.,0.,0.));
#6229=DIRECTION('center_axis',(0.,1.,0.));
#6230=DIRECTION('ref_axis',(-1.,0.,0.));
#6231=DIRECTION('',(-0.707896865436337,0.,-0.706315813149761));
#6232=DIRECTION('center_axis',(0.,-1.,0.));
#6233=DIRECTION('ref_axis',(0.707896865436333,0.,0.706315813149766));
#6234=DIRECTION('',(0.707896865436337,0.,0.706315813149761));
#6235=DIRECTION('center_axis',(0.,-1.,0.));
#6236=DIRECTION('ref_axis',(-0.933772857780326,0.,0.357866246065152));
#6237=DIRECTION('center_axis',(0.,1.,0.));
#6238=DIRECTION('ref_axis',(0.999995927094677,0.,-0.00285408375097416));
#6239=DIRECTION('center_axis',(0.,-1.,0.));
#6240=DIRECTION('ref_axis',(0.355777487502102,0.,-0.934570692557118));
#6241=DIRECTION('center_axis',(0.,1.,0.));
#6242=DIRECTION('ref_axis',(1.,0.,0.));
#6243=DIRECTION('center_axis',(0.,1.,0.));
#6244=DIRECTION('ref_axis',(1.,0.,0.));
#6245=DIRECTION('center_axis',(0.,1.,0.));
#6246=DIRECTION('ref_axis',(-1.,0.,0.));
#6247=DIRECTION('center_axis',(0.,1.,0.));
#6248=DIRECTION('ref_axis',(1.,0.,0.));
#6249=DIRECTION('center_axis',(0.,1.,0.));
#6250=DIRECTION('ref_axis',(1.,0.,0.));
#6251=DIRECTION('center_axis',(0.,1.,0.));
#6252=DIRECTION('ref_axis',(1.,0.,0.));
#6253=DIRECTION('',(0.,1.,0.));
#6254=DIRECTION('center_axis',(0.,1.,0.));
#6255=DIRECTION('ref_axis',(1.,0.,0.));
#6256=DIRECTION('',(0.707106781186546,-0.707106781186549,-8.65956056235492E-17));
#6257=DIRECTION('center_axis',(0.,-1.,0.));
#6258=DIRECTION('ref_axis',(1.,0.,0.));
#6259=DIRECTION('center_axis',(0.,1.,0.));
#6260=DIRECTION('ref_axis',(1.,0.,0.));
#6261=DIRECTION('center_axis',(0.,1.,0.));
#6262=DIRECTION('ref_axis',(1.,0.,0.));
#6263=DIRECTION('',(0.,1.,0.));
#6264=DIRECTION('center_axis',(0.,1.,0.));
#6265=DIRECTION('ref_axis',(1.,0.,0.));
#6266=DIRECTION('',(0.707106781186546,-0.707106781186549,-8.65956056235492E-17));
#6267=DIRECTION('center_axis',(0.,-1.,0.));
#6268=DIRECTION('ref_axis',(1.,0.,0.));
#6269=DIRECTION('center_axis',(0.,1.,0.));
#6270=DIRECTION('ref_axis',(1.,0.,0.));
#6271=DIRECTION('center_axis',(0.,1.,0.));
#6272=DIRECTION('ref_axis',(1.,0.,0.));
#6273=DIRECTION('',(0.,1.,0.));
#6274=DIRECTION('center_axis',(0.,1.,0.));
#6275=DIRECTION('ref_axis',(1.,0.,0.));
#6276=DIRECTION('',(0.707106781186546,-0.707106781186549,-8.65956056235492E-17));
#6277=DIRECTION('center_axis',(0.,-1.,0.));
#6278=DIRECTION('ref_axis',(1.,0.,0.));
#6279=DIRECTION('center_axis',(0.,1.,0.));
#6280=DIRECTION('ref_axis',(1.,0.,0.));
#6281=DIRECTION('center_axis',(0.,1.,0.));
#6282=DIRECTION('ref_axis',(1.,0.,0.));
#6283=DIRECTION('',(0.,1.,0.));
#6284=DIRECTION('center_axis',(0.,1.,0.));
#6285=DIRECTION('ref_axis',(1.,0.,0.));
#6286=DIRECTION('center_axis',(0.,1.,0.));
#6287=DIRECTION('ref_axis',(1.,0.,0.));
#6288=DIRECTION('',(0.707106781186546,-0.707106781186549,-8.65956056235492E-17));
#6289=DIRECTION('center_axis',(0.,-1.,0.));
#6290=DIRECTION('ref_axis',(1.,0.,0.));
#6291=DIRECTION('center_axis',(0.,1.,0.));
#6292=DIRECTION('ref_axis',(-1.,0.,0.));
#6293=DIRECTION('',(-0.706315813149761,0.,0.707896865436337));
#6294=DIRECTION('center_axis',(0.,-1.,0.));
#6295=DIRECTION('ref_axis',(-0.357866246065152,0.,-0.933772857780326));
#6296=DIRECTION('center_axis',(0.,1.,0.));
#6297=DIRECTION('ref_axis',(0.00285408375097163,0.,0.999995927094677));
#6298=DIRECTION('center_axis',(0.,-1.,0.));
#6299=DIRECTION('ref_axis',(0.934570692557119,0.,0.3557774875021));
#6300=DIRECTION('',(0.706315813149761,0.,-0.707896865436337));
#6301=DIRECTION('center_axis',(0.,-1.,0.));
#6302=DIRECTION('ref_axis',(-0.706315813149764,0.,0.707896865436334));
#6303=DIRECTION('center_axis',(0.,1.,0.));
#6304=DIRECTION('ref_axis',(1.,0.,0.));
#6305=DIRECTION('center_axis',(0.,1.,0.));
#6306=DIRECTION('ref_axis',(1.,0.,0.));
#6307=DIRECTION('center_axis',(0.,1.,0.));
#6308=DIRECTION('ref_axis',(-1.,0.,0.));
#6309=DIRECTION('center_axis',(0.,1.,0.));
#6310=DIRECTION('ref_axis',(1.,0.,0.));
#6311=DIRECTION('center_axis',(0.,1.,0.));
#6312=DIRECTION('ref_axis',(1.,0.,0.));
#6313=DIRECTION('center_axis',(0.,1.,0.));
#6314=DIRECTION('ref_axis',(1.,0.,0.));
#6315=DIRECTION('',(0.,1.,0.));
#6316=DIRECTION('center_axis',(0.,1.,0.));
#6317=DIRECTION('ref_axis',(1.,0.,0.));
#6318=DIRECTION('',(0.707106781186546,-0.707106781186549,-8.65956056235492E-17));
#6319=DIRECTION('center_axis',(0.,-1.,0.));
#6320=DIRECTION('ref_axis',(1.,0.,0.));
#6321=DIRECTION('center_axis',(0.,1.,0.));
#6322=DIRECTION('ref_axis',(1.,0.,0.));
#6323=DIRECTION('center_axis',(0.,1.,0.));
#6324=DIRECTION('ref_axis',(1.,0.,0.));
#6325=DIRECTION('',(0.,1.,0.));
#6326=DIRECTION('center_axis',(0.,1.,0.));
#6327=DIRECTION('ref_axis',(1.,0.,0.));
#6328=DIRECTION('',(0.707106781186546,-0.707106781186549,-8.65956056235492E-17));
#6329=DIRECTION('center_axis',(0.,-1.,0.));
#6330=DIRECTION('ref_axis',(1.,0.,0.));
#6331=DIRECTION('center_axis',(0.,1.,0.));
#6332=DIRECTION('ref_axis',(1.,0.,0.));
#6333=DIRECTION('center_axis',(0.,1.,0.));
#6334=DIRECTION('ref_axis',(1.,0.,0.));
#6335=DIRECTION('',(0.,1.,0.));
#6336=DIRECTION('center_axis',(0.,1.,0.));
#6337=DIRECTION('ref_axis',(1.,0.,0.));
#6338=DIRECTION('',(0.707106781186546,-0.707106781186549,-8.65956056235492E-17));
#6339=DIRECTION('center_axis',(0.,-1.,0.));
#6340=DIRECTION('ref_axis',(1.,0.,0.));
#6341=DIRECTION('center_axis',(0.,1.,0.));
#6342=DIRECTION('ref_axis',(1.,0.,0.));
#6343=DIRECTION('center_axis',(0.,1.,0.));
#6344=DIRECTION('ref_axis',(1.,0.,0.));
#6345=DIRECTION('',(0.,1.,0.));
#6346=DIRECTION('center_axis',(0.628060546678882,0.,-0.778164474713042));
#6347=DIRECTION('ref_axis',(0.,-1.,0.));
#6348=DIRECTION('center_axis',(0.,1.,0.));
#6349=DIRECTION('ref_axis',(0.,0.,1.));
#6350=DIRECTION('center_axis',(0.776758221185019,0.,-0.629798909034848));
#6351=DIRECTION('ref_axis',(0.,-1.,0.));
#6352=DIRECTION('center_axis',(0.,1.,0.));
#6353=DIRECTION('ref_axis',(-0.707896865436334,0.,-0.706315813149765));
#6354=DIRECTION('center_axis',(0.778164474713037,0.,0.628060546678888));
#6355=DIRECTION('ref_axis',(0.,-1.,0.));
#6356=DIRECTION('center_axis',(0.,1.,0.));
#6357=DIRECTION('ref_axis',(0.,0.,1.));
#6358=DIRECTION('center_axis',(0.629798909034848,0.,0.776758221185019));
#6359=DIRECTION('ref_axis',(0.,-1.,0.));
#6360=DIRECTION('center_axis',(0.,1.,0.));
#6361=DIRECTION('ref_axis',(0.706315813149766,0.,-0.707896865436332));
#6362=DIRECTION('center_axis',(0.62979890903485,0.,0.776758221185017));
#6363=DIRECTION('ref_axis',(-0.773337199425152,0.0937500000008501,0.627025129867299));
#6364=DIRECTION('center_axis',(0.,1.,0.));
#6365=DIRECTION('ref_axis',(0.,0.,1.));
#6366=DIRECTION('center_axis',(0.778164474713033,0.,0.628060546678893));
#6367=DIRECTION('ref_axis',(-0.625294423658792,0.0937500000002297,0.77473725948942));
#6368=DIRECTION('center_axis',(0.,1.,0.));
#6369=DIRECTION('ref_axis',(-0.706315813149765,0.,0.707896865436334));
#6370=DIRECTION('center_axis',(0.,-1.,0.));
#6371=DIRECTION('ref_axis',(0.,0.,-1.));
#6372=DIRECTION('center_axis',(0.,1.,0.));
#6373=DIRECTION('ref_axis',(-0.706315813149761,0.,0.707896865436337));
#6374=DIRECTION('center_axis',(-0.628060546678885,0.,0.778164474713039));
#6375=DIRECTION('ref_axis',(0.,-1.,0.));
#6376=DIRECTION('center_axis',(0.,1.,0.));
#6377=DIRECTION('ref_axis',(0.,0.,1.));
#6378=DIRECTION('center_axis',(-0.776758221185019,0.,0.629798909034848));
#6379=DIRECTION('ref_axis',(0.,-1.,0.));
#6380=DIRECTION('center_axis',(0.,1.,0.));
#6381=DIRECTION('ref_axis',(0.707896865436332,0.,0.706315813149766));
#6382=DIRECTION('center_axis',(0.,1.,0.));
#6383=DIRECTION('ref_axis',(-1.,0.,0.));
#6384=DIRECTION('center_axis',(0.,-1.,0.));
#6385=DIRECTION('ref_axis',(1.,0.,0.));
#6386=DIRECTION('center_axis',(0.,1.,0.));
#6387=DIRECTION('ref_axis',(-0.106253578870303,0.,-0.994339065398344));
#6388=DIRECTION('center_axis',(0.,-1.,0.));
#6389=DIRECTION('ref_axis',(1.,0.,0.));
#6390=DIRECTION('center_axis',(0.,1.,0.));
#6391=DIRECTION('ref_axis',(0.99433906545277,0.,-0.106253578360977));
#6392=DIRECTION('center_axis',(0.,-1.,0.));
#6393=DIRECTION('ref_axis',(1.,0.,0.));
#6394=DIRECTION('center_axis',(0.,1.,0.));
#6395=DIRECTION('ref_axis',(0.106253562197187,0.,0.994339067180008));
#6396=DIRECTION('center_axis',(0.,-1.,0.));
#6397=DIRECTION('ref_axis',(1.,0.,0.));
#6398=DIRECTION('center_axis',(0.,1.,0.));
#6399=DIRECTION('ref_axis',(-0.994339067125582,0.,0.106253562706514));
#6400=DIRECTION('center_axis',(0.,1.,0.));
#6401=DIRECTION('ref_axis',(0.99433906545277,0.,-0.106253578360977));
#6402=DIRECTION('center_axis',(0.,1.,0.));
#6403=DIRECTION('ref_axis',(0.106253562197187,0.,0.994339067180008));
#6404=DIRECTION('center_axis',(0.,1.,0.));
#6405=DIRECTION('ref_axis',(-0.994339067125582,0.,0.106253562706514));
#6406=DIRECTION('center_axis',(0.,1.,0.));
#6407=DIRECTION('ref_axis',(-0.106253578870303,0.,-0.994339065398344));
#6408=DIRECTION('center_axis',(0.,1.,0.));
#6409=DIRECTION('ref_axis',(8.12790574306409E-9,0.,-1.));
#6410=DIRECTION('center_axis',(0.,-1.,0.));
#6411=DIRECTION('ref_axis',(1.,0.,0.));
#6412=DIRECTION('center_axis',(0.,1.,0.));
#6413=DIRECTION('ref_axis',(-1.,0.,0.));
#6414=DIRECTION('center_axis',(0.,-1.,0.));
#6415=DIRECTION('ref_axis',(-1.,0.,0.));
#6416=DIRECTION('center_axis',(-1.,0.,0.));
#6417=DIRECTION('ref_axis',(0.,0.,1.));
#6418=DIRECTION('',(0.,0.,-1.));
#6419=DIRECTION('',(0.,1.,0.));
#6420=DIRECTION('center_axis',(1.,0.,0.));
#6421=DIRECTION('ref_axis',(0.,0.,-1.));
#6422=DIRECTION('',(0.,-1.,0.));
#6423=DIRECTION('',(0.,0.,1.));
#6424=DIRECTION('center_axis',(0.,-1.,0.));
#6425=DIRECTION('ref_axis',(0.,0.,-1.));
#6426=DIRECTION('center_axis',(0.,1.,0.));
#6427=DIRECTION('ref_axis',(0.707896865436337,0.,0.706315813149761));
#6428=DIRECTION('center_axis',(0.,1.,0.));
#6429=DIRECTION('ref_axis',(-1.,0.,0.));
#6430=DIRECTION('',(0.707896865436337,0.,0.706315813149761));
#6431=DIRECTION('',(-0.707896865436337,0.,-0.706315813149761));
#6432=DIRECTION('center_axis',(0.,-1.,0.));
#6433=DIRECTION('ref_axis',(0.,0.,-1.));
#6434=DIRECTION('center_axis',(0.,1.,0.));
#6435=DIRECTION('ref_axis',(-0.707896865436337,0.,-0.706315813149761));
#6436=DIRECTION('center_axis',(0.,1.,0.));
#6437=DIRECTION('ref_axis',(-1.,0.,0.));
#6438=DIRECTION('',(-0.707896865436337,0.,-0.706315813149762));
#6439=DIRECTION('',(0.707896865436337,0.,0.706315813149762));
#6440=DIRECTION('center_axis',(0.,1.,0.));
#6441=DIRECTION('ref_axis',(-1.,0.,0.));
#6442=DIRECTION('',(-0.706315813149761,0.,0.707896865436337));
#6443=DIRECTION('',(0.706315813149761,0.,-0.707896865436337));
#6444=DIRECTION('center_axis',(0.,1.,0.));
#6445=DIRECTION('ref_axis',(8.12790552101948E-9,0.,1.));
#6446=DIRECTION('center_axis',(0.,-1.,0.));
#6447=DIRECTION('ref_axis',(1.,0.,0.));
#6448=DIRECTION('center_axis',(0.,1.,0.));
#6449=DIRECTION('ref_axis',(1.,0.,0.));
#6450=DIRECTION('center_axis',(0.,-1.,0.));
#6451=DIRECTION('ref_axis',(1.,0.,0.));
#6452=DIRECTION('center_axis',(0.,1.,0.));
#6453=DIRECTION('ref_axis',(-1.,0.,-1.21918520948965E-8));
#6454=DIRECTION('center_axis',(0.,-1.,0.));
#6455=DIRECTION('ref_axis',(1.,0.,0.));
#6456=DIRECTION('center_axis',(0.,1.,0.));
#6457=DIRECTION('ref_axis',(-0.357866246065152,0.,-0.933772857780326));
#6458=DIRECTION('',(0.,-1.,0.));
#6459=DIRECTION('center_axis',(0.706315813149761,0.,-0.707896865436337));
#6460=DIRECTION('ref_axis',(0.500558673930735,0.707106781186547,0.499440701137487));
#6461=DIRECTION('',(0.706315813149761,0.,-0.707896865436337));
#6462=DIRECTION('center_axis',(-0.706315813149761,0.,0.707896865436337));
#6463=DIRECTION('ref_axis',(-0.500558673930734,0.707106781186548,-0.499440701137487));
#6464=DIRECTION('',(-0.706315813149761,0.,0.707896865436337));
#6465=DIRECTION('center_axis',(0.,-1.,0.));
#6466=DIRECTION('ref_axis',(0.934570692557119,0.,0.3557774875021));
#6467=DIRECTION('',(0.,1.,0.));
#6468=DIRECTION('center_axis',(0.,1.,0.));
#6469=DIRECTION('ref_axis',(-0.377038140334326,0.,0.926197733064184));
#6470=DIRECTION('center_axis',(1.,0.,0.));
#6471=DIRECTION('ref_axis',(0.,0.,-1.));
#6472=DIRECTION('',(0.,0.,1.));
#6473=DIRECTION('',(0.,1.,0.));
#6474=DIRECTION('',(0.,0.,-1.));
#6475=DIRECTION('',(0.,-1.,0.));
#6476=DIRECTION('center_axis',(-0.707106781186548,-0.707106781186548,0.));
#6477=DIRECTION('ref_axis',(0.,0.,1.));
#6478=DIRECTION('',(-0.707106781186548,0.707106781186548,0.));
#6479=DIRECTION('center_axis',(0.707106781186546,-0.707106781186549,0.));
#6480=DIRECTION('ref_axis',(0.,0.,-1.));
#6481=DIRECTION('center_axis',(0.707106781186546,-0.707106781186549,0.));
#6482=DIRECTION('ref_axis',(-0.707106781186549,-0.707106781186546,0.));
#6483=DIRECTION('',(-0.707106781186549,-0.707106781186546,0.));
#6484=DIRECTION('center_axis',(0.,1.,0.));
#6485=DIRECTION('ref_axis',(0.0971971072958416,0.,0.995265151772793));
#6486=DIRECTION('center_axis',(0.,1.,0.));
#6487=DIRECTION('ref_axis',(0.0971971072958416,0.,0.995265151772793));
#6488=DIRECTION('center_axis',(0.,-0.707106781186548,0.707106781186548));
#6489=DIRECTION('ref_axis',(6.5420519111824E-17,-0.707106781186547,-0.707106781186547));
#6490=DIRECTION('',(0.,1.,0.));
#6491=DIRECTION('center_axis',(0.,-0.707106781186548,0.707106781186548));
#6492=DIRECTION('ref_axis',(1.,0.,0.));
#6493=DIRECTION('',(1.,0.,0.));
#6494=DIRECTION('',(1.,0.,0.));
#6495=DIRECTION('center_axis',(0.,1.,0.));
#6496=DIRECTION('ref_axis',(0.0971971072958416,0.,0.995265151772793));
#6497=DIRECTION('center_axis',(0.,1.,0.));
#6498=DIRECTION('ref_axis',(0.0971971072958416,0.,0.995265151772793));
#6499=DIRECTION('',(0.,-1.,0.));
#6500=DIRECTION('center_axis',(-0.707106781186548,-0.707106781186548,0.));
#6501=DIRECTION('ref_axis',(0.707106781186547,-0.707106781186547,0.));
#6502=DIRECTION('center_axis',(-0.707106781186548,-0.707106781186548,0.));
#6503=DIRECTION('ref_axis',(0.,0.,1.));
#6504=DIRECTION('',(0.,0.,1.));
#6505=DIRECTION('',(0.,0.,1.));
#6506=DIRECTION('center_axis',(0.,1.,0.));
#6507=DIRECTION('ref_axis',(-1.,0.,0.));
#6508=DIRECTION('',(1.,0.,0.));
#6509=DIRECTION('center_axis',(0.,-1.,0.));
#6510=DIRECTION('ref_axis',(0.707106781186548,0.,-0.707106781186548));
#6511=DIRECTION('',(0.,0.,1.));
#6512=DIRECTION('center_axis',(0.,1.,0.));
#6513=DIRECTION('ref_axis',(0.0971971072958416,0.,0.995265151772793));
#6514=DIRECTION('center_axis',(0.,1.,0.));
#6515=DIRECTION('ref_axis',(0.0971971072958416,0.,0.995265151772793));
#6516=DIRECTION('center_axis',(-0.707106781186548,-0.707106781186548,0.));
#6517=DIRECTION('ref_axis',(0.707106781186547,-0.707106781186548,-3.92523114670944E-17));
#6518=DIRECTION('',(0.,1.,0.));
#6519=DIRECTION('center_axis',(0.,1.,0.));
#6520=DIRECTION('ref_axis',(-1.,0.,0.));
#6521=DIRECTION('',(0.,0.,-1.));
#6522=DIRECTION('center_axis',(0.,-1.,0.));
#6523=DIRECTION('ref_axis',(0.990702478296046,0.,-0.13604631379818));
#6524=DIRECTION('center_axis',(0.,-1.,0.));
#6525=DIRECTION('ref_axis',(-1.,0.,0.));
#6526=DIRECTION('center_axis',(0.,-1.,0.));
#6527=DIRECTION('ref_axis',(0.763636363636364,0.,0.645646578347807));
#6528=DIRECTION('',(0.,0.,-1.));
#6529=DIRECTION('center_axis',(-0.707106781186548,-0.707106781186548,0.));
#6530=DIRECTION('ref_axis',(0.,0.,1.));
#6531=DIRECTION('',(0.,0.,1.));
#6532=DIRECTION('',(0.,0.,1.));
#6533=DIRECTION('center_axis',(0.,1.,0.));
#6534=DIRECTION('ref_axis',(-1.,0.,0.));
#6535=DIRECTION('',(0.,0.,1.));
#6536=DIRECTION('center_axis',(0.,-1.,0.));
#6537=DIRECTION('ref_axis',(0.707106781186548,0.,0.707106781186548));
#6538=DIRECTION('',(-1.,0.,0.));
#6539=DIRECTION('center_axis',(0.,1.,0.));
#6540=DIRECTION('ref_axis',(0.0971971072958416,0.,0.995265151772793));
#6541=DIRECTION('',(-1.,0.,0.));
#6542=DIRECTION('center_axis',(0.,1.,0.));
#6543=DIRECTION('ref_axis',(0.0971971072958416,0.,0.995265151772793));
#6544=DIRECTION('',(0.,-1.,0.));
#6545=DIRECTION('center_axis',(0.,-0.707106781186548,-0.707106781186548));
#6546=DIRECTION('ref_axis',(0.,-0.707106781186548,0.707106781186547));
#6547=DIRECTION('center_axis',(0.,-0.707106781186548,-0.707106781186548));
#6548=DIRECTION('ref_axis',(-1.,0.,0.));
#6549=DIRECTION('',(-1.,0.,0.));
#6550=DIRECTION('center_axis',(0.,1.,0.));
#6551=DIRECTION('ref_axis',(-0.0971971365577113,0.,-0.995265148915093));
#6552=DIRECTION('center_axis',(0.,1.,0.));
#6553=DIRECTION('ref_axis',(-0.0971971365577113,0.,-0.995265148915093));
#6554=DIRECTION('center_axis',(0.,-0.707106781186548,-0.707106781186548));
#6555=DIRECTION('ref_axis',(5.23364152894592E-17,-0.707106781186548,0.707106781186548));
#6556=DIRECTION('',(0.,1.,0.));
#6557=DIRECTION('center_axis',(0.,1.,0.));
#6558=DIRECTION('ref_axis',(-1.,0.,0.));
#6559=DIRECTION('',(1.,0.,0.));
#6560=DIRECTION('center_axis',(0.,-1.,0.));
#6561=DIRECTION('ref_axis',(0.136046297693507,0.,0.990702480507589));
#6562=DIRECTION('center_axis',(0.,-1.,0.));
#6563=DIRECTION('ref_axis',(-1.,0.,0.));
#6564=DIRECTION('center_axis',(0.,-1.,0.));
#6565=DIRECTION('ref_axis',(-0.645646578347807,0.,0.763636363636364));
#6566=DIRECTION('',(1.,0.,0.));
#6567=DIRECTION('center_axis',(0.,-0.707106781186548,-0.707106781186548));
#6568=DIRECTION('ref_axis',(-1.,0.,0.));
#6569=DIRECTION('',(-1.,0.,0.));
#6570=DIRECTION('',(-1.,0.,0.));
#6571=DIRECTION('center_axis',(0.,1.,0.));
#6572=DIRECTION('ref_axis',(-1.,0.,0.));
#6573=DIRECTION('center_axis',(0.,1.,0.));
#6574=DIRECTION('ref_axis',(-0.0971971365577113,0.,-0.995265148915093));
#6575=DIRECTION('',(0.,0.,-1.));
#6576=DIRECTION('',(-1.,0.,0.));
#6577=DIRECTION('center_axis',(0.,-1.,0.));
#6578=DIRECTION('ref_axis',(-0.707106781186548,0.,0.707106781186548));
#6579=DIRECTION('',(0.,0.,-1.));
#6580=DIRECTION('center_axis',(0.,1.,0.));
#6581=DIRECTION('ref_axis',(-0.0971971365577113,0.,-0.995265148915093));
#6582=DIRECTION('',(0.,-1.,0.));
#6583=DIRECTION('center_axis',(0.707106781186548,-0.707106781186548,0.));
#6584=DIRECTION('ref_axis',(-0.707106781186548,-0.707106781186548,-1.30841038223648E-17));
#6585=DIRECTION('center_axis',(0.707106781186548,-0.707106781186548,0.));
#6586=DIRECTION('ref_axis',(0.,0.,-1.));
#6587=DIRECTION('',(0.,0.,-1.));
#6588=DIRECTION('center_axis',(0.,1.,0.));
#6589=DIRECTION('ref_axis',(-0.0971971365577113,0.,-0.995265148915093));
#6590=DIRECTION('center_axis',(0.,1.,0.));
#6591=DIRECTION('ref_axis',(-0.0971971365577113,0.,-0.995265148915093));
#6592=DIRECTION('center_axis',(0.707106781186548,-0.707106781186548,0.));
#6593=DIRECTION('ref_axis',(-0.707106781186548,-0.707106781186548,6.5420519111824E-17));
#6594=DIRECTION('',(0.,1.,0.));
#6595=DIRECTION('center_axis',(0.,1.,0.));
#6596=DIRECTION('ref_axis',(-1.,0.,0.));
#6597=DIRECTION('',(0.,0.,1.));
#6598=DIRECTION('center_axis',(0.,-1.,0.));
#6599=DIRECTION('ref_axis',(-0.763636363636364,0.,-0.645646578347807));
#6600=DIRECTION('center_axis',(0.,-1.,0.));
#6601=DIRECTION('ref_axis',(-1.,0.,0.));
#6602=DIRECTION('center_axis',(0.,-1.,0.));
#6603=DIRECTION('ref_axis',(-0.763636363636364,0.,-0.645646578347807));
#6604=DIRECTION('',(0.,0.,1.));
#6605=DIRECTION('center_axis',(0.707106781186548,-0.707106781186548,0.));
#6606=DIRECTION('ref_axis',(0.,0.,-1.));
#6607=DIRECTION('',(0.,0.,-1.));
#6608=DIRECTION('',(0.,0.,-1.));
#6609=DIRECTION('center_axis',(0.,1.,0.));
#6610=DIRECTION('ref_axis',(-0.0971971365577113,0.,-0.995265148915093));
#6611=DIRECTION('center_axis',(0.,1.,0.));
#6612=DIRECTION('ref_axis',(-0.0971971365577113,0.,-0.995265148915093));
#6613=DIRECTION('',(0.,-1.,0.));
#6614=DIRECTION('center_axis',(0.,-0.707106781186548,0.707106781186548));
#6615=DIRECTION('ref_axis',(1.30841038223648E-17,-0.707106781186548,-0.707106781186548));
#6616=DIRECTION('center_axis',(0.,-0.707106781186548,0.707106781186548));
#6617=DIRECTION('ref_axis',(1.,0.,0.));
#6618=DIRECTION('',(1.,0.,0.));
#6619=DIRECTION('',(1.,0.,0.));
#6620=DIRECTION('center_axis',(0.,1.,0.));
#6621=DIRECTION('ref_axis',(-1.,0.,0.));
#6622=DIRECTION('',(0.,0.,-1.));
#6623=DIRECTION('center_axis',(0.,-1.,0.));
#6624=DIRECTION('ref_axis',(-0.707106781186548,0.,-0.707106781186548));
#6625=DIRECTION('',(1.,0.,0.));
#6626=DIRECTION('center_axis',(0.,1.,0.));
#6627=DIRECTION('ref_axis',(-1.,0.,0.));
#6628=DIRECTION('',(0.,-1.,0.));
#6629=DIRECTION('center_axis',(0.,-1.,0.));
#6630=DIRECTION('ref_axis',(-1.,0.,0.));
#6631=DIRECTION('',(0.,1.,0.));
#6632=DIRECTION('center_axis',(-0.707106781186546,-0.707106781186549,0.));
#6633=DIRECTION('ref_axis',(-0.707106781186549,0.707106781186546,0.));
#6634=DIRECTION('center_axis',(-0.707106781186546,-0.707106781186549,0.));
#6635=DIRECTION('ref_axis',(0.,0.,1.));
#6636=DIRECTION('',(-0.707106781186549,0.707106781186546,0.));
#6637=DIRECTION('',(0.,0.,-1.));
#6638=DIRECTION('center_axis',(0.,-1.,0.));
#6639=DIRECTION('ref_axis',(1.,0.,0.));
#6640=DIRECTION('',(1.,0.,0.));
#6641=DIRECTION('',(0.,0.,1.));
#6642=DIRECTION('center_axis',(0.707106781186548,-0.707106781186547,0.));
#6643=DIRECTION('ref_axis',(0.,0.,-1.));
#6644=DIRECTION('',(-0.707106781186547,-0.707106781186548,0.));
#6645=DIRECTION('',(0.,0.,-1.));
#6646=DIRECTION('center_axis',(0.,1.,0.));
#6647=DIRECTION('ref_axis',(-1.,0.,0.));
#6648=DIRECTION('',(-1.,0.,0.));
#6649=DIRECTION('center_axis',(0.,-1.,0.));
#6650=DIRECTION('ref_axis',(-0.136046312697573,0.,-0.990702478447185));
#6651=DIRECTION('',(1.,0.,0.));
#6652=DIRECTION('',(1.,0.,0.));
#6653=DIRECTION('center_axis',(0.,-1.,0.));
#6654=DIRECTION('ref_axis',(0.645646578347807,0.,-0.763636363636364));
#6655=DIRECTION('',(-1.,0.,0.));
#6656=DIRECTION('center_axis',(-1.,0.,0.));
#6657=DIRECTION('ref_axis',(0.,0.,1.));
#6658=DIRECTION('',(0.,1.,0.));
#6659=DIRECTION('',(0.,0.,1.));
#6660=DIRECTION('',(0.,-1.,0.));
#6661=DIRECTION('center_axis',(0.,-1.,0.));
#6662=DIRECTION('ref_axis',(0.401847463102754,0.,0.915706621357452));
#6663=DIRECTION('center_axis',(0.707896865436337,0.,0.706315813149762));
#6664=DIRECTION('ref_axis',(0.706315813149762,0.,-0.707896865436337));
#6665=DIRECTION('center_axis',(0.,1.,0.));
#6666=DIRECTION('ref_axis',(-0.933772857780326,0.,0.357866246065152));
#6667=DIRECTION('',(0.,-1.,0.));
#6668=DIRECTION('center_axis',(-0.707896865436337,0.,-0.706315813149761));
#6669=DIRECTION('ref_axis',(0.499440701137487,0.707106781186547,-0.500558673930735));
#6670=DIRECTION('',(-0.707896865436337,0.,-0.706315813149761));
#6671=DIRECTION('center_axis',(0.707896865436337,0.,0.706315813149761));
#6672=DIRECTION('ref_axis',(-0.499440701137486,0.707106781186547,0.500558673930735));
#6673=DIRECTION('',(0.707896865436337,0.,0.706315813149761));
#6674=DIRECTION('center_axis',(0.,-1.,0.));
#6675=DIRECTION('ref_axis',(0.355777487502102,0.,-0.934570692557118));
#6676=DIRECTION('',(0.,1.,0.));
#6677=DIRECTION('center_axis',(0.,1.,0.));
#6678=DIRECTION('ref_axis',(0.926197729566483,0.,0.37703814892646));
#6679=DIRECTION('center_axis',(0.,1.,0.));
#6680=DIRECTION('ref_axis',(-1.,0.,0.));
#6681=DIRECTION('center_axis',(0.,1.,0.));
#6682=DIRECTION('ref_axis',(0.707896865436337,0.,0.706315813149761));
#6683=DIRECTION('center_axis',(0.,1.,0.));
#6684=DIRECTION('ref_axis',(-1.,0.,0.));
#6685=DIRECTION('center_axis',(3.1333045162449E-16,1.,-1.35466521216318E-16));
#6686=DIRECTION('ref_axis',(0.706315813149761,-3.1720657846433E-16,-0.707896865436337));
#6687=DIRECTION('center_axis',(0.,1.,0.));
#6688=DIRECTION('ref_axis',(0.933772857780326,0.,-0.357866246065151));
#6689=DIRECTION('',(0.,-1.,0.));
#6690=DIRECTION('center_axis',(0.707896865436337,0.,0.706315813149762));
#6691=DIRECTION('ref_axis',(-0.499440701137487,0.707106781186547,0.500558673930735));
#6692=DIRECTION('',(0.707896865436337,0.,0.706315813149762));
#6693=DIRECTION('center_axis',(-0.707896865436337,0.,-0.706315813149762));
#6694=DIRECTION('ref_axis',(0.499440701137487,0.707106781186548,-0.500558673930734));
#6695=DIRECTION('',(-0.707896865436337,0.,-0.706315813149762));
#6696=DIRECTION('center_axis',(0.,-1.,0.));
#6697=DIRECTION('ref_axis',(-0.355777487502102,0.,0.934570692557118));
#6698=DIRECTION('',(0.,1.,0.));
#6699=DIRECTION('center_axis',(0.,1.,0.));
#6700=DIRECTION('ref_axis',(-1.,0.,0.));
#6701=DIRECTION('center_axis',(-1.35466523599152E-16,1.,-3.13330449236322E-16));
#6702=DIRECTION('ref_axis',(-0.707896865436337,-3.1720657846433E-16,-0.706315813149762));
#6703=DIRECTION('center_axis',(0.,-1.,0.));
#6704=DIRECTION('ref_axis',(-0.934570692557118,0.,-0.355777487502102));
#6705=DIRECTION('',(0.,1.,0.));
#6706=DIRECTION('center_axis',(0.,1.,0.));
#6707=DIRECTION('ref_axis',(0.357866246065153,0.,0.933772857780325));
#6708=DIRECTION('',(0.,-1.,0.));
#6709=DIRECTION('center_axis',(0.,1.,0.));
#6710=DIRECTION('ref_axis',(-1.,0.,0.));
#6711=DIRECTION('',(0.706315813149762,0.,-0.707896865436337));
#6712=DIRECTION('center_axis',(0.,1.,0.));
#6713=DIRECTION('ref_axis',(0.706315813149761,0.,-0.707896865436337));
#6714=DIRECTION('',(-0.706315813149761,0.,0.707896865436337));
#6715=DIRECTION('center_axis',(0.706315813149761,0.,-0.707896865436337));
#6716=DIRECTION('ref_axis',(0.500558673930735,0.707106781186546,0.499440701137488));
#6717=DIRECTION('',(0.706315813149761,0.,-0.707896865436337));
#6718=DIRECTION('center_axis',(-0.706315813149762,0.,0.707896865436337));
#6719=DIRECTION('ref_axis',(-0.500558673930735,0.707106781186547,-0.499440701137487));
#6720=DIRECTION('',(-0.706315813149762,0.,0.707896865436337));
#6721=DIRECTION('center_axis',(0.,1.,0.));
#6722=DIRECTION('ref_axis',(-1.,0.,0.));
#6723=DIRECTION('',(0.,-1.,0.));
#6724=DIRECTION('center_axis',(0.,1.,0.));
#6725=DIRECTION('ref_axis',(-1.,0.,0.));
#6726=DIRECTION('center_axis',(0.,1.,0.));
#6727=DIRECTION('ref_axis',(-1.,0.,0.));
#6728=DIRECTION('',(0.,-1.,0.));
#6729=DIRECTION('center_axis',(0.,1.,0.));
#6730=DIRECTION('ref_axis',(-1.,0.,0.));
#6731=DIRECTION('center_axis',(0.,1.,0.));
#6732=DIRECTION('ref_axis',(-1.,0.,0.));
#6733=DIRECTION('',(0.,-1.,0.));
#6734=DIRECTION('center_axis',(0.,1.,0.));
#6735=DIRECTION('ref_axis',(-1.,0.,0.));
#6736=DIRECTION('center_axis',(0.707896865436337,0.,0.706315813149761));
#6737=DIRECTION('ref_axis',(0.706315813149761,0.,-0.707896865436337));
#6738=DIRECTION('',(0.,1.,0.));
#6739=DIRECTION('',(0.706315813149761,0.,-0.707896865436337));
#6740=DIRECTION('',(0.,-1.,0.));
#6741=DIRECTION('center_axis',(0.,1.,0.));
#6742=DIRECTION('ref_axis',(-0.357866246065152,0.,-0.933772857780326));
#6743=DIRECTION('center_axis',(0.,-1.,0.));
#6744=DIRECTION('ref_axis',(-0.357866246065152,0.,-0.933772857780326));
#6745=DIRECTION('',(0.,1.,0.));
#6746=DIRECTION('center_axis',(0.,1.,0.));
#6747=DIRECTION('ref_axis',(0.706315813149761,0.,-0.707896865436337));
#6748=DIRECTION('center_axis',(0.,-1.,0.));
#6749=DIRECTION('ref_axis',(0.00285408375097163,0.,0.999995927094677));
#6750=DIRECTION('',(0.,1.,0.));
#6751=DIRECTION('center_axis',(0.,-1.,0.));
#6752=DIRECTION('ref_axis',(0.934570692557119,0.,0.3557774875021));
#6753=DIRECTION('center_axis',(0.,-1.,0.));
#6754=DIRECTION('ref_axis',(0.934570692557119,0.,0.3557774875021));
#6755=DIRECTION('',(0.,1.,0.));
#6756=DIRECTION('center_axis',(-0.707896865436337,0.,-0.706315813149761));
#6757=DIRECTION('ref_axis',(-0.706315813149761,0.,0.707896865436337));
#6758=DIRECTION('',(-0.706315813149761,0.,0.707896865436337));
#6759=DIRECTION('',(0.,-1.,0.));
#6760=DIRECTION('center_axis',(0.,-1.,0.));
#6761=DIRECTION('ref_axis',(-0.707896865436337,0.,-0.706315813149761));
#6762=DIRECTION('center_axis',(0.,-1.,0.));
#6763=DIRECTION('ref_axis',(-0.707896865436337,0.,-0.706315813149761));
#6764=DIRECTION('',(0.,1.,0.));
#6765=DIRECTION('center_axis',(0.,1.,0.));
#6766=DIRECTION('ref_axis',(0.0971971072958416,0.,0.995265151772793));
#6767=DIRECTION('center_axis',(0.,1.,0.));
#6768=DIRECTION('ref_axis',(0.995265150192775,0.,-0.0971971234746849));
#6769=DIRECTION('center_axis',(-0.707106781186547,-0.707106781186548,0.));
#6770=DIRECTION('ref_axis',(0.707106781186548,-0.707106781186547,-2.61682076447296E-17));
#6771=DIRECTION('center_axis',(-0.707106781186547,-0.707106781186548,0.));
#6772=DIRECTION('ref_axis',(0.,0.,1.));
#6773=DIRECTION('',(0.,0.,1.));
#6774=DIRECTION('',(-0.707106781186548,0.707106781186547,0.));
#6775=DIRECTION('center_axis',(0.,0.,1.));
#6776=DIRECTION('ref_axis',(1.,0.,0.));
#6777=DIRECTION('',(0.,-1.,0.));
#6778=DIRECTION('',(1.,0.,0.));
#6779=DIRECTION('center_axis',(0.,1.,0.));
#6780=DIRECTION('ref_axis',(0.645646578347807,0.,-0.763636363636364));
#6781=DIRECTION('center_axis',(0.,-1.,0.));
#6782=DIRECTION('ref_axis',(0.645646578347807,0.,-0.763636363636364));
#6783=DIRECTION('',(0.,-1.,0.));
#6784=DIRECTION('center_axis',(0.,0.,1.));
#6785=DIRECTION('ref_axis',(1.,0.,0.));
#6786=DIRECTION('',(-1.,0.,0.));
#6787=DIRECTION('',(0.,-1.,0.));
#6788=DIRECTION('center_axis',(0.,1.,0.));
#6789=DIRECTION('ref_axis',(0.707106781186548,0.,-0.707106781186548));
#6790=DIRECTION('center_axis',(0.,-1.,0.));
#6791=DIRECTION('ref_axis',(0.707106781186548,0.,-0.707106781186548));
#6792=DIRECTION('',(0.,1.,0.));
#6793=DIRECTION('center_axis',(-1.,0.,0.));
#6794=DIRECTION('ref_axis',(0.,0.,1.));
#6795=DIRECTION('',(0.,0.,-1.));
#6796=DIRECTION('',(0.,1.,0.));
#6797=DIRECTION('center_axis',(0.,1.,0.));
#6798=DIRECTION('ref_axis',(0.990702478296046,0.,-0.13604631379818));
#6799=DIRECTION('',(0.,1.,0.));
#6800=DIRECTION('center_axis',(0.,-1.,0.));
#6801=DIRECTION('ref_axis',(0.990702478296046,0.,-0.13604631379818));
#6802=DIRECTION('center_axis',(0.,1.,0.));
#6803=DIRECTION('ref_axis',(-1.,0.,0.));
#6804=DIRECTION('',(0.,-1.,0.));
#6805=DIRECTION('center_axis',(0.,-1.,0.));
#6806=DIRECTION('ref_axis',(-1.,0.,0.));
#6807=DIRECTION('center_axis',(0.,1.,0.));
#6808=DIRECTION('ref_axis',(0.763636363636364,0.,0.645646578347807));
#6809=DIRECTION('center_axis',(0.,-1.,0.));
#6810=DIRECTION('ref_axis',(0.763636363636364,0.,0.645646578347807));
#6811=DIRECTION('',(0.,-1.,0.));
#6812=DIRECTION('center_axis',(-1.,0.,0.));
#6813=DIRECTION('ref_axis',(0.,0.,1.));
#6814=DIRECTION('',(0.,0.,-1.));
#6815=DIRECTION('',(0.,-1.,0.));
#6816=DIRECTION('center_axis',(0.,1.,0.));
#6817=DIRECTION('ref_axis',(0.707106781186548,0.,0.707106781186548));
#6818=DIRECTION('center_axis',(0.,-1.,0.));
#6819=DIRECTION('ref_axis',(0.707106781186548,0.,0.707106781186548));
#6820=DIRECTION('',(0.,1.,0.));
#6821=DIRECTION('center_axis',(0.,0.,-1.));
#6822=DIRECTION('ref_axis',(-1.,0.,0.));
#6823=DIRECTION('',(1.,0.,0.));
#6824=DIRECTION('',(0.,1.,0.));
#6825=DIRECTION('center_axis',(0.,1.,0.));
#6826=DIRECTION('ref_axis',(0.136046297693507,0.,0.990702480507589));
#6827=DIRECTION('',(0.,1.,0.));
#6828=DIRECTION('center_axis',(0.,-1.,0.));
#6829=DIRECTION('ref_axis',(0.136046297693507,0.,0.990702480507589));
#6830=DIRECTION('center_axis',(0.,1.,0.));
#6831=DIRECTION('ref_axis',(-1.,0.,0.));
#6832=DIRECTION('center_axis',(0.,-1.,0.));
#6833=DIRECTION('ref_axis',(-1.,0.,0.));
#6834=DIRECTION('',(0.,-1.,0.));
#6835=DIRECTION('center_axis',(0.,1.,0.));
#6836=DIRECTION('ref_axis',(-0.645646578347807,0.,0.763636363636364));
#6837=DIRECTION('center_axis',(0.,-1.,0.));
#6838=DIRECTION('ref_axis',(-0.645646578347807,0.,0.763636363636364));
#6839=DIRECTION('',(0.,-1.,0.));
#6840=DIRECTION('center_axis',(0.,0.,-1.));
#6841=DIRECTION('ref_axis',(-1.,0.,0.));
#6842=DIRECTION('',(1.,0.,0.));
#6843=DIRECTION('',(0.,-1.,0.));
#6844=DIRECTION('center_axis',(0.,1.,0.));
#6845=DIRECTION('ref_axis',(-0.707106781186548,0.,0.707106781186548));
#6846=DIRECTION('center_axis',(0.,-1.,0.));
#6847=DIRECTION('ref_axis',(-0.707106781186548,0.,0.707106781186548));
#6848=DIRECTION('',(0.,1.,0.));
#6849=DIRECTION('center_axis',(1.,0.,0.));
#6850=DIRECTION('ref_axis',(0.,0.,-1.));
#6851=DIRECTION('',(0.,0.,1.));
#6852=DIRECTION('',(0.,1.,0.));
#6853=DIRECTION('center_axis',(0.,1.,0.));
#6854=DIRECTION('ref_axis',(-0.990702480658728,0.,0.1360462965929));
#6855=DIRECTION('',(0.,1.,0.));
#6856=DIRECTION('center_axis',(0.,1.,0.));
#6857=DIRECTION('ref_axis',(-0.763636363636364,0.,-0.645646578347807));
#6858=DIRECTION('center_axis',(0.,1.,0.));
#6859=DIRECTION('ref_axis',(1.,0.,8.1279071136793E-9));
#6860=DIRECTION('',(0.,-1.,0.));
#6861=DIRECTION('center_axis',(0.,-1.,0.));
#6862=DIRECTION('ref_axis',(-1.,0.,0.));
#6863=DIRECTION('center_axis',(0.,1.,0.));
#6864=DIRECTION('ref_axis',(-0.763636363636364,0.,-0.645646578347807));
#6865=DIRECTION('center_axis',(0.,-1.,0.));
#6866=DIRECTION('ref_axis',(-0.763636363636364,0.,-0.645646578347807));
#6867=DIRECTION('',(0.,-1.,0.));
#6868=DIRECTION('center_axis',(1.,0.,0.));
#6869=DIRECTION('ref_axis',(0.,0.,-1.));
#6870=DIRECTION('',(0.,0.,1.));
#6871=DIRECTION('',(0.,-1.,0.));
#6872=DIRECTION('center_axis',(0.,1.,0.));
#6873=DIRECTION('ref_axis',(-0.707106781186548,0.,-0.707106781186548));
#6874=DIRECTION('center_axis',(0.,-1.,0.));
#6875=DIRECTION('ref_axis',(-0.707106781186548,0.,-0.707106781186548));
#6876=DIRECTION('',(0.,1.,0.));
#6877=DIRECTION('center_axis',(0.,0.,1.));
#6878=DIRECTION('ref_axis',(1.,0.,0.));
#6879=DIRECTION('',(-1.,0.,0.));
#6880=DIRECTION('',(0.,1.,0.));
#6881=DIRECTION('center_axis',(0.,1.,0.));
#6882=DIRECTION('ref_axis',(-0.136046312697573,0.,-0.990702478447185));
#6883=DIRECTION('center_axis',(0.,-1.,0.));
#6884=DIRECTION('ref_axis',(-0.136046312697573,0.,-0.990702478447185));
#6885=DIRECTION('',(0.,1.,0.));
#6886=DIRECTION('center_axis',(0.,0.,1.));
#6887=DIRECTION('ref_axis',(1.,0.,0.));
#6888=DIRECTION('',(1.,0.,0.));
#6889=DIRECTION('',(-0.707106781186548,-0.707106781186547,0.));
#6890=DIRECTION('center_axis',(0.707106781186547,-0.707106781186548,0.));
#6891=DIRECTION('ref_axis',(0.,0.,-1.));
#6892=DIRECTION('center_axis',(0.707106781186547,-0.707106781186548,0.));
#6893=DIRECTION('ref_axis',(-0.707106781186548,-0.707106781186547,6.5420519111824E-17));
#6894=DIRECTION('',(0.,0.,-1.));
#6895=DIRECTION('center_axis',(0.,1.,0.));
#6896=DIRECTION('ref_axis',(-0.0971971365577113,0.,-0.995265148915093));
#6897=DIRECTION('center_axis',(0.,1.,0.));
#6898=DIRECTION('ref_axis',(-0.0971971365577113,0.,-0.995265148915093));
#6899=DIRECTION('',(0.,-1.,0.));
#6900=DIRECTION('center_axis',(0.,1.,0.));
#6901=DIRECTION('ref_axis',(0.401847463102754,0.,0.915706621357452));
#6902=DIRECTION('center_axis',(0.,-1.,0.));
#6903=DIRECTION('ref_axis',(0.401847463102754,0.,0.915706621357452));
#6904=DIRECTION('',(0.,1.,0.));
#6905=DIRECTION('center_axis',(0.706315813149761,0.,-0.707896865436337));
#6906=DIRECTION('ref_axis',(-0.707896865436337,0.,-0.706315813149761));
#6907=DIRECTION('',(-0.707896865436337,0.,-0.706315813149761));
#6908=DIRECTION('',(0.,-1.,0.));
#6909=DIRECTION('center_axis',(0.,1.,0.));
#6910=DIRECTION('ref_axis',(-0.933772857780326,0.,0.357866246065152));
#6911=DIRECTION('center_axis',(0.,-1.,0.));
#6912=DIRECTION('ref_axis',(-0.933772857780326,0.,0.357866246065152));
#6913=DIRECTION('',(0.,1.,0.));
#6914=DIRECTION('center_axis',(0.,1.,0.));
#6915=DIRECTION('ref_axis',(-0.707896865436336,0.,-0.706315813149763));
#6916=DIRECTION('center_axis',(0.,-1.,0.));
#6917=DIRECTION('ref_axis',(0.999995927094677,0.,-0.00285408375097416));
#6918=DIRECTION('',(0.,1.,0.));
#6919=DIRECTION('center_axis',(0.,-1.,0.));
#6920=DIRECTION('ref_axis',(0.355777487502102,0.,-0.934570692557118));
#6921=DIRECTION('center_axis',(0.,-1.,0.));
#6922=DIRECTION('ref_axis',(0.355777487502102,0.,-0.934570692557118));
#6923=DIRECTION('',(0.,1.,0.));
#6924=DIRECTION('center_axis',(-0.706315813149761,0.,0.707896865436337));
#6925=DIRECTION('ref_axis',(0.707896865436337,0.,0.706315813149761));
#6926=DIRECTION('',(0.707896865436337,0.,0.706315813149761));
#6927=DIRECTION('',(0.,-1.,0.));
#6928=DIRECTION('center_axis',(0.,-1.,0.));
#6929=DIRECTION('ref_axis',(-0.706315813149761,0.,0.707896865436337));
#6930=DIRECTION('center_axis',(0.,-1.,0.));
#6931=DIRECTION('ref_axis',(-0.706315813149761,0.,0.707896865436337));
#6932=DIRECTION('',(0.,1.,0.));
#6933=DIRECTION('center_axis',(0.,1.,0.));
#6934=DIRECTION('ref_axis',(-0.0971971365577113,0.,-0.995265148915093));
#6935=DIRECTION('center_axis',(0.,1.,0.));
#6936=DIRECTION('ref_axis',(-0.0971971365577113,0.,-0.995265148915093));
#6937=DIRECTION('center_axis',(0.,1.,0.));
#6938=DIRECTION('ref_axis',(-0.707896865436337,0.,-0.706315813149762));
#6939=DIRECTION('center_axis',(0.,-1.,0.));
#6940=DIRECTION('ref_axis',(-0.707896865436337,0.,-0.706315813149762));
#6941=DIRECTION('',(0.,1.,0.));
#6942=DIRECTION('center_axis',(0.,-1.,0.));
#6943=DIRECTION('ref_axis',(0.707896865436337,0.,0.706315813149761));
#6944=DIRECTION('',(0.,1.,0.));
#6945=DIRECTION('',(0.,-1.,0.));
#6946=DIRECTION('center_axis',(0.,-1.,0.));
#6947=DIRECTION('ref_axis',(0.707896865436337,0.,0.706315813149761));
#6948=DIRECTION('center_axis',(0.,1.,0.));
#6949=DIRECTION('ref_axis',(0.640990960964501,0.,-0.767548427111805));
#6950=DIRECTION('center_axis',(0.,-1.,0.));
#6951=DIRECTION('ref_axis',(0.640990960964501,0.,-0.767548427111805));
#6952=DIRECTION('center_axis',(0.,1.,0.));
#6953=DIRECTION('ref_axis',(-0.706315813149761,0.,0.707896865436337));
#6954=DIRECTION('center_axis',(0.,-1.,0.));
#6955=DIRECTION('ref_axis',(-0.706315813149761,0.,0.707896865436337));
#6956=DIRECTION('',(0.,1.,0.));
#6957=DIRECTION('center_axis',(-0.706315813149762,0.,0.707896865436337));
#6958=DIRECTION('ref_axis',(0.707896865436337,0.,0.706315813149762));
#6959=DIRECTION('',(0.707896865436337,0.,0.706315813149762));
#6960=DIRECTION('',(0.,-1.,0.));
#6961=DIRECTION('center_axis',(0.,1.,0.));
#6962=DIRECTION('ref_axis',(0.933772857780326,0.,-0.357866246065151));
#6963=DIRECTION('center_axis',(0.,-1.,0.));
#6964=DIRECTION('ref_axis',(0.933772857780326,0.,-0.357866246065151));
#6965=DIRECTION('',(0.,1.,0.));
#6966=DIRECTION('center_axis',(0.,1.,0.));
#6967=DIRECTION('ref_axis',(0.707896865436337,0.,0.706315813149761));
#6968=DIRECTION('center_axis',(0.,-1.,0.));
#6969=DIRECTION('ref_axis',(-1.,0.,0.));
#6970=DIRECTION('',(0.,1.,0.));
#6971=DIRECTION('center_axis',(0.,-1.,0.));
#6972=DIRECTION('ref_axis',(-0.355777487502102,0.,0.934570692557118));
#6973=DIRECTION('center_axis',(0.,-1.,0.));
#6974=DIRECTION('ref_axis',(-0.355777487502102,0.,0.934570692557118));
#6975=DIRECTION('',(0.,1.,0.));
#6976=DIRECTION('center_axis',(0.706315813149762,0.,-0.707896865436337));
#6977=DIRECTION('ref_axis',(-0.707896865436337,0.,-0.706315813149762));
#6978=DIRECTION('',(-0.707896865436337,0.,-0.706315813149762));
#6979=DIRECTION('',(0.,-1.,0.));
#6980=DIRECTION('center_axis',(0.,-1.,0.));
#6981=DIRECTION('ref_axis',(0.706315813149762,0.,-0.707896865436337));
#6982=DIRECTION('',(0.,1.,0.));
#6983=DIRECTION('center_axis',(0.,-1.,0.));
#6984=DIRECTION('ref_axis',(0.706315813149762,0.,-0.707896865436337));
#6985=DIRECTION('center_axis',(0.,1.,0.));
#6986=DIRECTION('ref_axis',(-0.767548437531633,0.,-0.640990948487378));
#6987=DIRECTION('center_axis',(0.,-1.,0.));
#6988=DIRECTION('ref_axis',(-0.767548437531633,0.,-0.640990948487378));
#6989=DIRECTION('center_axis',(0.,1.,0.));
#6990=DIRECTION('ref_axis',(0.707896865436337,0.,0.706315813149761));
#6991=DIRECTION('center_axis',(0.,-1.,0.));
#6992=DIRECTION('ref_axis',(0.707896865436337,0.,0.706315813149761));
#6993=DIRECTION('center_axis',(0.,1.,0.));
#6994=DIRECTION('ref_axis',(-1.,0.,0.));
#6995=DIRECTION('',(0.,-1.,0.));
#6996=DIRECTION('center_axis',(0.,1.,0.));
#6997=DIRECTION('ref_axis',(-1.,0.,0.));
#6998=DIRECTION('center_axis',(0.707896865436337,0.,0.706315813149761));
#6999=DIRECTION('ref_axis',(0.706315813149761,0.,-0.707896865436337));
#7000=DIRECTION('',(0.,1.,0.));
#7001=DIRECTION('',(0.706315813149761,0.,-0.707896865436337));
#7002=DIRECTION('center_axis',(0.,-1.,0.));
#7003=DIRECTION('ref_axis',(-0.934570692557118,0.,-0.355777487502102));
#7004=DIRECTION('',(0.,1.,0.));
#7005=DIRECTION('center_axis',(0.,-1.,0.));
#7006=DIRECTION('ref_axis',(-0.934570692557118,0.,-0.355777487502102));
#7007=DIRECTION('center_axis',(0.,1.,0.));
#7008=DIRECTION('ref_axis',(-0.706315813149762,0.,0.707896865436336));
#7009=DIRECTION('',(0.,1.,0.));
#7010=DIRECTION('center_axis',(0.,-1.,0.));
#7011=DIRECTION('ref_axis',(-0.00285408375097289,0.,-0.999995927094677));
#7012=DIRECTION('center_axis',(0.,1.,0.));
#7013=DIRECTION('ref_axis',(0.357866246065153,0.,0.933772857780325));
#7014=DIRECTION('',(0.,-1.,0.));
#7015=DIRECTION('center_axis',(0.,-1.,0.));
#7016=DIRECTION('ref_axis',(0.357866246065153,0.,0.933772857780325));
#7017=DIRECTION('center_axis',(-0.707896865436337,0.,-0.706315813149762));
#7018=DIRECTION('ref_axis',(-0.706315813149762,0.,0.707896865436337));
#7019=DIRECTION('',(-0.706315813149762,0.,0.707896865436337));
#7020=DIRECTION('center_axis',(0.,-1.,0.));
#7021=DIRECTION('ref_axis',(0.,0.,-1.));
#7022=DIRECTION('center_axis',(0.,1.,0.));
#7023=DIRECTION('ref_axis',(-1.,0.,0.));
#7024=DIRECTION('center_axis',(0.,0.,1.));
#7025=DIRECTION('ref_axis',(1.,0.,0.));
#7026=CARTESIAN_POINT('',(0.,0.,0.));
#7027=CARTESIAN_POINT('Origin',(-6.63808579451866,13.0000002980232,-35.5));
#7028=CARTESIAN_POINT('',(-6.25,15.0000002980232,-37.5));
#7029=CARTESIAN_POINT('',(-4.80234317807464,11.0000002980232,-33.5));
#7030=CARTESIAN_POINT('Origin',(0.,15.0000002980232,-37.5));
#7031=CARTESIAN_POINT('',(-8.34041365880614,11.0000002980232,-33.5));
#7032=CARTESIAN_POINT('',(-5.91425738355598,11.0000002980232,-33.5));
#7033=CARTESIAN_POINT('',(-9.25,15.0000002980232,-37.5));
#7034=CARTESIAN_POINT('Origin',(0.,15.0000002980232,-37.5));
#7035=CARTESIAN_POINT('',(-6.63808579451866,15.0000002980232,-37.5));
#7036=CARTESIAN_POINT('Origin',(8.13808579451866,13.0000002980232,-35.5));
#7037=CARTESIAN_POINT('',(9.25,15.0000002980232,-37.5));
#7038=CARTESIAN_POINT('',(8.34041365880614,11.0000002980232,-33.5));
#7039=CARTESIAN_POINT('Origin',(0.,15.0000002980232,-37.5));
#7040=CARTESIAN_POINT('',(4.80234317807464,11.0000002980232,-33.5));
#7041=CARTESIAN_POINT('',(7.68329262392173,11.0000002980232,-33.5));
#7042=CARTESIAN_POINT('',(6.25,15.0000002980232,-37.5));
#7043=CARTESIAN_POINT('Origin',(0.,15.0000002980232,-37.5));
#7044=CARTESIAN_POINT('',(8.13808579451866,15.0000002980232,-37.5));
#7045=CARTESIAN_POINT('Origin',(-10.7929788072955,19.5,-33.2943179606561));
#7046=CARTESIAN_POINT('',(-8.34041380173576,19.0000000000001,-28.9371485935666));
#7047=CARTESIAN_POINT('',(-7.78219139961439,20.,-30.6608489204453));
#7048=CARTESIAN_POINT('Ctrl Pts',(-8.34041380173582,19.0000000000001,-28.9371485935666));
#7049=CARTESIAN_POINT('Ctrl Pts',(-8.33226880406982,19.0169831640025,-28.9612220108293));
#7050=CARTESIAN_POINT('Ctrl Pts',(-8.32418126719058,19.0337133877789,-28.9850960285433));
#7051=CARTESIAN_POINT('Ctrl Pts',(-8.15019229412564,19.3909629214522,-29.4982730570655));
#7052=CARTESIAN_POINT('Ctrl Pts',(-7.94016945571123,19.7541168914473,-30.1067619902719));
#7053=CARTESIAN_POINT('Ctrl Pts',(-7.78219139961439,20.,-30.6608489204454));
#7054=CARTESIAN_POINT('',(-9.25112469196759,19.,-28.5379868234195));
#7055=CARTESIAN_POINT('Origin',(-10.7929788072955,19.,-33.2943179606561));
#7056=CARTESIAN_POINT('',(-9.55949551503318,20.,-29.4892530508669));
#7057=CARTESIAN_POINT('',(-9.25112469196759,19.,-28.5379868234195));
#7058=CARTESIAN_POINT('Origin',(-10.7929788072955,20.,-33.2943179606561));
#7059=CARTESIAN_POINT('Origin',(0.,19.5,0.));
#7060=CARTESIAN_POINT('',(-12.6709377184026,18.9999999999919,-27.1927809783472));
#7061=CARTESIAN_POINT('',(-13.093302309016,20.,-28.0992070109588));
#7062=CARTESIAN_POINT('',(-12.6709377184026,18.9999999999919,-27.1927809783472));
#7063=CARTESIAN_POINT('Origin',(0.,20.,0.));
#7064=CARTESIAN_POINT('Origin',(0.,19.,0.));
#7065=CARTESIAN_POINT('Ctrl Pts',(-13.4720033942079,20.,-27.9196189899943));
#7066=CARTESIAN_POINT('Ctrl Pts',(-14.1906097715224,20.,-27.5728711508583));
#7067=CARTESIAN_POINT('Ctrl Pts',(-15.9121610840864,20.,-27.0410246912587));
#7068=CARTESIAN_POINT('Ctrl Pts',(-17.4441595437789,20.,-26.8804960486225));
#7069=CARTESIAN_POINT('Ctrl Pts',(-18.3114243961098,20.,-26.7729341011154));
#7070=CARTESIAN_POINT('Ctrl Pts',(-13.3289555740194,19.666692757648,-27.6231641480418));
#7071=CARTESIAN_POINT('Ctrl Pts',(-14.0835839812709,19.6669215309201,-27.279335370727));
#7072=CARTESIAN_POINT('Ctrl Pts',(-15.8722341350112,19.671046257659,-26.7815875336431));
#7073=CARTESIAN_POINT('Ctrl Pts',(-17.4215829107764,19.692142657165,-26.6826425827665));
#7074=CARTESIAN_POINT('Ctrl Pts',(-18.2912547446757,19.7129561791914,-26.6103075386742));
#7075=CARTESIAN_POINT('Ctrl Pts',(-13.1859077538309,19.333385515296,-27.3267093060893));
#7076=CARTESIAN_POINT('Ctrl Pts',(-13.9765581910193,19.3338430618403,-26.9857995905956));
#7077=CARTESIAN_POINT('Ctrl Pts',(-15.8323071859361,19.3420925153179,-26.5221503760275));
#7078=CARTESIAN_POINT('Ctrl Pts',(-17.399006277774,19.3842853143301,-26.4847891169106));
#7079=CARTESIAN_POINT('Ctrl Pts',(-18.2710850932416,19.4259123583827,-26.447680976233));
#7080=CARTESIAN_POINT('Ctrl Pts',(-13.0428599336423,19.0000782729439,-27.0302544641369));
#7081=CARTESIAN_POINT('Ctrl Pts',(-13.8695324007678,19.0007645927604,-26.6922638104642));
#7082=CARTESIAN_POINT('Ctrl Pts',(-15.7923802368609,19.0131387729769,-26.2627132184119));
#7083=CARTESIAN_POINT('Ctrl Pts',(-17.3764296447715,19.0764279714951,-26.2869356510546));
#7084=CARTESIAN_POINT('Ctrl Pts',(-18.2509154418075,19.1388685375741,-26.2850544137917));
#7085=CARTESIAN_POINT('',(-18.2509154418056,19.1388685375739,-26.2850544137917));
#7086=CARTESIAN_POINT('',(-17.3421808498893,20.,-26.8932847266294));
#7087=CARTESIAN_POINT('Ctrl Pts',(-18.2509154418075,19.1388685375741,-26.2850544137917));
#7088=CARTESIAN_POINT('Ctrl Pts',(-18.1666034006141,19.2353131115187,-26.3435961200528));
#7089=CARTESIAN_POINT('Ctrl Pts',(-18.0801463501715,19.3292079999322,-26.4030720700206));
#7090=CARTESIAN_POINT('Ctrl Pts',(-17.9914490928542,19.4202732990877,-26.463422243964));
#7091=CARTESIAN_POINT('Ctrl Pts',(-17.9478264044909,19.4650606271961,-26.493103396575));
#7092=CARTESIAN_POINT('Ctrl Pts',(-17.9036619034589,19.5091642495979,-26.5229963732094));
#7093=CARTESIAN_POINT('Ctrl Pts',(-17.8589444963043,19.552554811692,-26.5530963838637));
#7094=CARTESIAN_POINT('Ctrl Pts',(-17.7666538901203,19.6421069913272,-26.6152186849137));
#7095=CARTESIAN_POINT('Ctrl Pts',(-17.6720693579414,19.7285634572861,-26.6781820083146));
#7096=CARTESIAN_POINT('Ctrl Pts',(-17.5750837651369,19.8116453387898,-26.7419250245441));
#7097=CARTESIAN_POINT('Ctrl Pts',(-17.4993452270197,19.8765261119764,-26.7917035815937));
#7098=CARTESIAN_POINT('Ctrl Pts',(-17.4221424710492,19.9393497750599,-26.8419580171559));
#7099=CARTESIAN_POINT('Ctrl Pts',(-17.3434216766248,20.,-26.8926736539592));
#7100=CARTESIAN_POINT('',(-13.4720033942079,20.,-27.9196189899943));
#7101=CARTESIAN_POINT('Ctrl Pts',(-17.3421233064716,20.,-26.8928426260105));
#7102=CARTESIAN_POINT('Ctrl Pts',(-16.7874868302581,20.,-26.9650336096958));
#7103=CARTESIAN_POINT('Ctrl Pts',(-15.5479663398969,20.,-27.1535369840312));
#7104=CARTESIAN_POINT('Ctrl Pts',(-14.1906097715224,20.,-27.5728711508583));
#7105=CARTESIAN_POINT('Ctrl Pts',(-13.4720033942079,20.,-27.9196189899943));
#7106=CARTESIAN_POINT('',(-13.0428599336423,19.0000782729439,-27.0302544641369));
#7107=CARTESIAN_POINT('',(-13.4720033942079,20.,-27.9196189899943));
#7108=CARTESIAN_POINT('Ctrl Pts',(-13.0428599336423,19.0000782729439,-27.0302544641369));
#7109=CARTESIAN_POINT('Ctrl Pts',(-13.8695324007678,19.0007645927604,-26.6922638104642));
#7110=CARTESIAN_POINT('Ctrl Pts',(-15.7923802368609,19.0131387729769,-26.2627132184119));
#7111=CARTESIAN_POINT('Ctrl Pts',(-17.3764296447715,19.0764279714951,-26.2869356510546));
#7112=CARTESIAN_POINT('Ctrl Pts',(-18.2509154418075,19.1388685375741,-26.2850544137917));
#7113=CARTESIAN_POINT('Ctrl Pts',(-13.093302309016,20.,-28.0992070109588));
#7114=CARTESIAN_POINT('Ctrl Pts',(-13.2199387614124,20.,-28.0401986071301));
#7115=CARTESIAN_POINT('Ctrl Pts',(-13.3461763023696,20.,-27.9803341096719));
#7116=CARTESIAN_POINT('Ctrl Pts',(-13.4720033942079,20.,-27.9196189899943));
#7117=CARTESIAN_POINT('Ctrl Pts',(-12.9525141121449,19.6666666666667,-27.7970650000883));
#7118=CARTESIAN_POINT('Ctrl Pts',(-13.0777888822574,19.6666666666667,-27.7386910952255));
#7119=CARTESIAN_POINT('Ctrl Pts',(-13.2032588936725,19.6666580445389,-27.6807359952783));
#7120=CARTESIAN_POINT('Ctrl Pts',(-13.3289555740194,19.666692757648,-27.6231641480418));
#7121=CARTESIAN_POINT('Ctrl Pts',(-12.8117259152737,19.3333333333333,-27.4949229892177));
#7122=CARTESIAN_POINT('Ctrl Pts',(-12.9356390031024,19.3333333333333,-27.4371835833208));
#7123=CARTESIAN_POINT('Ctrl Pts',(-13.0603414849753,19.3333160890778,-27.3811378808847));
#7124=CARTESIAN_POINT('Ctrl Pts',(-13.1859077538309,19.333385515296,-27.3267093060893));
#7125=CARTESIAN_POINT('Ctrl Pts',(-12.6709377184026,19.,-27.1927809783472));
#7126=CARTESIAN_POINT('Ctrl Pts',(-12.7934891239474,19.,-27.1356760714162));
#7127=CARTESIAN_POINT('Ctrl Pts',(-12.9174240762782,18.9999741336167,-27.0815397664912));
#7128=CARTESIAN_POINT('Ctrl Pts',(-13.0428599336423,19.0000782729439,-27.0302544641369));
#7129=CARTESIAN_POINT('Ctrl Pts',(-13.4720033942079,20.,-27.9196189899943));
#7130=CARTESIAN_POINT('Ctrl Pts',(-13.3461763023696,20.,-27.9803341096719));
#7131=CARTESIAN_POINT('Ctrl Pts',(-13.2199387614124,20.,-28.0401986071301));
#7132=CARTESIAN_POINT('Ctrl Pts',(-13.093302309016,20.,-28.0992070109588));
#7133=CARTESIAN_POINT('Ctrl Pts',(-12.6709377184026,19.,-27.1927809783472));
#7134=CARTESIAN_POINT('Ctrl Pts',(-12.7934891239474,19.,-27.1356760714162));
#7135=CARTESIAN_POINT('Ctrl Pts',(-12.9174240762782,18.9999741336167,-27.0815397664912));
#7136=CARTESIAN_POINT('Ctrl Pts',(-13.0428599336423,19.0000782729439,-27.0302544641369));
#7137=CARTESIAN_POINT('Origin',(0.,15.0000002980232,-62.5));
#7138=CARTESIAN_POINT('',(-7.78219140023089,19.9999999990405,-38.7519025171952));
#7139=CARTESIAN_POINT('',(-7.78219139961439,20.,-34.5));
#7140=CARTESIAN_POINT('',(7.78219140023088,19.9999999990405,-38.7519025171952));
#7141=CARTESIAN_POINT('Ctrl Pts',(7.78181010789174,19.9997552164092,-38.7519025065517));
#7142=CARTESIAN_POINT('Ctrl Pts',(7.67382054583633,20.1679640220265,-38.8457331717238));
#7143=CARTESIAN_POINT('Ctrl Pts',(7.56052524643,20.3324833438493,-38.9418717602535));
#7144=CARTESIAN_POINT('Ctrl Pts',(7.442154061574,20.4930034278386,-39.0395185114383));
#7145=CARTESIAN_POINT('Ctrl Pts',(6.98191770237136,21.117117980075,-39.4191766631071));
#7146=CARTESIAN_POINT('Ctrl Pts',(6.4449469668262,21.6807764891921,-39.821638049445));
#7147=CARTESIAN_POINT('Ctrl Pts',(5.84406456842311,22.1704204761256,-40.2005699246904));
#7148=CARTESIAN_POINT('Ctrl Pts',(5.56089057197519,22.4011718593998,-40.3791467207155));
#7149=CARTESIAN_POINT('Ctrl Pts',(5.26352274926506,22.6154852164537,-40.5524971015018));
#7150=CARTESIAN_POINT('Ctrl Pts',(4.95330462889821,22.8119407390757,-40.7157682614757));
#7151=CARTESIAN_POINT('Ctrl Pts',(4.19785843644177,23.2903511439106,-41.1133677827233));
#7152=CARTESIAN_POINT('Ctrl Pts',(3.36620305624733,23.6628606822105,-41.4511967850451));
#7153=CARTESIAN_POINT('Ctrl Pts',(2.49272414719213,23.9078921299911,-41.6784585744796));
#7154=CARTESIAN_POINT('Ctrl Pts',(2.24663028614255,23.9769272657428,-41.7424872884545));
#7155=CARTESIAN_POINT('Ctrl Pts',(1.99721687133352,24.035843499421,-41.7977393003722));
#7156=CARTESIAN_POINT('Ctrl Pts',(1.74525350567432,24.0841582858187,-41.8430783007177));
#7157=CARTESIAN_POINT('Ctrl Pts',(0.826395526336457,24.2603522610237,-42.0084202032347));
#7158=CARTESIAN_POINT('Ctrl Pts',(-0.126377484769256,24.2955540294668,-42.0419255464997));
#7159=CARTESIAN_POINT('Ctrl Pts',(-1.05862788212558,24.1894234556284,-41.9425938934779));
#7160=CARTESIAN_POINT('Ctrl Pts',(-1.28920424964705,24.1631738533026,-41.9180258892179));
#7161=CARTESIAN_POINT('Ctrl Pts',(-1.51852501949329,24.1282785846401,-41.8853318985816));
#7162=CARTESIAN_POINT('Ctrl Pts',(-1.7457663033084,24.0847327935853,-41.8444970535008));
#7163=CARTESIAN_POINT('Ctrl Pts',(-2.7309334595034,23.8959471890621,-41.6674643087174));
#7164=CARTESIAN_POINT('Ctrl Pts',(-3.67701553166989,23.5445706073258,-41.3374197770647));
#7165=CARTESIAN_POINT('Ctrl Pts',(-4.53833733953959,23.059895870259,-40.9242884868676));
#7166=CARTESIAN_POINT('Ctrl Pts',(-4.67889860871838,22.9808005825761,-40.8568685539725));
#7167=CARTESIAN_POINT('Ctrl Pts',(-4.81720258958951,22.8981554047497,-40.7872359446044));
#7168=CARTESIAN_POINT('Ctrl Pts',(-4.9530508164232,22.8120877299556,-40.7156946284999));
#7169=CARTESIAN_POINT('Ctrl Pts',(-5.62912385212633,22.3837565288042,-40.359656453514));
#7170=CARTESIAN_POINT('Ctrl Pts',(-6.24437343470642,21.8706585236773,-39.956345051296));
#7171=CARTESIAN_POINT('Ctrl Pts',(-6.78468294800808,21.2873946890277,-39.5552940486234));
#7172=CARTESIAN_POINT('Ctrl Pts',(-7.01827289615266,21.0352344632011,-39.3819092004738));
#7173=CARTESIAN_POINT('Ctrl Pts',(-7.23777220566081,20.7700542444781,-39.2087289431066));
#7174=CARTESIAN_POINT('Ctrl Pts',(-7.44210647658811,20.4930045625541,-39.0399681268703));
#7175=CARTESIAN_POINT('Ctrl Pts',(-7.56050519809481,20.3324718825255,-38.9421819611326));
#7176=CARTESIAN_POINT('Ctrl Pts',(-7.67381196419153,20.1679535683809,-38.8458787380457));
#7177=CARTESIAN_POINT('Ctrl Pts',(-7.78180584975542,19.9997524824856,-38.7519024688786));
#7178=CARTESIAN_POINT('',(7.78219139961439,20.,-30.6608484771221));
#7179=CARTESIAN_POINT('',(7.78219139961439,20.,-30.5));
#7180=CARTESIAN_POINT('',(8.34041380173576,19.0000000000001,-28.9371484643697));
#7181=CARTESIAN_POINT('Ctrl Pts',(7.78219139961439,20.,-30.6608484771221));
#7182=CARTESIAN_POINT('Ctrl Pts',(7.94016943638385,19.7541169215292,-30.106761777395));
#7183=CARTESIAN_POINT('Ctrl Pts',(8.15019217046646,19.3909631350094,-29.4982732212411));
#7184=CARTESIAN_POINT('Ctrl Pts',(8.32418114033229,19.033713650204,-28.9850962684136));
#7185=CARTESIAN_POINT('Ctrl Pts',(8.33226874025395,19.0169832970652,-28.9612220675522));
#7186=CARTESIAN_POINT('Ctrl Pts',(8.34041380173582,19.0000000000001,-28.9371484643697));
#7187=CARTESIAN_POINT('',(8.34041365880614,11.0000002980232,-28.9371485448219));
#7188=CARTESIAN_POINT('Ctrl Pts',(8.34041365880614,11.0000002980232,-28.9371485448219));
#7189=CARTESIAN_POINT('Ctrl Pts',(8.59469105698501,11.5301949692474,-28.7940208252931));
#7190=CARTESIAN_POINT('Ctrl Pts',(8.81457667378274,12.1245784093395,-28.6993601130934));
#7191=CARTESIAN_POINT('Ctrl Pts',(9.15933257332092,13.4926347583008,-28.5643361148628));
#7192=CARTESIAN_POINT('Ctrl Pts',(9.25,14.2773743997585,-28.5383515602721));
#7193=CARTESIAN_POINT('Ctrl Pts',(9.25,15.0000002980232,-28.5383515602721));
#7194=CARTESIAN_POINT('Ctrl Pts',(9.25,15.027998327801,-28.5383515602721));
#7195=CARTESIAN_POINT('Ctrl Pts',(9.24987288110195,15.0559964257415,-28.5383927958241));
#7196=CARTESIAN_POINT('Ctrl Pts',(9.249254533644,15.1240912221826,-28.5385934610956));
#7197=CARTESIAN_POINT('Ctrl Pts',(9.24862966571004,15.1641868483198,-28.5387962648955));
#7198=CARTESIAN_POINT('Ctrl Pts',(9.24562739215566,15.3001025254863,-28.5397718668271));
#7199=CARTESIAN_POINT('Ctrl Pts',(9.24202098347538,15.3958955538916,-28.5409445728281));
#7200=CARTESIAN_POINT('Ctrl Pts',(9.22606088381125,15.6957795157027,-28.5461710589661));
#7201=CARTESIAN_POINT('Ctrl Pts',(9.20841947898825,15.8995907650808,-28.5519732459751));
#7202=CARTESIAN_POINT('Ctrl Pts',(9.1307535962286,16.5465834344438,-28.5783686428882));
#7203=CARTESIAN_POINT('Ctrl Pts',(9.04508539720561,16.9867450816213,-28.6081060956819));
#7204=CARTESIAN_POINT('Ctrl Pts',(8.78059768817398,17.9640027926709,-28.7143808795266));
#7205=CARTESIAN_POINT('Ctrl Pts',(8.58201930490247,18.4955095020754,-28.8013154710467));
#7206=CARTESIAN_POINT('Ctrl Pts',(8.34190035859151,18.9968992664755,-28.9363119615529));
#7207=CARTESIAN_POINT('Ctrl Pts',(8.34115727172038,18.9984497880544,-28.9367299798483));
#7208=CARTESIAN_POINT('Ctrl Pts',(8.34041380173579,19.0000000000001,-28.9371484643697));
#7209=CARTESIAN_POINT('',(8.34041365880614,11.0000002980232,-62.5));
#7210=CARTESIAN_POINT('',(9.25,15.0000002980232,-62.5));
#7211=CARTESIAN_POINT('',(9.25,15.0000002980232,-62.5));
#7212=CARTESIAN_POINT('',(-9.25,15.0000002980232,-62.5));
#7213=CARTESIAN_POINT('Origin',(0.,15.0000002980232,-62.5));
#7214=CARTESIAN_POINT('',(-9.25,15.0000002980232,-62.5));
#7215=CARTESIAN_POINT('',(-8.34041365880614,11.0000002980232,-28.9371486740189));
#7216=CARTESIAN_POINT('',(-8.34041365880614,11.0000002980232,-62.5));
#7217=CARTESIAN_POINT('Ctrl Pts',(-8.34041380173579,19.0000000000001,-28.9371485935666));
#7218=CARTESIAN_POINT('Ctrl Pts',(-8.3411572702282,18.9984497911658,-28.9367301097635));
#7219=CARTESIAN_POINT('Ctrl Pts',(-8.34190035560873,18.9968992726994,-28.9363120921846));
#7220=CARTESIAN_POINT('Ctrl Pts',(-8.58201930272682,18.4955095080544,-28.8013155616579));
#7221=CARTESIAN_POINT('Ctrl Pts',(-8.78059768997927,17.9640027895069,-28.7143809407564));
#7222=CARTESIAN_POINT('Ctrl Pts',(-9.04508540189956,16.9867450615251,-28.6081061201737));
#7223=CARTESIAN_POINT('Ctrl Pts',(-9.1307536011848,16.5465834072267,-28.5783686564424));
#7224=CARTESIAN_POINT('Ctrl Pts',(-9.20841948181734,15.8995907350858,-28.5519732504231));
#7225=CARTESIAN_POINT('Ctrl Pts',(-9.22606088564161,15.6957794901183,-28.5461710615222));
#7226=CARTESIAN_POINT('Ctrl Pts',(-9.24202098424398,15.3958955353218,-28.5409445737232));
#7227=CARTESIAN_POINT('Ctrl Pts',(-9.24562739264806,15.3001025094914,-28.5397718673586));
#7228=CARTESIAN_POINT('Ctrl Pts',(-9.24862966589039,15.1641868375212,-28.5387962651508));
#7229=CARTESIAN_POINT('Ctrl Pts',(-9.2492545337424,15.1240912140019,-28.5385934612989));
#7230=CARTESIAN_POINT('Ctrl Pts',(-9.24987288111879,15.0559964220333,-28.538392795976));
#7231=CARTESIAN_POINT('Ctrl Pts',(-9.25,15.0279983259468,-28.5383515604135));
#7232=CARTESIAN_POINT('Ctrl Pts',(-9.25,15.0000002980232,-28.5383515604135));
#7233=CARTESIAN_POINT('Ctrl Pts',(-9.25,14.2773744616017,-28.5383515604135));
#7234=CARTESIAN_POINT('Ctrl Pts',(-9.15933258871355,13.4926348861977,-28.5643361221492));
#7235=CARTESIAN_POINT('Ctrl Pts',(-8.81457671606905,12.1245785225643,-28.6993601520136));
#7236=CARTESIAN_POINT('Ctrl Pts',(-8.59469107774449,11.5301950125331,-28.7940209012126));
#7237=CARTESIAN_POINT('Ctrl Pts',(-8.34041365880614,11.0000002980232,-28.9371486740189));
#7238=CARTESIAN_POINT('Origin',(0.,20.,-2.22044604925031E-15));
#7239=CARTESIAN_POINT('',(-14.163284971642,19.999999999816,-28.6949709672629));
#7240=CARTESIAN_POINT('Origin',(0.,20.,0.));
#7241=CARTESIAN_POINT('Ctrl Pts',(-7.78219139961439,20.,-38.7519025177314));
#7242=CARTESIAN_POINT('Ctrl Pts',(-7.78219139961439,20.,-37.5510164522164));
#7243=CARTESIAN_POINT('Ctrl Pts',(-8.01455728326314,20.,-36.346210348398));
#7244=CARTESIAN_POINT('Ctrl Pts',(-8.90550764214163,20.,-33.8541252925487));
#7245=CARTESIAN_POINT('Ctrl Pts',(-9.64729739319761,20.,-32.5786724191593));
#7246=CARTESIAN_POINT('Ctrl Pts',(-11.0949420082514,20.,-30.8943651176124));
#7247=CARTESIAN_POINT('Ctrl Pts',(-11.6532512990205,20.0000000000793,-30.3608734946779));
#7248=CARTESIAN_POINT('Ctrl Pts',(-12.8536035590349,20.0000000000793,-29.4276591221744));
#7249=CARTESIAN_POINT('Ctrl Pts',(-13.4903536308552,20.,-29.0271169156496));
#7250=CARTESIAN_POINT('Ctrl Pts',(-14.1632849715666,20.,-28.6949709673001));
#7251=CARTESIAN_POINT('Ctrl Pts',(16.1210674154564,20.,-27.5767228923919));
#7252=CARTESIAN_POINT('Ctrl Pts',(15.6834971770086,20.,-27.5887874972071));
#7253=CARTESIAN_POINT('Ctrl Pts',(14.821353776101,20.,-27.6659236934313));
#7254=CARTESIAN_POINT('Ctrl Pts',(13.6055824250039,20.,-27.9267419156123));
#7255=CARTESIAN_POINT('Ctrl Pts',(12.9322015840025,20.,-28.1761349209668));
#7256=CARTESIAN_POINT('Ctrl Pts',(12.5947118234747,20.,-28.3261934273497));
#7257=CARTESIAN_POINT('Ctrl Pts',(16.1146816588581,19.6825409316416,-27.3451183698918));
#7258=CARTESIAN_POINT('Ctrl Pts',(15.6681825888646,19.6778671433816,-27.3428257670586));
#7259=CARTESIAN_POINT('Ctrl Pts',(14.7828792396471,19.6715647111305,-27.394853681051));
#7260=CARTESIAN_POINT('Ctrl Pts',(13.5213558668947,19.6673293539339,-27.6311512587626));
#7261=CARTESIAN_POINT('Ctrl Pts',(12.8155617078901,19.6667576324725,-27.875171578027));
#7262=CARTESIAN_POINT('Ctrl Pts',(12.4606076947135,19.666682570049,-28.0245859317646));
#7263=CARTESIAN_POINT('Ctrl Pts',(16.1082959022598,19.3650818632833,-27.1135138473917));
#7264=CARTESIAN_POINT('Ctrl Pts',(15.6528680007206,19.3557342867632,-27.0968640369101));
#7265=CARTESIAN_POINT('Ctrl Pts',(14.7444047031931,19.3431294222609,-27.1237836686707));
#7266=CARTESIAN_POINT('Ctrl Pts',(13.4371293087855,19.3346587078678,-27.3355606019129));
#7267=CARTESIAN_POINT('Ctrl Pts',(12.6989218317778,19.333515264945,-27.5742082350873));
#7268=CARTESIAN_POINT('Ctrl Pts',(12.3265035659524,19.333365140098,-27.7229784361795));
#7269=CARTESIAN_POINT('Ctrl Pts',(16.1019101456615,19.0476227949249,-26.8819093248916));
#7270=CARTESIAN_POINT('Ctrl Pts',(15.6375534125766,19.0336014301448,-26.8509023067617));
#7271=CARTESIAN_POINT('Ctrl Pts',(14.7059301667392,19.0146941333914,-26.8527136562905));
#7272=CARTESIAN_POINT('Ctrl Pts',(13.3529027506763,19.0019880618017,-27.0399699450633));
#7273=CARTESIAN_POINT('Ctrl Pts',(12.5822819556655,19.0002728974175,-27.2732448921476));
#7274=CARTESIAN_POINT('Ctrl Pts',(12.1923994371913,19.000047710147,-27.4213709405944));
#7275=CARTESIAN_POINT('',(16.1210674154564,20.,-27.5767228923919));
#7276=CARTESIAN_POINT('',(16.1019101456615,19.0476227949249,-26.8819093248916));
#7277=CARTESIAN_POINT('Ctrl Pts',(16.1210674154564,20.,-27.5767228923919));
#7278=CARTESIAN_POINT('Ctrl Pts',(16.1146816588581,19.6825409316416,-27.3451183698918));
#7279=CARTESIAN_POINT('Ctrl Pts',(16.1082959022598,19.3650818632833,-27.1135138473917));
#7280=CARTESIAN_POINT('Ctrl Pts',(16.1019101456615,19.0476227949249,-26.8819093248916));
#7281=CARTESIAN_POINT('',(12.1923994371913,19.000047710147,-27.4213709405944));
#7282=CARTESIAN_POINT('Ctrl Pts',(16.1019101456615,19.0476227949249,-26.8819093248916));
#7283=CARTESIAN_POINT('Ctrl Pts',(15.6375534125766,19.0336014301448,-26.8509023067617));
#7284=CARTESIAN_POINT('Ctrl Pts',(14.7059301667392,19.0146941333914,-26.8527136562905));
#7285=CARTESIAN_POINT('Ctrl Pts',(13.3529027506763,19.0019880618017,-27.0399699450633));
#7286=CARTESIAN_POINT('Ctrl Pts',(12.5822819556655,19.0002728974175,-27.2732448921476));
#7287=CARTESIAN_POINT('Ctrl Pts',(12.1923994371913,19.000047710147,-27.4213709405944));
#7288=CARTESIAN_POINT('',(12.5947118234747,20.,-28.3261934273497));
#7289=CARTESIAN_POINT('',(12.1923994371913,19.000047710147,-27.4213709405944));
#7290=CARTESIAN_POINT('Ctrl Pts',(12.5947118234747,20.,-28.3261934273497));
#7291=CARTESIAN_POINT('Ctrl Pts',(12.9322015840025,20.,-28.1761349209668));
#7292=CARTESIAN_POINT('Ctrl Pts',(13.6055824250039,20.,-27.9267419156123));
#7293=CARTESIAN_POINT('Ctrl Pts',(14.821353776101,20.,-27.6659236934313));
#7294=CARTESIAN_POINT('Ctrl Pts',(15.6834971770086,20.,-27.5887874972071));
#7295=CARTESIAN_POINT('Ctrl Pts',(16.1210674154564,20.,-27.5767228923919));
#7296=CARTESIAN_POINT('Origin',(0.,19.5,0.));
#7297=CARTESIAN_POINT('',(12.2610594554606,20.,-28.4722043584556));
#7298=CARTESIAN_POINT('',(11.8655414085102,18.9999999999995,-27.5537461533442));
#7299=CARTESIAN_POINT('',(12.2610594554606,20.,-28.4722043584556));
#7300=CARTESIAN_POINT('',(9.25112422805944,19.,-28.5379869738041));
#7301=CARTESIAN_POINT('Origin',(0.,19.,0.));
#7302=CARTESIAN_POINT('',(9.55949503566142,20.,-29.4892532062642));
#7303=CARTESIAN_POINT('',(9.25112422805944,19.,-28.5379869738041));
#7304=CARTESIAN_POINT('Origin',(0.,20.,0.));
#7305=CARTESIAN_POINT('Origin',(10.7929782660693,19.5,-33.2943181361048));
#7306=CARTESIAN_POINT('Origin',(10.7929782660693,20.,-33.2943181361048));
#7307=CARTESIAN_POINT('Origin',(10.7929782660693,19.,-33.2943181361048));
#7308=CARTESIAN_POINT('Ctrl Pts',(12.5947118234747,20.,-28.3261934273497));
#7309=CARTESIAN_POINT('Ctrl Pts',(12.4837815487655,20.,-28.3755164980984));
#7310=CARTESIAN_POINT('Ctrl Pts',(12.37256153424,20.,-28.4241879281115));
#7311=CARTESIAN_POINT('Ctrl Pts',(12.2610594554606,20.,-28.4722043584556));
#7312=CARTESIAN_POINT('Ctrl Pts',(12.4606076947135,19.666682570049,-28.0245859317646));
#7313=CARTESIAN_POINT('Ctrl Pts',(12.3499775380621,19.6666613864562,-28.0714023451114));
#7314=CARTESIAN_POINT('Ctrl Pts',(12.2395232381729,19.6666666666667,-28.118551498777));
#7315=CARTESIAN_POINT('Ctrl Pts',(12.1292201064771,19.6666666666667,-28.1660516234185));
#7316=CARTESIAN_POINT('Ctrl Pts',(12.3265035659524,19.333365140098,-27.7229784361795));
#7317=CARTESIAN_POINT('Ctrl Pts',(12.2161735273586,19.3333227729125,-27.7672881921244));
#7318=CARTESIAN_POINT('Ctrl Pts',(12.1064849421058,19.3333333333333,-27.8129150694424));
#7319=CARTESIAN_POINT('Ctrl Pts',(11.9973807574937,19.3333333333333,-27.8598988883813));
#7320=CARTESIAN_POINT('Ctrl Pts',(12.1923994371913,19.000047710147,-27.4213709405944));
#7321=CARTESIAN_POINT('Ctrl Pts',(12.0823695166551,18.9999841593687,-27.4631740391373));
#7322=CARTESIAN_POINT('Ctrl Pts',(11.9734466460387,19.,-27.5072786401079));
#7323=CARTESIAN_POINT('Ctrl Pts',(11.8655414085102,19.,-27.5537461533442));
#7324=CARTESIAN_POINT('Ctrl Pts',(12.2610594554606,20.,-28.4722043584556));
#7325=CARTESIAN_POINT('Ctrl Pts',(12.37256153424,20.,-28.4241879281115));
#7326=CARTESIAN_POINT('Ctrl Pts',(12.4837815487655,20.,-28.3755164980984));
#7327=CARTESIAN_POINT('Ctrl Pts',(12.5947118234747,20.,-28.3261934273497));
#7328=CARTESIAN_POINT('Ctrl Pts',(12.1923994371913,19.000047710147,-27.4213709405944));
#7329=CARTESIAN_POINT('Ctrl Pts',(12.0823695166551,18.9999841593687,-27.4631740391373));
#7330=CARTESIAN_POINT('Ctrl Pts',(11.9734466460387,19.,-27.5072786401079));
#7331=CARTESIAN_POINT('Ctrl Pts',(11.8655414085102,19.,-27.5537461533442));
#7332=CARTESIAN_POINT('Ctrl Pts',(17.7456521126177,20.,-26.6287782501929));
#7333=CARTESIAN_POINT('Ctrl Pts',(17.2041238802306,20.,-26.9447597975926));
#7334=CARTESIAN_POINT('Ctrl Pts',(16.6625956478435,20.,-27.2607413449922));
#7335=CARTESIAN_POINT('Ctrl Pts',(16.1210674154564,20.,-27.5767228923919));
#7336=CARTESIAN_POINT('Ctrl Pts',(17.7456521126177,20.,-26.6287782501929));
#7337=CARTESIAN_POINT('Ctrl Pts',(17.196574396427,19.9252130580089,-26.8646362605194));
#7338=CARTESIAN_POINT('Ctrl Pts',(16.6494779034464,19.8201693314885,-27.1052268888684));
#7339=CARTESIAN_POINT('Ctrl Pts',(16.1146816588581,19.6825409316416,-27.3451183698918));
#7340=CARTESIAN_POINT('Ctrl Pts',(17.7456521126177,20.,-26.6287782501929));
#7341=CARTESIAN_POINT('Ctrl Pts',(17.1890249126233,19.8504261160177,-26.7845127234462));
#7342=CARTESIAN_POINT('Ctrl Pts',(16.6363601590492,19.6403386629769,-26.9497124327446));
#7343=CARTESIAN_POINT('Ctrl Pts',(16.1082959022598,19.3650818632833,-27.1135138473917));
#7344=CARTESIAN_POINT('Ctrl Pts',(17.7456521126177,20.,-26.6287782501929));
#7345=CARTESIAN_POINT('Ctrl Pts',(17.1814754288197,19.7756391740266,-26.7043891863729));
#7346=CARTESIAN_POINT('Ctrl Pts',(16.6232424146521,19.4605079944654,-26.7941979766208));
#7347=CARTESIAN_POINT('Ctrl Pts',(16.1019101456615,19.0476227949249,-26.8819093248916));
#7348=CARTESIAN_POINT('',(17.7456521126177,20.,-26.6287782501929));
#7349=CARTESIAN_POINT('Ctrl Pts',(16.1210674154564,20.,-27.5767228923919));
#7350=CARTESIAN_POINT('Ctrl Pts',(16.6625956478435,20.,-27.2607413449922));
#7351=CARTESIAN_POINT('Ctrl Pts',(17.2041238802306,20.,-26.9447597975926));
#7352=CARTESIAN_POINT('Ctrl Pts',(17.7456521126177,20.,-26.6287782501929));
#7353=CARTESIAN_POINT('Ctrl Pts',(17.7456521126177,20.,-26.6287782501929));
#7354=CARTESIAN_POINT('Ctrl Pts',(17.1814754288197,19.7756391740266,-26.7043891863729));
#7355=CARTESIAN_POINT('Ctrl Pts',(16.6232424146521,19.4605079944654,-26.7941979766208));
#7356=CARTESIAN_POINT('Ctrl Pts',(16.1019101456615,19.0476227949249,-26.8819093248916));
#7357=CARTESIAN_POINT('Origin',(0.,20.,-2.22044604925031E-15));
#7358=CARTESIAN_POINT('',(14.163284971642,19.999999999816,-28.6949709672629));
#7359=CARTESIAN_POINT('Ctrl Pts',(14.1632849715666,20.,-28.6949709673001));
#7360=CARTESIAN_POINT('Ctrl Pts',(12.8603658883416,20.,-29.3380667310713));
#7361=CARTESIAN_POINT('Ctrl Pts',(11.6990047202234,20.,-30.234451868606));
#7362=CARTESIAN_POINT('Ctrl Pts',(9.85209449446766,20.,-32.3069069252817));
#7363=CARTESIAN_POINT('Ctrl Pts',(9.13889877642123,20.0000000000056,-33.4447350189906));
#7364=CARTESIAN_POINT('Ctrl Pts',(8.0959121233081,20.0000000000056,-35.9528659031487));
#7365=CARTESIAN_POINT('Ctrl Pts',(7.78219139961439,20.,-37.3557763044302));
#7366=CARTESIAN_POINT('Ctrl Pts',(7.78219139961439,20.,-38.7519025177314));
#7367=CARTESIAN_POINT('Origin',(0.,20.,0.));
#7368=CARTESIAN_POINT('Ctrl Pts',(-8.93252631732013,17.4025975573206,-37.6621493945554));
#7369=CARTESIAN_POINT('Ctrl Pts',(-8.6305986660955,18.5251230576116,-37.9722839035928));
#7370=CARTESIAN_POINT('Ctrl Pts',(-7.60839484406235,20.623933504328,-38.991975506861));
#7371=CARTESIAN_POINT('Ctrl Pts',(-5.07780571185716,22.9859686544052,-40.8126656741039));
#7372=CARTESIAN_POINT('Ctrl Pts',(-1.79868953832057,24.3047167801572,-42.0515424566068));
#7373=CARTESIAN_POINT('Ctrl Pts',(1.79794898408201,24.3035578964782,-42.0483487891656));
#7374=CARTESIAN_POINT('Ctrl Pts',(5.07848263258111,22.985988570745,-40.8143418695931));
#7375=CARTESIAN_POINT('Ctrl Pts',(7.60829157086455,20.6239143717095,-38.990786846658));
#7376=CARTESIAN_POINT('Ctrl Pts',(8.63059866609536,18.5251230576122,-37.972283903593));
#7377=CARTESIAN_POINT('Ctrl Pts',(8.93252631732013,17.4025975573206,-37.6621493945554));
#7378=CARTESIAN_POINT('Ctrl Pts',(-8.89700688186427,17.5346539353748,-36.5954811609784));
#7379=CARTESIAN_POINT('Ctrl Pts',(-8.56257530007568,18.711625971343,-36.8827234394107));
#7380=CARTESIAN_POINT('Ctrl Pts',(-7.43606159071376,20.8787812656092,-37.8252400994198));
#7381=CARTESIAN_POINT('Ctrl Pts',(-4.79606104805954,23.154417119492,-39.4698150396429));
#7382=CARTESIAN_POINT('Ctrl Pts',(-1.64366271743962,24.2978758205051,-40.5490940617208));
#7383=CARTESIAN_POINT('Ctrl Pts',(1.6440706227193,24.2979251550472,-40.5465983076576));
#7384=CARTESIAN_POINT('Ctrl Pts',(4.79555991950434,23.1550015822937,-39.4716772241724));
#7385=CARTESIAN_POINT('Ctrl Pts',(7.4362251770201,20.8784252241161,-37.8239696952887));
#7386=CARTESIAN_POINT('Ctrl Pts',(8.56257530007552,18.7116259713435,-36.8827234394108));
#7387=CARTESIAN_POINT('Ctrl Pts',(8.89700688186427,17.5346539353748,-36.5954811609784));
#7388=CARTESIAN_POINT('Ctrl Pts',(-9.16502548195817,17.8897557023255,-34.4637104705746));
#7389=CARTESIAN_POINT('Ctrl Pts',(-8.77362831675075,19.2234818111638,-34.7053558510625));
#7390=CARTESIAN_POINT('Ctrl Pts',(-7.46176423142714,21.6406279869436,-35.4943152886746));
#7391=CARTESIAN_POINT('Ctrl Pts',(-4.56625721357996,23.9802955820899,-36.7888248704347));
#7392=CARTESIAN_POINT('Ctrl Pts',(-1.47754816659652,24.9777643548987,-37.5514108337286));
#7393=CARTESIAN_POINT('Ctrl Pts',(1.47963563603917,24.9791398331891,-37.5503729212661));
#7394=CARTESIAN_POINT('Ctrl Pts',(4.56423151265606,23.9818808083317,-36.7910395204026));
#7395=CARTESIAN_POINT('Ctrl Pts',(7.46209950826342,21.6398956481214,-35.4928589181328));
#7396=CARTESIAN_POINT('Ctrl Pts',(8.77362831675056,19.2234818111645,-34.7053558510626));
#7397=CARTESIAN_POINT('Ctrl Pts',(9.16502548195817,17.8897557023255,-34.4637104705746));
#7398=CARTESIAN_POINT('Ctrl Pts',(-10.764788651178,18.7648572296809,-31.1132069434439));
#7399=CARTESIAN_POINT('Ctrl Pts',(-10.3086373601781,20.5076352600511,-31.3045762793975));
#7400=CARTESIAN_POINT('Ctrl Pts',(-8.77858869450254,23.6899792500772,-31.9236477427474));
#7401=CARTESIAN_POINT('Ctrl Pts',(-5.38315884350643,26.8848197287731,-32.8628887346193));
#7402=CARTESIAN_POINT('Ctrl Pts',(-1.74393109138055,28.3418361685609,-33.3308661405138));
#7403=CARTESIAN_POINT('Ctrl Pts',(1.7461571069148,28.3426807000823,-33.330188217461));
#7404=CARTESIAN_POINT('Ctrl Pts',(5.38125122245334,26.8866485143755,-32.865443007976));
#7405=CARTESIAN_POINT('Ctrl Pts',(8.77867080054618,23.6893077356299,-31.9223699299309));
#7406=CARTESIAN_POINT('Ctrl Pts',(10.3086373601779,20.5076352600519,-31.3045762793976));
#7407=CARTESIAN_POINT('Ctrl Pts',(10.764788651178,18.7648572296809,-31.1132069434439));
#7408=CARTESIAN_POINT('Ctrl Pts',(-12.7777770804367,19.5365487540725,-29.3788309759009));
#7409=CARTESIAN_POINT('Ctrl Pts',(-12.3046303997334,21.6498788566175,-29.5832629546725));
#7410=CARTESIAN_POINT('Ctrl Pts',(-10.7098071742569,25.573175345986,-30.2526687442887));
#7411=CARTESIAN_POINT('Ctrl Pts',(-6.93948759378815,29.8414322113889,-31.3587750462979));
#7412=CARTESIAN_POINT('Ctrl Pts',(-2.38750848481717,32.0999705407265,-32.026830271448));
#7413=CARTESIAN_POINT('Ctrl Pts',(2.38813672182198,32.0991803811693,-32.0265471057009));
#7414=CARTESIAN_POINT('Ctrl Pts',(6.93863904848287,29.8420844064398,-31.3602962071768));
#7415=CARTESIAN_POINT('Ctrl Pts',(10.7101498922271,25.5727713703933,-30.2512357299406));
#7416=CARTESIAN_POINT('Ctrl Pts',(12.3046303997331,21.6498788566185,-29.5832629546726));
#7417=CARTESIAN_POINT('Ctrl Pts',(12.7777770804367,19.5365487540725,-29.3788309759009));
#7418=CARTESIAN_POINT('Ctrl Pts',(-14.1632849716067,19.9999999998042,-28.6949709672803));
#7419=CARTESIAN_POINT('Ctrl Pts',(-13.6845528399352,22.336066581491,-28.9312639265469));
#7420=CARTESIAN_POINT('Ctrl Pts',(-12.063761194189,26.7038612949277,-29.7081718147512));
#7421=CARTESIAN_POINT('Ctrl Pts',(-8.05129554312486,31.6194479586019,-31.0953643231268));
#7422=CARTESIAN_POINT('Ctrl Pts',(-2.85197620490469,34.3638697338156,-32.039270443129));
#7423=CARTESIAN_POINT('Ctrl Pts',(2.85080199277868,34.361458002916,-32.0368371726976));
#7424=CARTESIAN_POINT('Ctrl Pts',(8.05236885886734,31.6194894061198,-31.0966414244519));
#7425=CARTESIAN_POINT('Ctrl Pts',(12.0635974456952,26.7038214783974,-29.7072661688823));
#7426=CARTESIAN_POINT('Ctrl Pts',(13.684552839935,22.3360665814921,-28.931263926547));
#7427=CARTESIAN_POINT('Ctrl Pts',(14.1632849716067,19.9999999998042,-28.6949709672803));
#7428=CARTESIAN_POINT('',(11.4681854941691,26.9999999999927,-29.8744158348131));
#7429=CARTESIAN_POINT('',(-11.4681854941691,26.9999999999927,-29.8744158348131));
#7430=CARTESIAN_POINT('Ctrl Pts',(-11.4681854941603,27.,-29.8744158348164));
#7431=CARTESIAN_POINT('Ctrl Pts',(-9.85328793747415,27.,-30.4943424247302));
#7432=CARTESIAN_POINT('Ctrl Pts',(-8.41143709862795,27.,-31.3025095919511));
#7433=CARTESIAN_POINT('Ctrl Pts',(-5.46223530025233,27.,-33.0592024077595));
#7434=CARTESIAN_POINT('Ctrl Pts',(-4.00961218996954,27.,-34.0095321762035));
#7435=CARTESIAN_POINT('Ctrl Pts',(-2.11552355916492,27.,-34.7568931306964));
#7436=CARTESIAN_POINT('Ctrl Pts',(-1.64978840056011,26.9999999999961,-34.9030899867519));
#7437=CARTESIAN_POINT('Ctrl Pts',(-0.8998796257965,26.9999999999961,-35.0496818837696));
#7438=CARTESIAN_POINT('Ctrl Pts',(-0.628149790740226,27.,-35.0853090412529));
#7439=CARTESIAN_POINT('Ctrl Pts',(-0.121081358045338,27.,-35.1158422353697));
#7440=CARTESIAN_POINT('Ctrl Pts',(0.110302234101644,27.,-35.116057584192));
#7441=CARTESIAN_POINT('Ctrl Pts',(0.616002251317698,27.,-35.0865304002579));
#7442=CARTESIAN_POINT('Ctrl Pts',(0.886403639483568,26.99999999998,-35.0516648406561));
#7443=CARTESIAN_POINT('Ctrl Pts',(1.62919905295569,26.99999999998,-34.9082135440405));
#7444=CARTESIAN_POINT('Ctrl Pts',(2.08940552641933,27.,-34.7654282226365));
#7445=CARTESIAN_POINT('Ctrl Pts',(3.10923913379395,27.,-34.36691602342));
#7446=CARTESIAN_POINT('Ctrl Pts',(3.67241029193808,27.,-34.0862385303484));
#7447=CARTESIAN_POINT('Ctrl Pts',(5.2872087450453,27.,-33.2043495812035));
#7448=CARTESIAN_POINT('Ctrl Pts',(6.4144974372119,27.0000000000002,-32.4785798779426));
#7449=CARTESIAN_POINT('Ctrl Pts',(8.7971129512566,27.0000000000002,-31.0917348467862));
#7450=CARTESIAN_POINT('Ctrl Pts',(10.0665207235114,27.,-30.4124866603453));
#7451=CARTESIAN_POINT('Ctrl Pts',(11.4681854941603,27.,-29.8744158348164));
#7452=CARTESIAN_POINT('Ctrl Pts',(11.4680887987059,26.9999515769147,-29.8743717434615));
#7453=CARTESIAN_POINT('Ctrl Pts',(11.5814491884393,26.8131785042119,-29.8308863754614));
#7454=CARTESIAN_POINT('Ctrl Pts',(12.7924893749339,24.7397814409228,-29.3583227164472));
#7455=CARTESIAN_POINT('Ctrl Pts',(13.684552839935,22.3360665814921,-28.931263926547));
#7456=CARTESIAN_POINT('Ctrl Pts',(14.1632849716067,19.9999999998042,-28.6949709672803));
#7457=CARTESIAN_POINT('Ctrl Pts',(-14.1632849716067,19.9999999998042,-28.6949709672803));
#7458=CARTESIAN_POINT('Ctrl Pts',(-13.6845528399352,22.336066581491,-28.9312639265469));
#7459=CARTESIAN_POINT('Ctrl Pts',(-12.7925958530803,24.7397592597095,-29.3588132792631));
#7460=CARTESIAN_POINT('Ctrl Pts',(-11.5813744885315,26.8131177941695,-29.8311508504817));
#7461=CARTESIAN_POINT('Ctrl Pts',(-11.4680170866484,26.9998541675262,-29.8746032099573));
#7462=CARTESIAN_POINT('Origin',(0.,20.,0.));
#7463=CARTESIAN_POINT('',(-19.1338402108127,20.,-25.6494865209245));
#7464=CARTESIAN_POINT('Ctrl Pts',(-19.1338402108127,20.,-25.6494865209245));
#7465=CARTESIAN_POINT('Ctrl Pts',(-18.8150668334226,19.7622250255449,-25.8872830499688));
#7466=CARTESIAN_POINT('Ctrl Pts',(-18.5181232766014,19.47342485446,-26.099519793188));
#7467=CARTESIAN_POINT('Ctrl Pts',(-18.2509154418068,19.1388685375732,-26.2850544137922));
#7468=CARTESIAN_POINT('',(-26.6287780913231,20.,-17.7456523510146));
#7469=CARTESIAN_POINT('Origin',(0.,20.,0.));
#7470=CARTESIAN_POINT('',(-31.4124998602887,20.,-6.10367532945217));
#7471=CARTESIAN_POINT('Origin',(0.,20.,0.));
#7472=CARTESIAN_POINT('',(-31.4124998602887,27.,-6.10367532945217));
#7473=CARTESIAN_POINT('',(-31.4124998602887,20.,-6.10367532945219));
#7474=CARTESIAN_POINT('Origin',(0.,27.,0.));
#7475=CARTESIAN_POINT('Origin',(0.,20.,0.));
#7476=CARTESIAN_POINT('',(31.4124999238896,27.,-6.10367500213103));
#7477=CARTESIAN_POINT('Origin',(0.,27.,0.));
#7478=CARTESIAN_POINT('',(31.4124999238896,19.5,-6.10367500213104));
#7479=CARTESIAN_POINT('',(31.4124999238896,20.,-6.10367500213104));
#7480=CARTESIAN_POINT('',(31.2761362830515,20.,-6.76781347290177));
#7481=CARTESIAN_POINT('Ctrl Pts',(31.2761362830515,20.,-6.76781347290177));
#7482=CARTESIAN_POINT('Ctrl Pts',(31.3238947621821,19.8305344341087,-6.5471069318686));
#7483=CARTESIAN_POINT('Ctrl Pts',(31.3693392970613,19.6637127167124,-6.32580071925712));
#7484=CARTESIAN_POINT('Ctrl Pts',(31.4124999238854,19.5000000000157,-6.10367500215229));
#7485=CARTESIAN_POINT('',(26.2534123201146,20.,-18.2964024209695));
#7486=CARTESIAN_POINT('Origin',(0.,20.,0.));
#7487=CARTESIAN_POINT('Origin',(0.,20.,0.));
#7488=CARTESIAN_POINT('Origin',(-27.5000001862645,20.,-2.23517424013942E-7));
#7489=CARTESIAN_POINT('',(-24.7500001862645,0.,-2.23517424350719E-7));
#7490=CARTESIAN_POINT('Origin',(-27.5000001862645,0.,-2.23517424013942E-7));
#7491=CARTESIAN_POINT('',(-24.7500001862645,20.,-2.23517424350719E-7));
#7492=CARTESIAN_POINT('',(-24.7500001862645,20.,-2.23517423677164E-7));
#7493=CARTESIAN_POINT('Origin',(-27.5000001862645,20.,-2.23517424013942E-7));
#7494=CARTESIAN_POINT('Origin',(2.23517405695262E-7,20.,-27.5000001862645));
#7495=CARTESIAN_POINT('',(3.74999985471368,0.,-29.2776385752775));
#7496=CARTESIAN_POINT('',(3.74999985471368,0.,-25.7223601953767));
#7497=CARTESIAN_POINT('Origin',(0.,-3.74999985471367,-27.4999993853271));
#7498=CARTESIAN_POINT('Origin',(2.23517405695262E-7,0.,-27.5000001862645));
#7499=CARTESIAN_POINT('Origin',(2.23517421275494E-7,20.,-27.5000001862645));
#7500=CARTESIAN_POINT('',(2.75000022351742,0.,-27.5000001862645));
#7501=CARTESIAN_POINT('Origin',(2.23517421275494E-7,0.,-27.5000001862645));
#7502=CARTESIAN_POINT('',(2.75000022351742,20.,-27.5000001862645));
#7503=CARTESIAN_POINT('',(2.75000022351742,20.,-27.5000001862645));
#7504=CARTESIAN_POINT('Origin',(2.23517421275494E-7,20.,-27.5000001862645));
#7505=CARTESIAN_POINT('Origin',(2.23517405695262E-7,20.,-27.5000001862645));
#7506=CARTESIAN_POINT('',(-3.75000009685755,0.,-25.7223607061888));
#7507=CARTESIAN_POINT('',(-3.75000009685755,0.,-29.2776380644654));
#7508=CARTESIAN_POINT('Origin',(0.,-3.75000009685754,-27.4999993853271));
#7509=CARTESIAN_POINT('Origin',(2.23517405695262E-7,0.,-27.5000001862645));
#7510=CARTESIAN_POINT('Origin',(-2.23517417907715E-7,20.,27.5000001862645));
#7511=CARTESIAN_POINT('',(2.74999977648258,0.,27.5000001862645));
#7512=CARTESIAN_POINT('Origin',(-2.23517417907715E-7,0.,27.5000001862645));
#7513=CARTESIAN_POINT('',(2.74999977648258,20.,27.5000001862645));
#7514=CARTESIAN_POINT('',(2.74999977648258,20.,27.5000001862645));
#7515=CARTESIAN_POINT('Origin',(-2.23517417907715E-7,20.,27.5000001862645));
#7516=CARTESIAN_POINT('Origin',(27.5000001862645,20.,2.23517411801488E-7));
#7517=CARTESIAN_POINT('',(30.2500001862645,0.,2.2351741146471E-7));
#7518=CARTESIAN_POINT('Origin',(27.5000001862645,0.,2.23517411801488E-7));
#7519=CARTESIAN_POINT('',(30.2500001862645,20.,2.2351741146471E-7));
#7520=CARTESIAN_POINT('',(30.2500001862645,20.,2.23517412138266E-7));
#7521=CARTESIAN_POINT('Origin',(27.5000001862645,20.,2.23517411801488E-7));
#7522=CARTESIAN_POINT('Origin',(0.,20.,0.));
#7523=CARTESIAN_POINT('',(23.,20.,-15.5261875552243));
#7524=CARTESIAN_POINT('',(27.4379999472677,20.,-4.14953719030635));
#7525=CARTESIAN_POINT('Origin',(0.,20.,0.));
#7526=CARTESIAN_POINT('',(27.4379999472677,26.,-4.14953719030635));
#7527=CARTESIAN_POINT('',(27.4379999472677,0.,-4.14953719030635));
#7528=CARTESIAN_POINT('',(4.14953706186131,26.,-27.4379999666929));
#7529=CARTESIAN_POINT('Origin',(0.,26.,0.));
#7530=CARTESIAN_POINT('',(4.14953706186131,20.,-27.4379999666929));
#7531=CARTESIAN_POINT('',(4.14953706186131,0.,-27.4379999666929));
#7532=CARTESIAN_POINT('',(15.5261875552243,20.,-23.));
#7533=CARTESIAN_POINT('Origin',(0.,20.,0.));
#7534=CARTESIAN_POINT('',(15.5261875552243,19.,-23.));
#7535=CARTESIAN_POINT('',(15.5261875552243,20.,-23.));
#7536=CARTESIAN_POINT('',(16.9133822755829,20.,-22.));
#7537=CARTESIAN_POINT('Origin',(0.,42.,0.));
#7538=CARTESIAN_POINT('',(22.,20.,-16.9133822755829));
#7539=CARTESIAN_POINT('Origin',(0.,20.,0.));
#7540=CARTESIAN_POINT('',(23.,19.,-15.5261875552243));
#7541=CARTESIAN_POINT('Origin',(0.,42.,0.));
#7542=CARTESIAN_POINT('',(23.,20.,-15.5261875552243));
#7543=CARTESIAN_POINT('Origin',(0.,20.,0.));
#7544=CARTESIAN_POINT('',(27.4380000484489,20.,4.14953652126586));
#7545=CARTESIAN_POINT('',(23.,20.,15.5261875552242));
#7546=CARTESIAN_POINT('Origin',(0.,20.,0.));
#7547=CARTESIAN_POINT('',(23.,19.,15.5261875552242));
#7548=CARTESIAN_POINT('',(23.,20.,15.5261875552242));
#7549=CARTESIAN_POINT('',(22.,20.,16.9133822755829));
#7550=CARTESIAN_POINT('Origin',(0.,42.,0.));
#7551=CARTESIAN_POINT('',(16.9133822755829,20.,22.));
#7552=CARTESIAN_POINT('Origin',(0.,20.,0.));
#7553=CARTESIAN_POINT('',(15.5261875552242,19.,23.));
#7554=CARTESIAN_POINT('Origin',(0.,42.,0.));
#7555=CARTESIAN_POINT('',(15.5261875552242,20.,23.));
#7556=CARTESIAN_POINT('',(15.5261875552242,20.,23.));
#7557=CARTESIAN_POINT('',(4.14953705519699,20.,27.4379999677008));
#7558=CARTESIAN_POINT('Origin',(0.,20.,0.));
#7559=CARTESIAN_POINT('',(4.14953705519699,26.,27.4379999677008));
#7560=CARTESIAN_POINT('',(4.14953705519699,0.,27.4379999677008));
#7561=CARTESIAN_POINT('',(27.4380000484489,26.,4.14953652126586));
#7562=CARTESIAN_POINT('Origin',(0.,26.,0.));
#7563=CARTESIAN_POINT('',(27.4380000484489,0.,4.14953652126586));
#7564=CARTESIAN_POINT('Origin',(0.,20.,0.));
#7565=CARTESIAN_POINT('',(-4.14953660917002,20.,27.4380000351549));
#7566=CARTESIAN_POINT('',(-15.5261875552242,20.,23.));
#7567=CARTESIAN_POINT('Origin',(0.,20.,0.));
#7568=CARTESIAN_POINT('',(-15.5261875552242,19.,23.));
#7569=CARTESIAN_POINT('',(-15.5261875552242,20.,23.));
#7570=CARTESIAN_POINT('',(-16.9133822755829,20.,22.));
#7571=CARTESIAN_POINT('Origin',(0.,42.,0.));
#7572=CARTESIAN_POINT('',(-22.,20.,16.9133822755829));
#7573=CARTESIAN_POINT('Origin',(0.,20.,0.));
#7574=CARTESIAN_POINT('',(-23.,19.,15.5261875552242));
#7575=CARTESIAN_POINT('Origin',(0.,42.,0.));
#7576=CARTESIAN_POINT('',(-23.,20.,15.5261875552242));
#7577=CARTESIAN_POINT('',(-23.,20.,15.5261875552242));
#7578=CARTESIAN_POINT('',(-27.4380000451061,20.,4.14953683617582));
#7579=CARTESIAN_POINT('Origin',(0.,20.,0.));
#7580=CARTESIAN_POINT('',(-27.4380000499607,26.,4.14953651126955));
#7581=CARTESIAN_POINT('',(-27.4380000499607,0.,4.14953651126955));
#7582=CARTESIAN_POINT('',(-4.14953660917002,26.,27.4380000351549));
#7583=CARTESIAN_POINT('Origin',(0.,26.,0.));
#7584=CARTESIAN_POINT('',(-4.14953660917002,0.,27.4380000351549));
#7585=CARTESIAN_POINT('Origin',(0.,20.,0.));
#7586=CARTESIAN_POINT('',(-15.5261875552243,20.,-23.));
#7587=CARTESIAN_POINT('',(-4.14953661583434,20.,-27.438000034147));
#7588=CARTESIAN_POINT('Origin',(0.,20.,0.));
#7589=CARTESIAN_POINT('',(-4.14953661583434,26.,-27.438000034147));
#7590=CARTESIAN_POINT('',(-4.14953661583434,0.,-27.438000034147));
#7591=CARTESIAN_POINT('',(-27.4379999487795,26.,-4.14953718031002));
#7592=CARTESIAN_POINT('Origin',(0.,26.,0.));
#7593=CARTESIAN_POINT('',(-27.4379999487795,20.,-4.14953718031002));
#7594=CARTESIAN_POINT('',(-27.4379999487795,0.,-4.14953718031002));
#7595=CARTESIAN_POINT('',(-23.,20.,-15.5261875552243));
#7596=CARTESIAN_POINT('Origin',(0.,20.,0.));
#7597=CARTESIAN_POINT('',(-23.,19.,-15.5261875552243));
#7598=CARTESIAN_POINT('',(-23.,20.,-15.5261875552243));
#7599=CARTESIAN_POINT('',(-22.,20.,-16.9133822755829));
#7600=CARTESIAN_POINT('Origin',(0.,42.,0.));
#7601=CARTESIAN_POINT('',(-16.9133822755829,20.,-22.));
#7602=CARTESIAN_POINT('Origin',(0.,20.,0.));
#7603=CARTESIAN_POINT('',(-15.5261875552243,19.,-23.));
#7604=CARTESIAN_POINT('Origin',(0.,42.,0.));
#7605=CARTESIAN_POINT('',(-15.5261875552243,20.,-23.));
#7606=CARTESIAN_POINT('Origin',(-4.00000009685755,0.25,-14.2691757905439));
#7607=CARTESIAN_POINT('',(-3.75000009685755,0.,-23.8257658898529));
#7608=CARTESIAN_POINT('',(-3.75000009685755,0.,-14.2691757905439));
#7609=CARTESIAN_POINT('',(-4.25000009685755,0.5,-24.4177934571658));
#7610=CARTESIAN_POINT('Origin',(-2.23517417907715E-7,-3.74999987334013,
-27.5000006332994));
#7611=CARTESIAN_POINT('',(-4.25000009685755,0.5,-33.3736707871818));
#7612=CARTESIAN_POINT('',(-4.25000009685755,0.5,-14.2691757905439));
#7613=CARTESIAN_POINT('',(-3.75000009685755,0.,-33.7048375328439));
#7614=CARTESIAN_POINT('Origin',(-2.23517417907715E-7,-3.74999987334013,
-27.5000006332994));
#7615=CARTESIAN_POINT('',(-3.75000009685755,0.,-14.2691757905439));
#7616=CARTESIAN_POINT('Origin',(3.99999985471368,0.25,-12.5000001117587));
#7617=CARTESIAN_POINT('',(3.74999985471368,0.,-33.7048374090145));
#7618=CARTESIAN_POINT('',(3.74999985471368,0.,-12.5000001117587));
#7619=CARTESIAN_POINT('',(4.24999985471368,0.5,-33.3736706389292));
#7620=CARTESIAN_POINT('Origin',(-2.23517417907715E-7,-3.75000007823109,
-27.5000006332994));
#7621=CARTESIAN_POINT('',(4.24999985471368,0.5,-24.4177937396863));
#7622=CARTESIAN_POINT('',(4.24999985471368,0.5,-12.5000001117587));
#7623=CARTESIAN_POINT('',(3.74999985471368,0.,-23.8257660989689));
#7624=CARTESIAN_POINT('Origin',(-2.23517417907715E-7,-3.75000007823109,
-27.5000006332994));
#7625=CARTESIAN_POINT('',(3.74999985471368,0.,-12.5000001117587));
#7626=CARTESIAN_POINT('Origin',(-6.25,15.0000002980232,-64.5));
#7627=CARTESIAN_POINT('',(-6.25,15.0000002980232,-62.5));
#7628=CARTESIAN_POINT('',(-3.125,15.0000002980232,-62.5));
#7629=CARTESIAN_POINT('',(-6.25,15.0000002980232,-62.5));
#7630=CARTESIAN_POINT('Origin',(-4.80234317807464,11.0000002980232,-62.5));
#7631=CARTESIAN_POINT('',(-4.80234317807464,11.0000002980232,-32.9313910765298));
#7632=CARTESIAN_POINT('',(-4.80234317807464,11.0000002980232,-62.5));
#7633=CARTESIAN_POINT('',(-6.3876814261616,11.0000002980232,-30.9292904801023));
#7634=CARTESIAN_POINT('Origin',(-2.23517417907715E-7,11.0000002980232,-27.5000006332994));
#7635=CARTESIAN_POINT('Origin',(-10.7929788072955,11.0000002980232,-33.2943179606561));
#7636=CARTESIAN_POINT('Origin',(9.25,15.0000002980232,-64.5));
#7637=CARTESIAN_POINT('',(6.25,15.0000002980232,-62.5));
#7638=CARTESIAN_POINT('',(6.25,15.0000002980232,-62.5));
#7639=CARTESIAN_POINT('',(4.625,15.0000002980232,-62.5));
#7640=CARTESIAN_POINT('Origin',(8.34041365880614,11.0000002980232,-62.5));
#7641=CARTESIAN_POINT('',(6.38768092338088,11.0000002980232,-30.9292905839393));
#7642=CARTESIAN_POINT('Origin',(10.7929782660693,11.0000002980232,-33.2943181361048));
#7643=CARTESIAN_POINT('',(4.80234317807464,11.0000002980232,-32.9313906812691));
#7644=CARTESIAN_POINT('Origin',(-2.23517417907715E-7,11.0000002980232,-27.5000006332994));
#7645=CARTESIAN_POINT('',(4.80234317807464,11.0000002980232,-62.5));
#7646=CARTESIAN_POINT('Origin',(-10.7929788072955,0.,-33.2943179606561));
#7647=CARTESIAN_POINT('',(-6.38768142616161,7.,-30.9292904801023));
#7648=CARTESIAN_POINT('',(-6.3876814261616,0.,-30.9292904801023));
#7649=CARTESIAN_POINT('',(-8.75000009685755,7.,-28.7307406370319));
#7650=CARTESIAN_POINT('Origin',(-10.7929788072955,7.,-33.2943179606561));
#7651=CARTESIAN_POINT('',(-9.25000009685755,6.5,-28.5383513575703));
#7652=CARTESIAN_POINT('Origin',(-10.7929788072955,4.95702128956202,-33.2943179606561));
#7653=CARTESIAN_POINT('',(-9.25112469196759,6.49887540488995,-28.5379868234195));
#7654=CARTESIAN_POINT('Origin',(-10.7929788072955,4.95702128956202,-33.2943179606561));
#7655=CARTESIAN_POINT('',(-9.25112469196759,0.,-28.5379868234195));
#7656=CARTESIAN_POINT('Origin',(-2.23517417907715E-7,0.,-27.5000006332994));
#7657=CARTESIAN_POINT('',(-6.25,15.0000002980232,-31.1742356276849));
#7658=CARTESIAN_POINT('Ctrl Pts',(-4.80234317807462,11.0000002980232,-32.9313910765298));
#7659=CARTESIAN_POINT('Ctrl Pts',(-5.18503713863415,11.459457230719,-32.5930195923852));
#7660=CARTESIAN_POINT('Ctrl Pts',(-5.50840908716651,11.9835398584585,-32.2304272949203));
#7661=CARTESIAN_POINT('Ctrl Pts',(-5.90898497088095,12.9236197542572,-31.7088865264969));
#7662=CARTESIAN_POINT('Ctrl Pts',(-6.03324582839823,13.3157365379963,-31.5233915040496));
#7663=CARTESIAN_POINT('Ctrl Pts',(-6.20365727207042,14.133146163922,-31.2553123182703));
#7664=CARTESIAN_POINT('Ctrl Pts',(-6.25,14.5588925732292,-31.1742356276849));
#7665=CARTESIAN_POINT('Ctrl Pts',(-6.25,15.0000002980232,-31.1742356276849));
#7666=CARTESIAN_POINT('',(-3.75000039736427,20.,-33.7048373512274));
#7667=CARTESIAN_POINT('Ctrl Pts',(-6.25,15.0000002980232,-31.1742356276849));
#7668=CARTESIAN_POINT('Ctrl Pts',(-6.25,15.4411080228173,-31.1742356276849));
#7669=CARTESIAN_POINT('Ctrl Pts',(-6.20365727207042,15.8668544321244,-31.2553123182704));
#7670=CARTESIAN_POINT('Ctrl Pts',(-6.03324582839823,16.6842640580501,-31.5233915040496));
#7671=CARTESIAN_POINT('Ctrl Pts',(-5.90898497088095,17.0763808417892,-31.7088865264969));
#7672=CARTESIAN_POINT('Ctrl Pts',(-5.43133912607,18.1973301407207,-32.3307706464968));
#7673=CARTESIAN_POINT('Ctrl Pts',(-4.96746227511274,18.8713727912513,-32.825859404369));
#7674=CARTESIAN_POINT('Ctrl Pts',(-4.21763180800711,19.621203253556,-33.4024473525587));
#7675=CARTESIAN_POINT('Ctrl Pts',(-3.99380923823769,19.8171433390696,-33.5574872697951));
#7676=CARTESIAN_POINT('Ctrl Pts',(-3.75000039736426,20.,-33.7048373512274));
#7677=CARTESIAN_POINT('',(3.75000039736427,20.,-33.7048370810542));
#7678=CARTESIAN_POINT('Origin',(-2.23517417907715E-7,20.,-27.5000006332994));
#7679=CARTESIAN_POINT('',(6.25,15.0000002980232,-31.1742348672632));
#7680=CARTESIAN_POINT('Ctrl Pts',(3.75000039736427,20.,-33.7048370810542));
#7681=CARTESIAN_POINT('Ctrl Pts',(3.99380925023489,19.8171433300717,-33.5574869683897));
#7682=CARTESIAN_POINT('Ctrl Pts',(4.21763182941961,19.6212032347274,-33.4024470188992));
#7683=CARTESIAN_POINT('Ctrl Pts',(4.96746229849644,18.8713727608497,-32.8258589705095));
#7684=CARTESIAN_POINT('Ctrl Pts',(5.43133913848977,18.1973301158549,-32.3307701361519));
#7685=CARTESIAN_POINT('Ctrl Pts',(5.90898497225101,17.0763808364334,-31.7088858987561));
#7686=CARTESIAN_POINT('Ctrl Pts',(6.03324582696734,16.6842640618883,-31.5233908369429));
#7687=CARTESIAN_POINT('Ctrl Pts',(6.20365726972844,15.8668544463834,-31.2553115848252));
#7688=CARTESIAN_POINT('Ctrl Pts',(6.25,15.4411080382704,-31.1742348672632));
#7689=CARTESIAN_POINT('Ctrl Pts',(6.25,15.0000002980232,-31.1742348672632));
#7690=CARTESIAN_POINT('Ctrl Pts',(6.25,15.0000002980232,-31.1742348672632));
#7691=CARTESIAN_POINT('Ctrl Pts',(6.25,14.5588925577761,-31.1742348672632));
#7692=CARTESIAN_POINT('Ctrl Pts',(6.20365726972845,14.133146149663,-31.2553115848252));
#7693=CARTESIAN_POINT('Ctrl Pts',(6.03324582696735,13.3157365341581,-31.5233908369428));
#7694=CARTESIAN_POINT('Ctrl Pts',(5.90898497225101,12.923619759613,-31.7088858987561));
#7695=CARTESIAN_POINT('Ctrl Pts',(5.50840909278844,11.9835398684072,-32.2304267721624));
#7696=CARTESIAN_POINT('Ctrl Pts',(5.18503714353,11.4594572365969,-32.5930191366734));
#7697=CARTESIAN_POINT('Ctrl Pts',(4.80234317807462,11.0000002980232,-32.9313906812692));
#7698=CARTESIAN_POINT('',(6.38768092338088,7.,-30.9292905839393));
#7699=CARTESIAN_POINT('',(6.38768092338088,0.,-30.9292905839393));
#7700=CARTESIAN_POINT('',(4.74999985471368,7.,-32.9772261405069));
#7701=CARTESIAN_POINT('Origin',(-2.23517417907715E-7,7.,-27.5000006332994));
#7702=CARTESIAN_POINT('',(4.24999985471368,6.5,-33.3736706389292));
#7703=CARTESIAN_POINT('Origin',(-2.23517417907715E-7,2.24999992176892,-27.5000006332994));
#7704=CARTESIAN_POINT('',(4.24999985471368,0.,-33.3736706389292));
#7705=CARTESIAN_POINT('Origin',(-2.23517417907715E-7,0.,-27.5000006332994));
#7706=CARTESIAN_POINT('',(-4.25000009685755,6.5,-33.3736707871818));
#7707=CARTESIAN_POINT('',(-4.25000009685755,0.,-33.3736707871818));
#7708=CARTESIAN_POINT('',(-4.75000009685755,7.,-32.9772263181939));
#7709=CARTESIAN_POINT('Origin',(-2.23517417907715E-7,2.25000012665989,-27.5000006332994));
#7710=CARTESIAN_POINT('Origin',(-2.23517417907715E-7,7.,-27.5000006332994));
#7711=CARTESIAN_POINT('Origin',(0.,15.0000002980232,-62.5));
#7712=CARTESIAN_POINT('Origin',(0.,15.0000002980232,-62.5));
#7713=CARTESIAN_POINT('',(3.75000039736427,20.,-31.7795137945779));
#7714=CARTESIAN_POINT('',(3.75000039736427,20.,-34.5));
#7715=CARTESIAN_POINT('',(-3.75000039736427,20.,-31.7795137945779));
#7716=CARTESIAN_POINT('Ctrl Pts',(3.75000039736427,20.,-31.7795137945779));
#7717=CARTESIAN_POINT('Ctrl Pts',(3.33928974005532,20.3080330439823,-31.8279778817904));
#7718=CARTESIAN_POINT('Ctrl Pts',(2.87984622455064,20.571803254614,-31.8738654685611));
#7719=CARTESIAN_POINT('Ctrl Pts',(1.62493114690326,21.0923201838931,-31.9680353807314));
#7720=CARTESIAN_POINT('Ctrl Pts',(0.786923406232534,21.2500002980232,-32.));
#7721=CARTESIAN_POINT('Ctrl Pts',(-0.786923406232533,21.2500002980232,-32.));
#7722=CARTESIAN_POINT('Ctrl Pts',(-1.62493114690326,21.0923201838931,-31.9680353807314));
#7723=CARTESIAN_POINT('Ctrl Pts',(-2.87984622455064,20.571803254614,-31.8738654685611));
#7724=CARTESIAN_POINT('Ctrl Pts',(-3.33928974005532,20.3080330439823,-31.8279778817904));
#7725=CARTESIAN_POINT('Ctrl Pts',(-3.75000039736427,20.,-31.7795137945779));
#7726=CARTESIAN_POINT('',(-3.75000039736427,20.,-34.5));
#7727=CARTESIAN_POINT('Origin',(10.7929782660693,0.,-33.2943181361048));
#7728=CARTESIAN_POINT('',(9.25112422805944,6.49887562665424,-28.5379869738041));
#7729=CARTESIAN_POINT('',(9.25112422805944,0.,-28.5379869738041));
#7730=CARTESIAN_POINT('',(9.24999985471368,6.5,-28.5383514360553));
#7731=CARTESIAN_POINT('Origin',(10.7929782660693,4.95702158864433,-33.2943181361048));
#7732=CARTESIAN_POINT('',(8.74999985471368,7.,-28.7307406785903));
#7733=CARTESIAN_POINT('Origin',(10.7929782660693,4.95702158864433,-33.2943181361048));
#7734=CARTESIAN_POINT('Origin',(10.7929782660693,7.,-33.2943181361048));
#7735=CARTESIAN_POINT('Origin',(6.49999985471368,7.,-27.3823511338905));
#7736=CARTESIAN_POINT('',(8.74999985471367,7.,-25.));
#7737=CARTESIAN_POINT('',(8.74999985471367,7.,-26.1911755669452));
#7738=CARTESIAN_POINT('',(4.74999985471368,7.,-25.));
#7739=CARTESIAN_POINT('',(7.58012698085729,7.,-25.));
#7740=CARTESIAN_POINT('',(4.74999985471368,7.,-26.1911755669452));
#7741=CARTESIAN_POINT('Origin',(-2.23517435671283E-7,20.,-2.23517417907715E-7));
#7742=CARTESIAN_POINT('Origin',(0.,20.,0.));
#7743=CARTESIAN_POINT('Origin',(0.,20.,0.));
#7744=CARTESIAN_POINT('Origin',(0.,20.,0.));
#7745=CARTESIAN_POINT('',(-31.4124999595089,19.5,6.1036748188165));
#7746=CARTESIAN_POINT('',(-31.4124999595089,27.,6.10367481881649));
#7747=CARTESIAN_POINT('',(-31.4124999595089,20.,6.10367481881649));
#7748=CARTESIAN_POINT('',(-31.2761363316836,20.,6.76781324815776));
#7749=CARTESIAN_POINT('Ctrl Pts',(-31.2761363316836,20.,6.76781324815776));
#7750=CARTESIAN_POINT('Ctrl Pts',(-31.3238948062213,19.8305344349209,6.54710672067785));
#7751=CARTESIAN_POINT('Ctrl Pts',(-31.3693393367633,19.663712717584,6.32580052185423));
#7752=CARTESIAN_POINT('Ctrl Pts',(-31.4124999595047,19.5000000000157,6.10367481883776));
#7753=CARTESIAN_POINT('',(-26.2534126455748,20.,18.296401953975));
#7754=CARTESIAN_POINT('Origin',(0.,20.,0.));
#7755=CARTESIAN_POINT('',(-17.7456525888791,20.,26.6287779328081));
#7756=CARTESIAN_POINT('Origin',(0.,20.,0.));
#7757=CARTESIAN_POINT('',(-6.76781347290177,20.,31.2761362830515));
#7758=CARTESIAN_POINT('Origin',(0.,20.,0.));
#7759=CARTESIAN_POINT('',(-6.10367500213104,19.5,31.4124999238896));
#7760=CARTESIAN_POINT('Ctrl Pts',(-6.10367500213104,19.5,31.4124999238895));
#7761=CARTESIAN_POINT('Ctrl Pts',(-6.32572357437764,19.6636558588302,31.3693542868672));
#7762=CARTESIAN_POINT('Ctrl Pts',(-6.54706833120688,19.8305047952818,31.3239031149427));
#7763=CARTESIAN_POINT('Ctrl Pts',(-6.76781347290082,19.9999999999993,31.2761362830517));
#7764=CARTESIAN_POINT('',(-6.10367500213104,27.,31.4124999238896));
#7765=CARTESIAN_POINT('',(-6.10367500213104,20.,31.4124999238896));
#7766=CARTESIAN_POINT('Origin',(0.,27.,0.));
#7767=CARTESIAN_POINT('Origin',(0.,20.,0.));
#7768=CARTESIAN_POINT('',(31.4125000231097,19.5,6.10367449149534));
#7769=CARTESIAN_POINT('',(31.4125000231097,27.,6.10367449149534));
#7770=CARTESIAN_POINT('',(31.4125000231097,20.,6.10367449149534));
#7771=CARTESIAN_POINT('',(6.10367449149534,27.,31.4125000231097));
#7772=CARTESIAN_POINT('Origin',(0.,27.,0.));
#7773=CARTESIAN_POINT('',(6.10367449149534,19.5,31.4125000231097));
#7774=CARTESIAN_POINT('',(6.10367449149534,20.,31.4125000231097));
#7775=CARTESIAN_POINT('',(6.76781296448277,20.,31.2761363930678));
#7776=CARTESIAN_POINT('Ctrl Pts',(6.76781296448182,19.9999999999993,31.276136393068));
#7777=CARTESIAN_POINT('Ctrl Pts',(6.54706256553589,19.8305007591912,31.3239043588143));
#7778=CARTESIAN_POINT('Ctrl Pts',(6.32572320036038,19.6636559590048,31.3693543632873));
#7779=CARTESIAN_POINT('Ctrl Pts',(6.10367449149534,19.5,31.4125000231097));
#7780=CARTESIAN_POINT('',(18.2964021877282,20.,26.2534124826639));
#7781=CARTESIAN_POINT('Origin',(0.,20.,0.));
#7782=CARTESIAN_POINT('',(26.6287780916779,20.,17.7456523504822));
#7783=CARTESIAN_POINT('Origin',(0.,20.,0.));
#7784=CARTESIAN_POINT('',(31.2761363930678,20.,6.76781296448277));
#7785=CARTESIAN_POINT('Origin',(0.,20.,0.));
#7786=CARTESIAN_POINT('Ctrl Pts',(31.4125000231085,19.5000000000048,6.1036744915019));
#7787=CARTESIAN_POINT('Ctrl Pts',(31.3693385084234,19.6637160981466,6.32580479725941));
#7788=CARTESIAN_POINT('Ctrl Pts',(31.3238938927881,19.8305378967053,6.5471109322484));
#7789=CARTESIAN_POINT('Ctrl Pts',(31.2761363930678,20.,6.76781296448278));
#7790=CARTESIAN_POINT('Ctrl Pts',(28.8075323898082,20.,-11.1375861138605));
#7791=CARTESIAN_POINT('Ctrl Pts',(28.1623048623249,20.,-11.8639570223894));
#7792=CARTESIAN_POINT('Ctrl Pts',(26.9915494058742,20.,-13.8663705430109));
#7793=CARTESIAN_POINT('Ctrl Pts',(26.6959619515236,20.,-16.2444697213722));
#7794=CARTESIAN_POINT('Ctrl Pts',(26.7213556506134,20.,-17.5494264165498));
#7795=CARTESIAN_POINT('Ctrl Pts',(28.6696059602504,19.8342884873303,-11.0150675381945));
#7796=CARTESIAN_POINT('Ctrl Pts',(28.0131299154885,19.8335583237789,-11.7643269071605));
#7797=CARTESIAN_POINT('Ctrl Pts',(26.8345720162825,19.8322126618365,-13.8235836083257));
#7798=CARTESIAN_POINT('Ctrl Pts',(26.5722803543291,19.837099391044,-16.2376638143714));
#7799=CARTESIAN_POINT('Ctrl Pts',(26.6207123075187,19.8469600898334,-17.5513848775312));
#7800=CARTESIAN_POINT('Ctrl Pts',(28.5316795306926,19.6685769746606,-10.8925489625285));
#7801=CARTESIAN_POINT('Ctrl Pts',(27.8639549686521,19.6671166475577,-11.6646967919316));
#7802=CARTESIAN_POINT('Ctrl Pts',(26.6775946266908,19.6644253236729,-13.7807966736405));
#7803=CARTESIAN_POINT('Ctrl Pts',(26.4485987571346,19.6741987820881,-16.2308579073707));
#7804=CARTESIAN_POINT('Ctrl Pts',(26.5200689644241,19.6939201796667,-17.5533433385126));
#7805=CARTESIAN_POINT('Ctrl Pts',(28.3937531011348,19.502865461991,-10.7700303868626));
#7806=CARTESIAN_POINT('Ctrl Pts',(27.7147800218157,19.5006749713366,-11.5650666767026));
#7807=CARTESIAN_POINT('Ctrl Pts',(26.5206172370991,19.4966379855094,-13.7380097389552));
#7808=CARTESIAN_POINT('Ctrl Pts',(26.3249171599402,19.5112981731321,-16.2240520003699));
#7809=CARTESIAN_POINT('Ctrl Pts',(26.4194256213294,19.5408802695001,-17.555301799494));
#7810=CARTESIAN_POINT('',(26.4194256213294,19.5408802695001,-17.555301799494));
#7811=CARTESIAN_POINT('',(26.7213556506134,20.,-17.5494264165498));
#7812=CARTESIAN_POINT('Ctrl Pts',(26.4194256213294,19.5408802695001,-17.555301799494));
#7813=CARTESIAN_POINT('Ctrl Pts',(26.5200689644241,19.6939201796667,-17.5533433385126));
#7814=CARTESIAN_POINT('Ctrl Pts',(26.6207123075187,19.8469600898334,-17.5513848775312));
#7815=CARTESIAN_POINT('Ctrl Pts',(26.7213556506134,20.,-17.5494264165498));
#7816=CARTESIAN_POINT('',(28.8075323898082,20.,-11.1375861138605));
#7817=CARTESIAN_POINT('Ctrl Pts',(26.7213556506134,20.,-17.5494264165498));
#7818=CARTESIAN_POINT('Ctrl Pts',(26.6959619515236,20.,-16.2444697213722));
#7819=CARTESIAN_POINT('Ctrl Pts',(26.9915494058742,20.,-13.8663705430109));
#7820=CARTESIAN_POINT('Ctrl Pts',(28.1623048623249,20.,-11.8639570223894));
#7821=CARTESIAN_POINT('Ctrl Pts',(28.8075323898082,20.,-11.1375861138605));
#7822=CARTESIAN_POINT('',(28.2977173376688,19.5025569242971,-10.884731271352));
#7823=CARTESIAN_POINT('Ctrl Pts',(28.8075323898082,20.,-11.1375861138605));
#7824=CARTESIAN_POINT('Ctrl Pts',(28.7215393131415,19.9174440186459,-11.0960008797954));
#7825=CARTESIAN_POINT('Ctrl Pts',(28.6358738602365,19.8344743348776,-11.0540214893883));
#7826=CARTESIAN_POINT('Ctrl Pts',(28.5507341285714,19.751368955634,-11.0117798287077));
#7827=CARTESIAN_POINT('Ctrl Pts',(28.4660437078645,19.6687021513878,-10.9697610914574));
#7828=CARTESIAN_POINT('Ctrl Pts',(28.3816520069724,19.5856848886221,-10.9273729996383));
#7829=CARTESIAN_POINT('Ctrl Pts',(28.2977303185504,19.5025554526918,-10.8847271228087));
#7830=CARTESIAN_POINT('',(28.2952168520398,19.5025489312148,-10.8877791711982));
#7831=CARTESIAN_POINT('Ctrl Pts',(28.2977230233773,19.5025554291193,-10.8847360120063));
#7832=CARTESIAN_POINT('Ctrl Pts',(28.2968893563191,19.5025527384371,-10.8857518456464));
#7833=CARTESIAN_POINT('Ctrl Pts',(28.2960559548374,19.5025500487071,-10.8867678887438));
#7834=CARTESIAN_POINT('Ctrl Pts',(28.2952228189645,19.5025473599352,-10.8877841411419));
#7835=CARTESIAN_POINT('Ctrl Pts',(28.2952228593372,19.5025473600655,-10.8877840918954));
#7836=CARTESIAN_POINT('Ctrl Pts',(27.6651022530244,19.5005137775352,-11.6564000970348));
#7837=CARTESIAN_POINT('Ctrl Pts',(26.5165106002586,19.4969456198622,-13.7901776935416));
#7838=CARTESIAN_POINT('Ctrl Pts',(26.3249171599402,19.5112981731321,-16.2240520003699));
#7839=CARTESIAN_POINT('Ctrl Pts',(26.4194256213294,19.5408802695001,-17.555301799494));
#7840=CARTESIAN_POINT('Origin',(27.5000001862645,19.75,-2.23517417907715E-7));
#7841=CARTESIAN_POINT('',(30.929290353385,19.5,-6.38768125419596));
#7842=CARTESIAN_POINT('Origin',(27.5000001862645,19.5,-2.23517417907715E-7));
#7843=CARTESIAN_POINT('',(31.1657931235313,20.,-6.82821098044966));
#7844=CARTESIAN_POINT('',(30.929290353385,19.5,-6.38768125419596));
#7845=CARTESIAN_POINT('Origin',(27.5000001862645,20.,-2.23517417907715E-7));
#7846=CARTESIAN_POINT('Origin',(33.2943180548475,19.75,-10.7929785167329));
#7847=CARTESIAN_POINT('Origin',(33.2943180548475,20.,-10.7929785167329));
#7848=CARTESIAN_POINT('',(28.2952099234549,19.5,-10.8874131006772));
#7849=CARTESIAN_POINT('Origin',(33.2943180548475,19.5,-10.7929785167329));
#7850=CARTESIAN_POINT('Ctrl Pts',(28.2952099234546,19.4999999999997,-10.8874131006776));
#7851=CARTESIAN_POINT('Ctrl Pts',(28.2960454092082,19.500852226763,-10.8865188288068));
#7852=CARTESIAN_POINT('Ctrl Pts',(28.2968812138974,19.5017045347548,-10.8856248857305));
#7853=CARTESIAN_POINT('Ctrl Pts',(28.2977173376685,19.5025569242968,-10.8847312713523));
#7854=CARTESIAN_POINT('Ctrl Pts',(26.2534123201146,20.,-18.2964024209695));
#7855=CARTESIAN_POINT('Ctrl Pts',(26.3092328939359,19.8673251991725,-18.0452713712621));
#7856=CARTESIAN_POINT('Ctrl Pts',(26.3647565057632,19.7152673768083,-17.7977514370477));
#7857=CARTESIAN_POINT('Ctrl Pts',(26.4194256213294,19.5408802695001,-17.555301799494));
#7858=CARTESIAN_POINT('Ctrl Pts',(26.2534123201146,20.,-18.2964024209695));
#7859=CARTESIAN_POINT('Ctrl Pts',(26.3426197393842,19.9115501327817,-18.0459843873402));
#7860=CARTESIAN_POINT('Ctrl Pts',(26.4316291839912,19.8101782512055,-17.7979737640395));
#7861=CARTESIAN_POINT('Ctrl Pts',(26.5200689644241,19.6939201796667,-17.5533433385126));
#7862=CARTESIAN_POINT('Ctrl Pts',(26.2534123201146,20.,-18.2964024209695));
#7863=CARTESIAN_POINT('Ctrl Pts',(26.3760065848325,19.9557750663908,-18.0466974034182));
#7864=CARTESIAN_POINT('Ctrl Pts',(26.4985018622191,19.9050891256027,-17.7981960910312));
#7865=CARTESIAN_POINT('Ctrl Pts',(26.6207123075187,19.8469600898334,-17.5513848775312));
#7866=CARTESIAN_POINT('Ctrl Pts',(26.2534123201146,20.,-18.2964024209695));
#7867=CARTESIAN_POINT('Ctrl Pts',(26.4093934302808,20.,-18.0474104194962));
#7868=CARTESIAN_POINT('Ctrl Pts',(26.5653745404471,20.,-17.798418418023));
#7869=CARTESIAN_POINT('Ctrl Pts',(26.7213556506134,20.,-17.5494264165498));
#7870=CARTESIAN_POINT('Ctrl Pts',(26.4194256213294,19.5408802695001,-17.555301799494));
#7871=CARTESIAN_POINT('Ctrl Pts',(26.3647565057632,19.7152673768083,-17.7977514370477));
#7872=CARTESIAN_POINT('Ctrl Pts',(26.3092328939359,19.8673251991725,-18.0452713712621));
#7873=CARTESIAN_POINT('Ctrl Pts',(26.2534123201146,20.,-18.2964024209695));
#7874=CARTESIAN_POINT('Ctrl Pts',(26.2534123201146,20.,-18.2964024209695));
#7875=CARTESIAN_POINT('Ctrl Pts',(26.4093934302808,20.,-18.0474104194962));
#7876=CARTESIAN_POINT('Ctrl Pts',(26.5653745404471,20.,-17.798418418023));
#7877=CARTESIAN_POINT('Ctrl Pts',(26.7213556506134,20.,-17.5494264165498));
#7878=CARTESIAN_POINT('Origin',(33.2943180548475,0.,-10.7929785167329));
#7879=CARTESIAN_POINT('',(30.929290353385,0.,-6.38768125419596));
#7880=CARTESIAN_POINT('',(30.929290353385,0.,-6.38768125419596));
#7881=CARTESIAN_POINT('',(28.2993953101641,0.,-10.5677080689494));
#7882=CARTESIAN_POINT('Origin',(33.2943180548475,0.,-10.7929785167329));
#7883=CARTESIAN_POINT('',(28.2993953101641,15.,-10.5677080689494));
#7884=CARTESIAN_POINT('',(28.2993953101641,0.,-10.5677080689494));
#7885=CARTESIAN_POINT('Ctrl Pts',(28.2994662219141,15.,-10.5677642354113));
#7886=CARTESIAN_POINT('Ctrl Pts',(28.2994662219141,15.2441486600463,-10.5677642354113));
#7887=CARTESIAN_POINT('Ctrl Pts',(28.2993183623915,15.4884663324345,-10.5706097642046));
#7888=CARTESIAN_POINT('Ctrl Pts',(28.2990357067424,15.7327370053969,-10.5762398885497));
#7889=CARTESIAN_POINT('Ctrl Pts',(28.2987497864509,15.9798289783848,-10.5819350402261));
#7890=CARTESIAN_POINT('Ctrl Pts',(28.298325977471,16.2268728996381,-10.590479487174));
#7891=CARTESIAN_POINT('Ctrl Pts',(28.2978197866179,16.4736467043203,-10.6018428698506));
#7892=CARTESIAN_POINT('Ctrl Pts',(28.2973112657818,16.7215564022276,-10.6132585578738));
#7893=CARTESIAN_POINT('Ctrl Pts',(28.2967196657147,16.9691935383432,-10.6275191941866));
#7894=CARTESIAN_POINT('Ctrl Pts',(28.2961425543457,17.2163338450065,-10.6446267155855));
#7895=CARTESIAN_POINT('Ctrl Pts',(28.2955633025917,17.4643907432574,-10.661797685195));
#7896=CARTESIAN_POINT('Ctrl Pts',(28.2949986972163,17.7119471864148,-10.6818366655871));
#7897=CARTESIAN_POINT('Ctrl Pts',(28.294588046201,17.9587764418657,-10.7047787119667));
#7898=CARTESIAN_POINT('Ctrl Pts',(28.294506538419,18.0077681754867,-10.7093323481347));
#7899=CARTESIAN_POINT('Ctrl Pts',(28.2944312222802,18.0567312589548,-10.7140004585836));
#7900=CARTESIAN_POINT('Ctrl Pts',(28.2943633741639,18.1056639154757,-10.7187834739183));
#7901=CARTESIAN_POINT('Ctrl Pts',(28.2940302754278,18.3458976452922,-10.7422655755515));
#7902=CARTESIAN_POINT('Ctrl Pts',(28.2938749690918,18.5853992512969,-10.7685139403742));
#7903=CARTESIAN_POINT('Ctrl Pts',(28.2940020184493,18.8242429551689,-10.7974910363463));
#7904=CARTESIAN_POINT('Ctrl Pts',(28.2941218919073,19.049596481297,-10.8248314713186));
#7905=CARTESIAN_POINT('Ctrl Pts',(28.294493575236,19.2743643634371,-10.8546012965792));
#7906=CARTESIAN_POINT('Ctrl Pts',(28.2952255758497,19.4985951082999,-10.8868035168506));
#7907=CARTESIAN_POINT('Origin',(27.5000001862645,0.,-2.23517417907715E-7));
#7908=CARTESIAN_POINT('Origin',(27.5000001862645,27.,-2.23517417907715E-7));
#7909=CARTESIAN_POINT('',(30.929290457222,19.5,6.38768075141523));
#7910=CARTESIAN_POINT('Origin',(27.5000001862645,19.5,-2.23517417907715E-7));
#7911=CARTESIAN_POINT('',(30.929290457222,0.,6.38768075141523));
#7912=CARTESIAN_POINT('',(30.929290457222,0.,6.38768075141523));
#7913=CARTESIAN_POINT('Origin',(27.5000001862645,0.,-2.23517417907715E-7));
#7914=CARTESIAN_POINT('Origin',(33.2943182302961,19.75,10.7929779755067));
#7915=CARTESIAN_POINT('',(28.2988996327986,19.5,10.5789849013754));
#7916=CARTESIAN_POINT('Origin',(33.2943182302961,19.5,10.7929779755067));
#7917=CARTESIAN_POINT('',(31.1657932345294,20.,6.82821047382437));
#7918=CARTESIAN_POINT('',(30.929290457222,19.5,6.38768075141523));
#7919=CARTESIAN_POINT('',(28.7944241931639,20.,10.8238592737609));
#7920=CARTESIAN_POINT('Origin',(33.2943182302961,20.,10.7929779755067));
#7921=CARTESIAN_POINT('',(28.3008705864893,19.5018604725195,10.5764615448972));
#7922=CARTESIAN_POINT('Ctrl Pts',(28.7944241931639,20.,10.8238592737609));
#7923=CARTESIAN_POINT('Ctrl Pts',(28.711350684786,19.9172069826383,10.7832713795822));
#7924=CARTESIAN_POINT('Ctrl Pts',(28.6285534300754,19.8341170333901,10.7422701603436));
#7925=CARTESIAN_POINT('Ctrl Pts',(28.5462047488766,19.7509646904016,10.7009607212956));
#7926=CARTESIAN_POINT('Ctrl Pts',(28.4641548321449,19.6681140275989,10.659801154624));
#7927=CARTESIAN_POINT('Ctrl Pts',(28.382362225395,19.5850115234551,10.6182413096456));
#7928=CARTESIAN_POINT('Ctrl Pts',(28.3009804079387,19.5018617114832,10.5763697542896));
#7929=CARTESIAN_POINT('Ctrl Pts',(28.3008705864893,19.5018604725194,10.5764615448973));
#7930=CARTESIAN_POINT('Ctrl Pts',(28.3002133508779,19.5012402819412,10.5773024629336));
#7931=CARTESIAN_POINT('Ctrl Pts',(28.2995563662832,19.5006201244204,10.5781435818094));
#7932=CARTESIAN_POINT('Ctrl Pts',(28.2988996327986,19.5,10.5789849013754));
#7933=CARTESIAN_POINT('Ctrl Pts',(27.0824492038734,20.,16.9872510297988));
#7934=CARTESIAN_POINT('Ctrl Pts',(27.0672806834302,20.,16.5930373849715));
#7935=CARTESIAN_POINT('Ctrl Pts',(27.0641130412415,20.,15.3676009005383));
#7936=CARTESIAN_POINT('Ctrl Pts',(27.4037186020278,20.,13.4711491833099));
#7937=CARTESIAN_POINT('Ctrl Pts',(27.9972495990546,20.,12.0358538664924));
#7938=CARTESIAN_POINT('Ctrl Pts',(28.4981254769827,20.,11.2120412992902));
#7939=CARTESIAN_POINT('Ctrl Pts',(28.7944241931639,20.,10.8238592737609));
#7940=CARTESIAN_POINT('Ctrl Pts',(26.9822591274133,19.8471324348044,16.9911061353815));
#7941=CARTESIAN_POINT('Ctrl Pts',(26.9600740933284,19.8441281003511,16.5944234208165));
#7942=CARTESIAN_POINT('Ctrl Pts',(26.9359226492073,19.8369458737881,15.3586847082136));
#7943=CARTESIAN_POINT('Ctrl Pts',(27.2540912339583,19.8333429295152,13.4303153503497));
#7944=CARTESIAN_POINT('Ctrl Pts',(27.8441745549668,19.8332447634198,11.96026991493));
#7945=CARTESIAN_POINT('Ctrl Pts',(28.3493183255714,19.8336844643193,11.1134774791273));
#7946=CARTESIAN_POINT('Ctrl Pts',(28.6499464235294,19.8340178486473,10.7135796244107));
#7947=CARTESIAN_POINT('Ctrl Pts',(26.8820690509533,19.6942648696088,16.9949612409643));
#7948=CARTESIAN_POINT('Ctrl Pts',(26.8528675032265,19.6882562007023,16.5958094566616));
#7949=CARTESIAN_POINT('Ctrl Pts',(26.8077322571732,19.6738917475763,15.3497685158888));
#7950=CARTESIAN_POINT('Ctrl Pts',(27.1044638658887,19.6666858590305,13.3894815173894));
#7951=CARTESIAN_POINT('Ctrl Pts',(27.691099510879,19.6664895268397,11.8846859633676));
#7952=CARTESIAN_POINT('Ctrl Pts',(28.20051117416,19.6673689286386,11.0149136589644));
#7953=CARTESIAN_POINT('Ctrl Pts',(28.5054686538949,19.6680356972945,10.6032999750605));
#7954=CARTESIAN_POINT('Ctrl Pts',(26.7818789744932,19.5413973044132,16.9988163465471));
#7955=CARTESIAN_POINT('Ctrl Pts',(26.7456609131247,19.5323843010534,16.5971954925067));
#7956=CARTESIAN_POINT('Ctrl Pts',(26.679541865139,19.5108376213644,15.3408523235641));
#7957=CARTESIAN_POINT('Ctrl Pts',(26.9548364978192,19.5000287885458,13.3486476844292));
#7958=CARTESIAN_POINT('Ctrl Pts',(27.5380244667912,19.4997342902595,11.8091020118052));
#7959=CARTESIAN_POINT('Ctrl Pts',(28.0517040227487,19.5010533929578,10.9163498388015));
#7960=CARTESIAN_POINT('Ctrl Pts',(28.3609908842604,19.5020535459418,10.4930203257102));
#7961=CARTESIAN_POINT('',(27.0824492038734,20.,16.9872510297988));
#7962=CARTESIAN_POINT('',(26.7818789744932,19.5413973044132,16.9988163465471));
#7963=CARTESIAN_POINT('Ctrl Pts',(27.0824492038734,20.,16.9872510297988));
#7964=CARTESIAN_POINT('Ctrl Pts',(26.9822591274133,19.8471324348044,16.9911061353815));
#7965=CARTESIAN_POINT('Ctrl Pts',(26.8820690509533,19.6942648696088,16.9949612409643));
#7966=CARTESIAN_POINT('Ctrl Pts',(26.7818789744932,19.5413973044132,16.9988163465471));
#7967=CARTESIAN_POINT('',(28.2988881579299,19.5018541550223,10.5792529369655));
#7968=CARTESIAN_POINT('Ctrl Pts',(26.7818789744932,19.5413973044132,16.9988163465471));
#7969=CARTESIAN_POINT('Ctrl Pts',(26.7456609131247,19.5323843010534,16.5971954925067));
#7970=CARTESIAN_POINT('Ctrl Pts',(26.679541865139,19.5108376213644,15.3408523235641));
#7971=CARTESIAN_POINT('Ctrl Pts',(26.9548364978192,19.5000287885458,13.3486476844292));
#7972=CARTESIAN_POINT('Ctrl Pts',(27.5248704234786,19.4997409327889,11.8438270945176));
#7973=CARTESIAN_POINT('Ctrl Pts',(28.0170882211782,19.5009658689416,10.976911953159));
#7974=CARTESIAN_POINT('Ctrl Pts',(28.2989199038041,19.5018552066129,10.5792754394197));
#7975=CARTESIAN_POINT('Ctrl Pts',(28.3009000786602,19.5018614577831,10.5764829776887));
#7976=CARTESIAN_POINT('Ctrl Pts',(28.3002396918548,19.5018593721553,10.5774138054799));
#7977=CARTESIAN_POINT('Ctrl Pts',(28.2995795483689,19.5018572881627,10.5783447463343));
#7978=CARTESIAN_POINT('Ctrl Pts',(28.2989196479817,19.5018552058056,10.5792758003598));
#7979=CARTESIAN_POINT('Ctrl Pts',(28.7944241931639,20.,10.8238592737609));
#7980=CARTESIAN_POINT('Ctrl Pts',(28.4981254769827,20.,11.2120412992902));
#7981=CARTESIAN_POINT('Ctrl Pts',(27.9972495990546,20.,12.0358538664924));
#7982=CARTESIAN_POINT('Ctrl Pts',(27.4037186020278,20.,13.4711491833099));
#7983=CARTESIAN_POINT('Ctrl Pts',(27.0641130412415,20.,15.3676009005383));
#7984=CARTESIAN_POINT('Ctrl Pts',(27.0672806834302,20.,16.5930373849715));
#7985=CARTESIAN_POINT('Ctrl Pts',(27.0824492038734,20.,16.9872510297988));
#7986=CARTESIAN_POINT('Origin',(27.5000001862645,19.75,-2.23517417907715E-7));
#7987=CARTESIAN_POINT('Origin',(27.5000001862645,20.,-2.23517417907715E-7));
#7988=CARTESIAN_POINT('Ctrl Pts',(26.6287780916779,20.,17.7456523504822));
#7989=CARTESIAN_POINT('Ctrl Pts',(26.7800017957431,20.,17.4928519102544));
#7990=CARTESIAN_POINT('Ctrl Pts',(26.9312254998082,20.,17.2400514700266));
#7991=CARTESIAN_POINT('Ctrl Pts',(27.0824492038734,20.,16.9872510297988));
#7992=CARTESIAN_POINT('Ctrl Pts',(26.6287780916779,20.,17.7456523504822));
#7993=CARTESIAN_POINT('Ctrl Pts',(26.746664852553,19.9559937978439,17.4928870353326));
#7994=CARTESIAN_POINT('Ctrl Pts',(26.8646267837287,19.9052074547867,17.2410525251651));
#7995=CARTESIAN_POINT('Ctrl Pts',(26.9822591274133,19.8471324348044,16.9911061353815));
#7996=CARTESIAN_POINT('Ctrl Pts',(26.6287780916779,20.,17.7456523504822));
#7997=CARTESIAN_POINT('Ctrl Pts',(26.713327909363,19.9119875956878,17.4929221604108));
#7998=CARTESIAN_POINT('Ctrl Pts',(26.7980280676493,19.8104149095734,17.2420535803037));
#7999=CARTESIAN_POINT('Ctrl Pts',(26.8820690509533,19.6942648696088,16.9949612409643));
#8000=CARTESIAN_POINT('Ctrl Pts',(26.6287780916779,20.,17.7456523504822));
#8001=CARTESIAN_POINT('Ctrl Pts',(26.6799909661729,19.8679813935318,17.4929572854891));
#8002=CARTESIAN_POINT('Ctrl Pts',(26.7314293515698,19.7156223643601,17.2430546354423));
#8003=CARTESIAN_POINT('Ctrl Pts',(26.7818789744932,19.5413973044133,16.9988163465471));
#8004=CARTESIAN_POINT('Ctrl Pts',(27.0824492038734,20.,16.9872510297988));
#8005=CARTESIAN_POINT('Ctrl Pts',(26.9312254998082,20.,17.2400514700266));
#8006=CARTESIAN_POINT('Ctrl Pts',(26.7800017957431,20.,17.4928519102544));
#8007=CARTESIAN_POINT('Ctrl Pts',(26.6287780916779,20.,17.7456523504822));
#8008=CARTESIAN_POINT('Ctrl Pts',(26.6287780916779,20.,17.7456523504822));
#8009=CARTESIAN_POINT('Ctrl Pts',(26.6799909661729,19.8679813935318,17.4929572854891));
#8010=CARTESIAN_POINT('Ctrl Pts',(26.7314293515698,19.7156223643601,17.2430546354423));
#8011=CARTESIAN_POINT('Ctrl Pts',(26.7818789744932,19.5413973044133,16.9988163465471));
#8012=CARTESIAN_POINT('Ctrl Pts',(29.3251053022006,15.,18.9056895676234));
#8013=CARTESIAN_POINT('Ctrl Pts',(29.3251053022006,15.3767511736384,18.9056895676234));
#8014=CARTESIAN_POINT('Ctrl Pts',(29.3263235555798,16.1391011308723,19.0301885769514));
#8015=CARTESIAN_POINT('Ctrl Pts',(29.3164922025485,17.562764197019,19.7347087639039));
#8016=CARTESIAN_POINT('Ctrl Pts',(29.2134453354986,18.7464073163691,20.9761438744781));
#8017=CARTESIAN_POINT('Ctrl Pts',(28.7578086029085,19.7391863348834,22.7538263133358));
#8018=CARTESIAN_POINT('Ctrl Pts',(28.2375504816821,20.,23.8181122555983));
#8019=CARTESIAN_POINT('Ctrl Pts',(27.785588421079,20.,24.4327869080546));
#8020=CARTESIAN_POINT('Ctrl Pts',(28.8328368255982,15.,18.4145205480726));
#8021=CARTESIAN_POINT('Ctrl Pts',(28.8328368255982,15.3987420446161,18.4145205480726));
#8022=CARTESIAN_POINT('Ctrl Pts',(28.8226093456032,16.2053520571618,18.5421870449787));
#8023=CARTESIAN_POINT('Ctrl Pts',(28.7504447124872,17.6932571334082,19.2618181698621));
#8024=CARTESIAN_POINT('Ctrl Pts',(28.5521025081374,18.874718205798,20.5112146931811));
#8025=CARTESIAN_POINT('Ctrl Pts',(28.0228248396893,19.7957013956536,22.2417741089633));
#8026=CARTESIAN_POINT('Ctrl Pts',(27.5122831790772,20.0088679329619,23.241375041576));
#8027=CARTESIAN_POINT('Ctrl Pts',(27.0863421939478,20.,23.8179165729425));
#8028=CARTESIAN_POINT('Ctrl Pts',(27.996100238038,15.,17.2844397262563));
#8029=CARTESIAN_POINT('Ctrl Pts',(27.996100238038,15.458523247635,17.2844397262563));
#8030=CARTESIAN_POINT('Ctrl Pts',(27.9637707687107,16.3854734061859,17.4174437019163));
#8031=CARTESIAN_POINT('Ctrl Pts',(27.7702167655044,18.0733793674546,18.1642715727029));
#8032=CARTESIAN_POINT('Ctrl Pts',(27.3747021524908,19.3430349837076,19.4361496661329));
#8033=CARTESIAN_POINT('Ctrl Pts',(26.6499878461042,20.2366917093412,21.1219541569979));
#8034=CARTESIAN_POINT('Ctrl Pts',(26.103098092839,20.3988768678483,22.0478830440345));
#8035=CARTESIAN_POINT('Ctrl Pts',(25.6886883019765,20.3769772682336,22.5889132782761));
#8036=CARTESIAN_POINT('Ctrl Pts',(27.2145677480358,15.,15.074433095548));
#8037=CARTESIAN_POINT('Ctrl Pts',(27.2145677480358,15.6017339065492,15.074433095548));
#8038=CARTESIAN_POINT('Ctrl Pts',(27.1544608254574,16.8183144016603,15.216515764831));
#8039=CARTESIAN_POINT('Ctrl Pts',(26.8033743737002,19.0410772504829,16.0154395752847));
#8040=CARTESIAN_POINT('Ctrl Pts',(26.1262799172108,20.7348645166438,17.3788355195033));
#8041=CARTESIAN_POINT('Ctrl Pts',(25.009256232737,21.9526762063029,19.2045919067412));
#8042=CARTESIAN_POINT('Ctrl Pts',(24.2494105188949,22.1851146216414,20.2315070421063));
#8043=CARTESIAN_POINT('Ctrl Pts',(23.7223005595365,22.1590016105691,20.8598034979989));
#8044=CARTESIAN_POINT('Ctrl Pts',(27.2359950601284,15.,12.4741602386247));
#8045=CARTESIAN_POINT('Ctrl Pts',(27.2359950601284,15.7992004735899,12.4741602386247));
#8046=CARTESIAN_POINT('Ctrl Pts',(27.1623183594392,17.416079933791,12.6311387565249));
#8047=CARTESIAN_POINT('Ctrl Pts',(26.7276740076345,20.4144276140595,13.5221678657913));
#8048=CARTESIAN_POINT('Ctrl Pts',(25.8702889238245,22.8415924378226,15.097244091399));
#8049=CARTESIAN_POINT('Ctrl Pts',(24.3522364424562,24.7888538006087,17.3943034473561));
#8050=CARTESIAN_POINT('Ctrl Pts',(23.2282531365393,25.2623918709386,18.8259639169945));
#8051=CARTESIAN_POINT('Ctrl Pts',(22.4339660945697,25.2509821137275,19.7269283912418));
#8052=CARTESIAN_POINT('Ctrl Pts',(27.9821176282531,15.,10.7362512684426));
#8053=CARTESIAN_POINT('Ctrl Pts',(27.9821176282531,15.9537991188416,10.7362512684426));
#8054=CARTESIAN_POINT('Ctrl Pts',(27.9141180878092,17.8837742065245,10.9131444709589));
#8055=CARTESIAN_POINT('Ctrl Pts',(27.5034918433769,21.497999400848,11.9261335547483));
#8056=CARTESIAN_POINT('Ctrl Pts',(26.6507278044616,24.5330733473851,13.7789435366647));
#8057=CARTESIAN_POINT('Ctrl Pts',(24.9477966378114,27.1201832771458,16.6664842802375));
#8058=CARTESIAN_POINT('Ctrl Pts',(23.5343946717366,27.8170812804042,18.5748117031693));
#8059=CARTESIAN_POINT('Ctrl Pts',(22.4826582460009,27.8223894333499,19.7697450104901));
#8060=CARTESIAN_POINT('Ctrl Pts',(28.5089178581917,15.,9.9732500451439));
#8061=CARTESIAN_POINT('Ctrl Pts',(28.5089178581917,16.0277553710206,9.9732500451439));
#8062=CARTESIAN_POINT('Ctrl Pts',(28.4466988466989,18.1078408134641,10.1630985017145));
#8063=CARTESIAN_POINT('Ctrl Pts',(28.0646584075653,22.0143300633841,11.2544087322249));
#8064=CARTESIAN_POINT('Ctrl Pts',(27.2406859750188,25.3313193328765,13.2773682264419));
#8065=CARTESIAN_POINT('Ctrl Pts',(25.4754145252839,28.2051001257956,16.4987512872302));
#8066=CARTESIAN_POINT('Ctrl Pts',(23.9287459727584,28.9997194911096,18.6601166394376));
#8067=CARTESIAN_POINT('Ctrl Pts',(22.7505743766364,29.0115370398313,20.0053325254942));
#8068=CARTESIAN_POINT('',(27.7855884210789,20.,24.4327869080546));
#8069=CARTESIAN_POINT('Ctrl Pts',(26.6287780916779,20.,17.7456523504822));
#8070=CARTESIAN_POINT('Ctrl Pts',(26.6823842971165,20.,18.3778937009864));
#8071=CARTESIAN_POINT('Ctrl Pts',(26.7696301224526,20.,18.9955618042575));
#8072=CARTESIAN_POINT('Ctrl Pts',(27.1449693725581,20.,21.2016846397448));
#8073=CARTESIAN_POINT('Ctrl Pts',(27.5387879392737,20.,22.7556975952425));
#8074=CARTESIAN_POINT('Ctrl Pts',(27.784045375664,20.,24.4222679674303));
#8075=CARTESIAN_POINT('Ctrl Pts',(27.7848177084418,20.,24.4275273160013));
#8076=CARTESIAN_POINT('Ctrl Pts',(27.7855884210789,20.,24.4327869080546));
#8077=CARTESIAN_POINT('',(29.3251053022006,15.,18.9056895676234));
#8078=CARTESIAN_POINT('Ctrl Pts',(27.785588421079,20.,24.4327869080546));
#8079=CARTESIAN_POINT('Ctrl Pts',(28.2375504816821,20.,23.8181122555983));
#8080=CARTESIAN_POINT('Ctrl Pts',(28.7578086029085,19.7391863348834,22.7538263133358));
#8081=CARTESIAN_POINT('Ctrl Pts',(29.2134453354986,18.7464073163691,20.9761438744781));
#8082=CARTESIAN_POINT('Ctrl Pts',(29.3164922025485,17.562764197019,19.7347087639039));
#8083=CARTESIAN_POINT('Ctrl Pts',(29.3263235555798,16.1391011308723,19.0301885769514));
#8084=CARTESIAN_POINT('Ctrl Pts',(29.3251053022006,15.3767511736384,18.9056895676234));
#8085=CARTESIAN_POINT('Ctrl Pts',(29.3251053022006,15.,18.9056895676234));
#8086=CARTESIAN_POINT('',(28.3231561261194,15.,10.256743573405));
#8087=CARTESIAN_POINT('Origin',(34.2693159942489,15.,13.950411509569));
#8088=CARTESIAN_POINT('Ctrl Pts',(28.3231561261194,15.,10.256743573405));
#8089=CARTESIAN_POINT('Ctrl Pts',(28.3231561261194,16.5130434191945,10.256743573405));
#8090=CARTESIAN_POINT('Ctrl Pts',(28.3080743671713,18.0181229551588,10.3648114340521));
#8091=CARTESIAN_POINT('Ctrl Pts',(28.2988996328071,19.4999999986271,10.578984901177));
#8092=CARTESIAN_POINT('Origin',(0.,20.,-2.22044604925031E-15));
#8093=CARTESIAN_POINT('Ctrl Pts',(11.1375857526291,20.,28.8075325790813));
#8094=CARTESIAN_POINT('Ctrl Pts',(11.8639566745583,20.,28.1623050281073));
#8095=CARTESIAN_POINT('Ctrl Pts',(13.8663702396719,20.,26.9915495287341));
#8096=CARTESIAN_POINT('Ctrl Pts',(16.2444695132666,20.,26.6959620981917));
#8097=CARTESIAN_POINT('Ctrl Pts',(17.5494261781826,20.,26.7213558071786));
#8098=CARTESIAN_POINT('Ctrl Pts',(11.0150671750898,19.8342884874345,28.6696061498916));
#8099=CARTESIAN_POINT('Ctrl Pts',(11.7643265580571,19.8335583238391,28.0131300808591));
#8100=CARTESIAN_POINT('Ctrl Pts',(13.8235833058563,19.8322126615701,26.8345721376018));
#8101=CARTESIAN_POINT('Ctrl Pts',(16.2376636075295,19.8370993913135,26.5722805016475));
#8102=CARTESIAN_POINT('Ctrl Pts',(17.5513846399689,19.8469600899119,26.6207124642818));
#8103=CARTESIAN_POINT('Ctrl Pts',(10.8925485975505,19.668576974869,28.5316797207019));
#8104=CARTESIAN_POINT('Ctrl Pts',(11.664696441556,19.6671166476782,27.863955133611));
#8105=CARTESIAN_POINT('Ctrl Pts',(13.7807963720406,19.6644253231402,26.6775947464695));
#8106=CARTESIAN_POINT('Ctrl Pts',(16.2308577017924,19.674198782627,26.4485989051033));
#8107=CARTESIAN_POINT('Ctrl Pts',(17.5533431017551,19.6939201798238,26.5200691213849));
#8108=CARTESIAN_POINT('Ctrl Pts',(10.7700300200112,19.5028654623035,28.3937532915122));
#8109=CARTESIAN_POINT('Ctrl Pts',(11.5650663250548,19.5006749715172,27.7147801863628));
#8110=CARTESIAN_POINT('Ctrl Pts',(13.738009438225,19.4966379847103,26.5206173553372));
#8111=CARTESIAN_POINT('Ctrl Pts',(16.2240517960553,19.5112981739405,26.3249173085591));
#8112=CARTESIAN_POINT('Ctrl Pts',(17.5553015635414,19.5408802697357,26.4194257784881));
#8113=CARTESIAN_POINT('',(17.5553015635414,19.5408802697357,26.4194257784881));
#8114=CARTESIAN_POINT('',(17.5494261781826,20.,26.7213558071786));
#8115=CARTESIAN_POINT('Ctrl Pts',(17.5553015635414,19.5408802697357,26.4194257784881));
#8116=CARTESIAN_POINT('Ctrl Pts',(17.5533431017551,19.6939201798238,26.5200691213849));
#8117=CARTESIAN_POINT('Ctrl Pts',(17.5513846399689,19.8469600899119,26.6207124642818));
#8118=CARTESIAN_POINT('Ctrl Pts',(17.5494261781826,20.,26.7213558071786));
#8119=CARTESIAN_POINT('',(11.1375857526291,20.,28.8075325790813));
#8120=CARTESIAN_POINT('Ctrl Pts',(17.5494261781826,20.,26.7213558071786));
#8121=CARTESIAN_POINT('Ctrl Pts',(16.2444695132666,20.,26.6959620981917));
#8122=CARTESIAN_POINT('Ctrl Pts',(13.8663702396719,20.,26.9915495287341));
#8123=CARTESIAN_POINT('Ctrl Pts',(11.8639566745583,20.,28.1623050281073));
#8124=CARTESIAN_POINT('Ctrl Pts',(11.1375857526291,20.,28.8075325790813));
#8125=CARTESIAN_POINT('',(10.8847309160083,19.5025569245662,28.2977175167999));
#8126=CARTESIAN_POINT('Ctrl Pts',(11.1375857526291,20.,28.8075325790813));
#8127=CARTESIAN_POINT('Ctrl Pts',(11.0960005195411,19.9174440187342,28.7215395006451));
#8128=CARTESIAN_POINT('Ctrl Pts',(11.0540211301012,19.8344743350102,28.6358740459891));
#8129=CARTESIAN_POINT('Ctrl Pts',(11.0117794703839,19.7513689557794,28.550734312599));
#8130=CARTESIAN_POINT('Ctrl Pts',(10.9697607341223,19.6687021516059,28.4660438902378));
#8131=CARTESIAN_POINT('Ctrl Pts',(10.9273726432873,19.5856848888753,28.381652187705));
#8132=CARTESIAN_POINT('Ctrl Pts',(10.8847267674453,19.5025554529591,28.2977304976679));
#8133=CARTESIAN_POINT('',(10.8877788159986,19.5025489314832,28.2952170310162));
#8134=CARTESIAN_POINT('Ctrl Pts',(10.8847356566478,19.5025554293865,28.2977232024907));
#8135=CARTESIAN_POINT('Ctrl Pts',(10.8857514903357,19.502552738704,28.2968895353806));
#8136=CARTESIAN_POINT('Ctrl Pts',(10.8867675334808,19.5025500489738,28.296056133847));
#8137=CARTESIAN_POINT('Ctrl Pts',(10.8877837859267,19.5025473602016,28.2952229979222));
#8138=CARTESIAN_POINT('Ctrl Pts',(10.8877837366805,19.5025473603319,28.2952230382948));
#8139=CARTESIAN_POINT('Ctrl Pts',(11.6563997547524,19.5005137776638,27.6651024117815));
#8140=CARTESIAN_POINT('Ctrl Pts',(13.7901773989456,19.4969456191211,26.5165107188106));
#8141=CARTESIAN_POINT('Ctrl Pts',(16.2240517960553,19.5112981739405,26.3249173085591));
#8142=CARTESIAN_POINT('Ctrl Pts',(17.5553015635414,19.5408802697357,26.4194257784881));
#8143=CARTESIAN_POINT('Origin',(-2.23517417907715E-7,19.75,27.5000001862645));
#8144=CARTESIAN_POINT('',(6.38768075141523,19.5,30.929290457222));
#8145=CARTESIAN_POINT('Origin',(-2.23517417907715E-7,19.5,27.5000001862645));
#8146=CARTESIAN_POINT('',(6.82821047382438,20.,31.1657932345294));
#8147=CARTESIAN_POINT('',(6.38768075141523,19.5,30.929290457222));
#8148=CARTESIAN_POINT('Origin',(-2.23517417907715E-7,20.,27.5000001862645));
#8149=CARTESIAN_POINT('Origin',(10.7929779755067,19.75,33.2943182302961));
#8150=CARTESIAN_POINT('Origin',(10.7929779755067,20.,33.2943182302961));
#8151=CARTESIAN_POINT('',(10.8874127454381,19.5,28.2952101024169));
#8152=CARTESIAN_POINT('Origin',(10.7929779755067,19.5,33.2943182302961));
#8153=CARTESIAN_POINT('Ctrl Pts',(10.8874127454385,19.4999999999997,28.2952101024166));
#8154=CARTESIAN_POINT('Ctrl Pts',(10.8865184735327,19.5008522268527,28.2960455882266));
#8155=CARTESIAN_POINT('Ctrl Pts',(10.8856245304216,19.5017045349341,28.2968813929722));
#8156=CARTESIAN_POINT('Ctrl Pts',(10.8847309160086,19.5025569245659,28.2977175167996));
#8157=CARTESIAN_POINT('Ctrl Pts',(18.2964021877282,20.,26.2534124826639));
#8158=CARTESIAN_POINT('Ctrl Pts',(18.0452711369667,19.867325199164,26.3092330546987));
#8159=CARTESIAN_POINT('Ctrl Pts',(17.7977512018955,19.7152673769211,26.3647566647017));
#8160=CARTESIAN_POINT('Ctrl Pts',(17.5553015635414,19.5408802697357,26.4194257784881));
#8161=CARTESIAN_POINT('Ctrl Pts',(18.2964021877282,20.,26.2534124826639));
#8162=CARTESIAN_POINT('Ctrl Pts',(18.0459841528266,19.911550132776,26.3426199000776));
#8163=CARTESIAN_POINT('Ctrl Pts',(17.7979735283851,19.8101782512807,26.4316293428035));
#8164=CARTESIAN_POINT('Ctrl Pts',(17.5533431017551,19.6939201798238,26.5200691213849));
#8165=CARTESIAN_POINT('Ctrl Pts',(18.2964021877282,20.,26.2534124826639));
#8166=CARTESIAN_POINT('Ctrl Pts',(18.0466971686864,19.955775066388,26.3760067454566));
#8167=CARTESIAN_POINT('Ctrl Pts',(17.7981958548748,19.9050891256404,26.4985020209053));
#8168=CARTESIAN_POINT('Ctrl Pts',(17.5513846399688,19.8469600899119,26.6207124642818));
#8169=CARTESIAN_POINT('Ctrl Pts',(18.2964021877282,20.,26.2534124826639));
#8170=CARTESIAN_POINT('Ctrl Pts',(18.0474101845463,20.,26.4093935908355));
#8171=CARTESIAN_POINT('Ctrl Pts',(17.7984181813644,20.,26.565374699007));
#8172=CARTESIAN_POINT('Ctrl Pts',(17.5494261781826,20.,26.7213558071786));
#8173=CARTESIAN_POINT('Ctrl Pts',(17.5553015635414,19.5408802697357,26.4194257784881));
#8174=CARTESIAN_POINT('Ctrl Pts',(17.7977512018955,19.7152673769211,26.3647566647017));
#8175=CARTESIAN_POINT('Ctrl Pts',(18.0452711369667,19.867325199164,26.3092330546987));
#8176=CARTESIAN_POINT('Ctrl Pts',(18.2964021877282,20.,26.2534124826639));
#8177=CARTESIAN_POINT('Ctrl Pts',(18.2964021877282,20.,26.2534124826639));
#8178=CARTESIAN_POINT('Ctrl Pts',(18.0474101845463,20.,26.4093935908355));
#8179=CARTESIAN_POINT('Ctrl Pts',(17.7984181813644,20.,26.565374699007));
#8180=CARTESIAN_POINT('Ctrl Pts',(17.5494261781826,20.,26.7213558071786));
#8181=CARTESIAN_POINT('Origin',(10.7929779755067,0.,33.2943182302961));
#8182=CARTESIAN_POINT('',(6.38768075141523,0.,30.929290457222));
#8183=CARTESIAN_POINT('',(6.38768075141523,0.,30.929290457222));
#8184=CARTESIAN_POINT('',(10.5677077126683,0.,28.2993954772717));
#8185=CARTESIAN_POINT('Origin',(10.7929779755067,0.,33.2943182302961));
#8186=CARTESIAN_POINT('',(10.5677077126683,15.,28.2993954772717));
#8187=CARTESIAN_POINT('',(10.5677077126683,0.,28.2993954772717));
#8188=CARTESIAN_POINT('Ctrl Pts',(10.5677585754208,15.,28.2995047121085));
#8189=CARTESIAN_POINT('Ctrl Pts',(10.5677585754208,15.2432764378103,28.2995047121085));
#8190=CARTESIAN_POINT('Ctrl Pts',(10.5706556601683,15.486774767024,28.2993652882943));
#8191=CARTESIAN_POINT('Ctrl Pts',(10.5763530240453,15.7302580047532,28.2990954891719));
#8192=CARTESIAN_POINT('Ctrl Pts',(10.5821257512004,15.97696197673,28.2988221212155));
#8193=CARTESIAN_POINT('Ctrl Pts',(10.5907732830026,16.2236505500687,28.298414990366));
#8194=CARTESIAN_POINT('Ctrl Pts',(10.6022280229112,16.4700791648061,28.2979253823057));
#8195=CARTESIAN_POINT('Ctrl Pts',(10.6137407907891,16.7177561494051,28.2974332939654));
#8196=CARTESIAN_POINT('Ctrl Pts',(10.6280892377554,16.9651706328121,28.2968580011359));
#8197=CARTESIAN_POINT('Ctrl Pts',(10.645238567134,17.2120748186332,28.2962920307449));
#8198=CARTESIAN_POINT('Ctrl Pts',(10.6624400119549,17.4597293265556,28.295724340415));
#8199=CARTESIAN_POINT('Ctrl Pts',(10.6824593181725,17.7068705304915,28.295166119139));
#8200=CARTESIAN_POINT('Ctrl Pts',(10.7052961589671,17.9532473824666,28.2947498108486));
#8201=CARTESIAN_POINT('Ctrl Pts',(10.7100427446643,18.0044562537917,28.2946632821122));
#8202=CARTESIAN_POINT('Ctrl Pts',(10.7149111715803,18.0556320982059,28.2945830158338));
#8203=CARTESIAN_POINT('Ctrl Pts',(10.7199016297173,18.1067726499366,28.2945104073661));
#8204=CARTESIAN_POINT('Ctrl Pts',(10.7434104756196,18.3476834675392,28.2941683663685));
#8205=CARTESIAN_POINT('Ctrl Pts',(10.7696241295317,18.5878122449815,28.2939939258363));
#8206=CARTESIAN_POINT('Ctrl Pts',(10.7985434693558,18.8272469556667,28.294095972137));
#8207=CARTESIAN_POINT('Ctrl Pts',(10.8256798382015,19.0519197408375,28.2941917269527));
#8208=CARTESIAN_POINT('Ctrl Pts',(10.8551987758076,19.2759813909036,28.2945313609895));
#8209=CARTESIAN_POINT('Ctrl Pts',(10.8871343849349,19.4994925081935,28.2952268196102));
#8210=CARTESIAN_POINT('Origin',(-2.23517417907715E-7,0.,27.5000001862645));
#8211=CARTESIAN_POINT('Origin',(-2.23517417907715E-7,27.,27.5000001862645));
#8212=CARTESIAN_POINT('',(-6.38768125419596,19.5,30.929290353385));
#8213=CARTESIAN_POINT('Origin',(-2.23517417907715E-7,19.5,27.5000001862645));
#8214=CARTESIAN_POINT('',(-6.38768125419596,0.,30.929290353385));
#8215=CARTESIAN_POINT('',(-6.38768125419596,0.,30.929290353385));
#8216=CARTESIAN_POINT('Origin',(-2.23517417907715E-7,0.,27.5000001862645));
#8217=CARTESIAN_POINT('Origin',(-10.7929785167329,19.75,33.2943180548475));
#8218=CARTESIAN_POINT('',(-10.5789852608927,19.5,28.298899465134));
#8219=CARTESIAN_POINT('Origin',(-10.7929785167329,19.5,33.2943180548475));
#8220=CARTESIAN_POINT('',(-6.82821098044965,20.,31.1657931235313));
#8221=CARTESIAN_POINT('',(-6.38768125419596,19.5,30.929290353385));
#8222=CARTESIAN_POINT('',(-10.8238596394851,20.,28.7944240165108));
#8223=CARTESIAN_POINT('Origin',(-10.7929785167329,20.,33.2943180548475));
#8224=CARTESIAN_POINT('',(-10.5764619045366,19.5018604722839,28.3008704186785));
#8225=CARTESIAN_POINT('Ctrl Pts',(-10.8238596394851,20.,28.7944240165108));
#8226=CARTESIAN_POINT('Ctrl Pts',(-10.783271744312,19.9172069825697,28.7113505096628));
#8227=CARTESIAN_POINT('Ctrl Pts',(-10.7422705241233,19.8341170332866,28.6285532564472));
#8228=CARTESIAN_POINT('Ctrl Pts',(-10.7009610841459,19.7509646902772,28.5462045767038));
#8229=CARTESIAN_POINT('Ctrl Pts',(-10.6598015165268,19.6681140274104,28.4641546613795));
#8230=CARTESIAN_POINT('Ctrl Pts',(-10.6182416706256,19.5850115232299,28.3823620560147));
#8231=CARTESIAN_POINT('Ctrl Pts',(-10.5763701143588,19.5018617112455,28.3009802399285));
#8232=CARTESIAN_POINT('Ctrl Pts',(-10.5764619045366,19.5018604722839,28.3008704186785));
#8233=CARTESIAN_POINT('Ctrl Pts',(-10.5773028225323,19.5012402817842,28.3002131831159));
#8234=CARTESIAN_POINT('Ctrl Pts',(-10.5781439413674,19.5006201243419,28.2995561985699));
#8235=CARTESIAN_POINT('Ctrl Pts',(-10.5789852608928,19.5,28.298899465134));
#8236=CARTESIAN_POINT('Ctrl Pts',(-16.9872512732514,20.,27.0824490511025));
#8237=CARTESIAN_POINT('Ctrl Pts',(-16.5930375755096,20.,27.0672805317963));
#8238=CARTESIAN_POINT('Ctrl Pts',(-15.3676008774012,20.,27.0641129184066));
#8239=CARTESIAN_POINT('Ctrl Pts',(-13.4711494023252,20.,27.40371852405));
#8240=CARTESIAN_POINT('Ctrl Pts',(-12.035854308464,20.,27.9972493985541));
#8241=CARTESIAN_POINT('Ctrl Pts',(-11.2120416698193,20.,28.4981253014591));
#8242=CARTESIAN_POINT('Ctrl Pts',(-10.8238596394851,20.,28.7944240165108));
#8243=CARTESIAN_POINT('Ctrl Pts',(-16.9911063780365,19.8471324347192,26.9822589744154));
#8244=CARTESIAN_POINT('Ctrl Pts',(-16.5944236101466,19.8441280998753,26.9600739405494));
#8245=CARTESIAN_POINT('Ctrl Pts',(-15.3586846807395,19.8369458727337,26.9359225221968));
#8246=CARTESIAN_POINT('Ctrl Pts',(-13.4303155660878,19.8333429299044,27.254091157391));
#8247=CARTESIAN_POINT('Ctrl Pts',(-11.9602703604126,19.8332447632853,27.8441743551228));
#8248=CARTESIAN_POINT('Ctrl Pts',(-11.113477851438,19.8336844642423,28.3493181501777));
#8249=CARTESIAN_POINT('Ctrl Pts',(-10.7135799918672,19.8340178485567,28.6499462468067));
#8250=CARTESIAN_POINT('Ctrl Pts',(-16.9949614828216,19.6942648694383,26.8820688977283));
#8251=CARTESIAN_POINT('Ctrl Pts',(-16.5958096447836,19.6882561997505,26.8528673493024));
#8252=CARTESIAN_POINT('Ctrl Pts',(-15.3497684840779,19.6738917454673,26.807732125987));
#8253=CARTESIAN_POINT('Ctrl Pts',(-13.3894817298503,19.6666858598088,27.1044637907321));
#8254=CARTESIAN_POINT('Ctrl Pts',(-11.8846864123612,19.6664895265707,27.6910993116914));
#8255=CARTESIAN_POINT('Ctrl Pts',(-11.0149140330566,19.6673689284846,28.2005109988962));
#8256=CARTESIAN_POINT('Ctrl Pts',(-10.6033003442492,19.6680356971135,28.5054684771025));
#8257=CARTESIAN_POINT('Ctrl Pts',(-16.9988165876068,19.5413973041575,26.7818788210412));
#8258=CARTESIAN_POINT('Ctrl Pts',(-16.5971956794207,19.5323842996258,26.7456607580555));
#8259=CARTESIAN_POINT('Ctrl Pts',(-15.3408522874162,19.510837618201,26.6795417297773));
#8260=CARTESIAN_POINT('Ctrl Pts',(-13.3486478936129,19.5000287897132,26.9548364240731));
#8261=CARTESIAN_POINT('Ctrl Pts',(-11.8091024643098,19.499734289856,27.5380242682601));
#8262=CARTESIAN_POINT('Ctrl Pts',(-10.9163502146752,19.5010533927268,28.0517038476148));
#8263=CARTESIAN_POINT('Ctrl Pts',(-10.4930206966312,19.5020535456702,28.3609907073984));
#8264=CARTESIAN_POINT('',(-16.9872512732514,20.,27.0824490511025));
#8265=CARTESIAN_POINT('',(-16.9988165876068,19.5413973041575,26.7818788210412));
#8266=CARTESIAN_POINT('Ctrl Pts',(-16.9872512732514,20.,27.0824490511025));
#8267=CARTESIAN_POINT('Ctrl Pts',(-16.9911063780365,19.8471324347192,26.9822589744154));
#8268=CARTESIAN_POINT('Ctrl Pts',(-16.9949614828216,19.6942648694383,26.8820688977283));
#8269=CARTESIAN_POINT('Ctrl Pts',(-16.9988165876068,19.5413973041575,26.7818788210412));
#8270=CARTESIAN_POINT('',(-10.579253296448,19.5018541547875,28.298887990257));
#8271=CARTESIAN_POINT('Ctrl Pts',(-16.9988165876068,19.5413973041575,26.7818788210412));
#8272=CARTESIAN_POINT('Ctrl Pts',(-16.5971956794207,19.5323842996258,26.7456607580555));
#8273=CARTESIAN_POINT('Ctrl Pts',(-15.3408522874162,19.510837618201,26.6795417297773));
#8274=CARTESIAN_POINT('Ctrl Pts',(-13.3486478936129,19.5000287897132,26.9548364240731));
#8275=CARTESIAN_POINT('Ctrl Pts',(-11.843827536392,19.4997409324198,27.5248702297098));
#8276=CARTESIAN_POINT('Ctrl Pts',(-10.9769123249544,19.500965868713,28.0170880496876));
#8277=CARTESIAN_POINT('Ctrl Pts',(-10.5792757989557,19.5018552063766,28.2989197362072));
#8278=CARTESIAN_POINT('Ctrl Pts',(-10.5764833373791,19.5018614575462,28.3008999109201));
#8279=CARTESIAN_POINT('Ctrl Pts',(-10.577414165119,19.5018593719187,28.3002395241623));
#8280=CARTESIAN_POINT('Ctrl Pts',(-10.5783451059223,19.5018572879262,28.2995793807239));
#8281=CARTESIAN_POINT('Ctrl Pts',(-10.5792761598967,19.5018552055693,28.2989194803841));
#8282=CARTESIAN_POINT('Ctrl Pts',(-10.8238596394851,20.,28.7944240165108));
#8283=CARTESIAN_POINT('Ctrl Pts',(-11.2120416698193,20.,28.4981253014591));
#8284=CARTESIAN_POINT('Ctrl Pts',(-12.035854308464,20.,27.9972493985541));
#8285=CARTESIAN_POINT('Ctrl Pts',(-13.4711494023252,20.,27.40371852405));
#8286=CARTESIAN_POINT('Ctrl Pts',(-15.3676008774012,20.,27.0641129184066));
#8287=CARTESIAN_POINT('Ctrl Pts',(-16.5930375755096,20.,27.0672805317963));
#8288=CARTESIAN_POINT('Ctrl Pts',(-16.9872512732514,20.,27.0824490511025));
#8289=CARTESIAN_POINT('Origin',(-2.23517417907715E-7,19.75,27.5000001862645));
#8290=CARTESIAN_POINT('Origin',(-2.23517417907715E-7,20.,27.5000001862645));
#8291=CARTESIAN_POINT('Ctrl Pts',(-17.7456525888791,20.,26.6287779328081));
#8292=CARTESIAN_POINT('Ctrl Pts',(-17.4928521503365,20.,26.7800016389063));
#8293=CARTESIAN_POINT('Ctrl Pts',(-17.240051711794,20.,26.9312253450044));
#8294=CARTESIAN_POINT('Ctrl Pts',(-16.9872512732514,20.,27.0824490511025));
#8295=CARTESIAN_POINT('Ctrl Pts',(-17.7456525888791,20.,26.6287779328081));
#8296=CARTESIAN_POINT('Ctrl Pts',(-17.492887275198,19.9559937978492,26.7466646956345));
#8297=CARTESIAN_POINT('Ctrl Pts',(-17.241052766428,19.9052074547393,26.8646266287816));
#8298=CARTESIAN_POINT('Ctrl Pts',(-16.9911063780365,19.8471324347192,26.9822589744154));
#8299=CARTESIAN_POINT('Ctrl Pts',(-17.7456525888791,20.,26.6287779328081));
#8300=CARTESIAN_POINT('Ctrl Pts',(-17.4929224000594,19.9119875956985,26.7133277523628));
#8301=CARTESIAN_POINT('Ctrl Pts',(-17.2420538210621,19.8104149094787,26.7980279125587));
#8302=CARTESIAN_POINT('Ctrl Pts',(-16.9949614828216,19.6942648694383,26.8820688977283));
#8303=CARTESIAN_POINT('Ctrl Pts',(-17.7456525888791,20.,26.6287779328081));
#8304=CARTESIAN_POINT('Ctrl Pts',(-17.4929575249208,19.8679813935477,26.6799908090911));
#8305=CARTESIAN_POINT('Ctrl Pts',(-17.2430548756962,19.715622364218,26.7314291963359));
#8306=CARTESIAN_POINT('Ctrl Pts',(-16.9988165876068,19.5413973041575,26.7818788210412));
#8307=CARTESIAN_POINT('Ctrl Pts',(-16.9872512732514,20.,27.0824490511025));
#8308=CARTESIAN_POINT('Ctrl Pts',(-17.240051711794,20.,26.9312253450044));
#8309=CARTESIAN_POINT('Ctrl Pts',(-17.4928521503365,20.,26.7800016389063));
#8310=CARTESIAN_POINT('Ctrl Pts',(-17.7456525888791,20.,26.6287779328081));
#8311=CARTESIAN_POINT('Ctrl Pts',(-17.7456525888791,20.,26.6287779328081));
#8312=CARTESIAN_POINT('Ctrl Pts',(-17.4929575249208,19.8679813935477,26.6799908090911));
#8313=CARTESIAN_POINT('Ctrl Pts',(-17.2430548756962,19.715622364218,26.7314291963359));
#8314=CARTESIAN_POINT('Ctrl Pts',(-16.9988165876068,19.5413973041575,26.7818788210412));
#8315=CARTESIAN_POINT('Ctrl Pts',(-18.9056898855323,15.,29.3251051727857));
#8316=CARTESIAN_POINT('Ctrl Pts',(-18.9056898855323,15.3767511732746,29.3251051727857));
#8317=CARTESIAN_POINT('Ctrl Pts',(-19.0304667024883,16.1392240946662,29.3267529744287));
#8318=CARTESIAN_POINT('Ctrl Pts',(-19.7341945970602,17.5626113087775,29.3157677473821));
#8319=CARTESIAN_POINT('Ctrl Pts',(-21.2885912434736,19.0432481353439,29.1909246271326));
#8320=CARTESIAN_POINT('Ctrl Pts',(-23.135901257567,19.8715127272454,28.6177277088892));
#8321=CARTESIAN_POINT('Ctrl Pts',(-24.1254498255239,20.,28.0115692474514));
#8322=CARTESIAN_POINT('Ctrl Pts',(-24.4327871461723,20.,27.7855882116942));
#8323=CARTESIAN_POINT('Ctrl Pts',(-18.4145208683812,15.,28.8328366985883));
#8324=CARTESIAN_POINT('Ctrl Pts',(-18.4145208683812,15.3987420435518,28.8328366985883));
#8325=CARTESIAN_POINT('Ctrl Pts',(-18.5426785307898,16.205420167942,28.8227870354079));
#8326=CARTESIAN_POINT('Ctrl Pts',(-19.2609157830183,17.6932023271321,28.7501615979795));
#8327=CARTESIAN_POINT('Ctrl Pts',(-20.8272572992866,19.170600250723,28.50386235033));
#8328=CARTESIAN_POINT('Ctrl Pts',(-22.6040818244171,19.9051629124185,27.8772563073113));
#8329=CARTESIAN_POINT('Ctrl Pts',(-23.529646052206,20.0044339658205,27.2993124965269));
#8330=CARTESIAN_POINT('Ctrl Pts',(-23.8179168129341,20.,27.0863419987782));
#8331=CARTESIAN_POINT('Ctrl Pts',(-17.2844400528168,15.,27.9961001143806));
#8332=CARTESIAN_POINT('Ctrl Pts',(-17.2844400528168,15.4585232449994,27.9961001143806));
#8333=CARTESIAN_POINT('Ctrl Pts',(-17.4182809478651,16.3855193025109,27.9635557417736));
#8334=CARTESIAN_POINT('Ctrl Pts',(-18.1627299137915,18.073368123809,27.7706351233048));
#8335=CARTESIAN_POINT('Ctrl Pts',(-19.760424380288,19.6608054564689,27.2742085730083));
#8336=CARTESIAN_POINT('Ctrl Pts',(-21.4609842690625,20.3225564453438,26.4771875123918));
#8337=CARTESIAN_POINT('Ctrl Pts',(-22.3183984091071,20.3879270566679,25.8958930347257));
#8338=CARTESIAN_POINT('Ctrl Pts',(-22.588913521979,20.3769772584597,25.688688135181));
#8339=CARTESIAN_POINT('Ctrl Pts',(-15.0744334348526,15.,27.2145676234703));
#8340=CARTESIAN_POINT('Ctrl Pts',(-15.0744334348526,15.6017339010438,27.2145676234703));
#8341=CARTESIAN_POINT('Ctrl Pts',(-15.2174608549266,16.8184169730355,27.1540500581453));
#8342=CARTESIAN_POINT('Ctrl Pts',(-16.013683757464,19.0409769512158,26.8041417189642));
#8343=CARTESIAN_POINT('Ctrl Pts',(-17.726801651134,21.1590979523205,25.9539173341342));
#8344=CARTESIAN_POINT('Ctrl Pts',(-19.5735484875347,22.0751932521487,24.7551128226474));
#8345=CARTESIAN_POINT('Ctrl Pts',(-20.5456555163958,22.1720580608949,23.9858554044543));
#8346=CARTESIAN_POINT('Ctrl Pts',(-20.8598037389204,22.1590015571038,23.7223004235603));
#8347=CARTESIAN_POINT('Ctrl Pts',(-12.4741605910477,15.,27.2359949253595));
#8348=CARTESIAN_POINT('Ctrl Pts',(-12.4741605910477,15.7992004650888,27.2359949253595));
#8349=CARTESIAN_POINT('Ctrl Pts',(-12.6316370318181,17.4162929370955,27.1623068643969));
#8350=CARTESIAN_POINT('Ctrl Pts',(-13.5212190765666,20.4141715145097,26.7277394863091));
#8351=CARTESIAN_POINT('Ctrl Pts',(-15.4947539137314,23.4499956614027,25.6558660679517));
#8352=CARTESIAN_POINT('Ctrl Pts',(-17.8909721715799,25.0311439110113,23.9893462128963));
#8353=CARTESIAN_POINT('Ctrl Pts',(-19.2764463813662,25.2566868727783,22.8311094731909));
#8354=CARTESIAN_POINT('Ctrl Pts',(-19.7269286088216,25.2509819945904,22.433965954313));
#8355=CARTESIAN_POINT('Ctrl Pts',(-10.7362516253449,14.9999999999999,27.9821174795719));
#8356=CARTESIAN_POINT('Ctrl Pts',(-10.7362516253449,15.9537991088469,27.9821174795719));
#8357=CARTESIAN_POINT('Ctrl Pts',(-10.9131122634746,17.8841228141608,27.9147301869091));
#8358=CARTESIAN_POINT('Ctrl Pts',(-11.9261411991107,21.4975575964483,27.5024763612306));
#8359=CARTESIAN_POINT('Ctrl Pts',(-14.2418916116221,25.2944819847351,26.4421548478005));
#8360=CARTESIAN_POINT('Ctrl Pts',(-17.3205080773431,27.4728684431227,24.5147116530524));
#8361=CARTESIAN_POINT('Ctrl Pts',(-19.1722785534741,27.8197352046888,23.0085262750805));
#8362=CARTESIAN_POINT('Ctrl Pts',(-19.7697451932382,27.8223892803232,22.4826580652913));
#8363=CARTESIAN_POINT('Ctrl Pts',(-9.97325040219438,14.9999999999999,28.5089177017522));
#8364=CARTESIAN_POINT('Ctrl Pts',(-9.97325040219438,16.027755360569,28.5089177017522));
#8365=CARTESIAN_POINT('Ctrl Pts',(-10.1628466432626,18.1082170275419,28.4476400836165));
#8366=CARTESIAN_POINT('Ctrl Pts',(-11.254821053013,22.0138526224463,28.0630668043076));
#8367=CARTESIAN_POINT('Ctrl Pts',(-13.7811945109428,26.1634080116604,27.0417962822357));
#8368=CARTESIAN_POINT('Ctrl Pts',(-17.2386212631863,28.6061493839797,25.0125148593461));
#8369=CARTESIAN_POINT('Ctrl Pts',(-19.332724761509,29.0056281069752,23.3396599643461));
#8370=CARTESIAN_POINT('Ctrl Pts',(-20.0053326888158,29.0115368800911,22.7505741692045));
#8371=CARTESIAN_POINT('',(-24.4327871461723,20.,27.7855882116942));
#8372=CARTESIAN_POINT('Ctrl Pts',(-17.7456525888791,20.,26.6287779328081));
#8373=CARTESIAN_POINT('Ctrl Pts',(-18.3778939438869,20.,26.6823841336566));
#8374=CARTESIAN_POINT('Ctrl Pts',(-18.9955620511218,20.,26.7696299551568));
#8375=CARTESIAN_POINT('Ctrl Pts',(-21.2016848855422,20.,27.1449691896003));
#8376=CARTESIAN_POINT('Ctrl Pts',(-22.7556978345814,20.,27.5387877436591));
#8377=CARTESIAN_POINT('Ctrl Pts',(-24.4222682056471,20.,27.784045166379));
#8378=CARTESIAN_POINT('Ctrl Pts',(-24.4275275541551,20.,27.784817499105));
#8379=CARTESIAN_POINT('Ctrl Pts',(-24.4327871461723,20.,27.7855882116942));
#8380=CARTESIAN_POINT('',(-18.9056898855323,15.,29.3251051727857));
#8381=CARTESIAN_POINT('Ctrl Pts',(-24.4327871461723,20.,27.7855882116942));
#8382=CARTESIAN_POINT('Ctrl Pts',(-24.1254498255239,20.,28.0115692474514));
#8383=CARTESIAN_POINT('Ctrl Pts',(-23.135901257567,19.8715127272454,28.6177277088892));
#8384=CARTESIAN_POINT('Ctrl Pts',(-21.2885912434736,19.0432481353439,29.1909246271326));
#8385=CARTESIAN_POINT('Ctrl Pts',(-19.7341945970602,17.5626113087775,29.3157677473821));
#8386=CARTESIAN_POINT('Ctrl Pts',(-19.0304667024883,16.1392240946662,29.3267529744287));
#8387=CARTESIAN_POINT('Ctrl Pts',(-18.9056898855323,15.3767511732746,29.3251051727857));
#8388=CARTESIAN_POINT('Ctrl Pts',(-18.9056898855323,15.,29.3251051727857));
#8389=CARTESIAN_POINT('',(-10.2567439340648,15.,28.3231559701483));
#8390=CARTESIAN_POINT('Origin',(-13.9504118274779,15.,34.269315864834));
#8391=CARTESIAN_POINT('Ctrl Pts',(-10.2567439340648,14.9999999999999,28.3231559701483));
#8392=CARTESIAN_POINT('Ctrl Pts',(-10.2567439340648,16.5130434194563,28.3231559701483));
#8393=CARTESIAN_POINT('Ctrl Pts',(-10.3648117941841,18.0181229549176,28.3080742072853));
#8394=CARTESIAN_POINT('Ctrl Pts',(-10.5789852606943,19.4999999986272,28.2988994651425));
#8395=CARTESIAN_POINT('Origin',(0.,20.,-2.22044604925031E-15));
#8396=CARTESIAN_POINT('Ctrl Pts',(-27.0824482140958,20.,-16.9872253153522));
#8397=CARTESIAN_POINT('Ctrl Pts',(-27.0515705884806,20.,-16.184711611693));
#8398=CARTESIAN_POINT('Ctrl Pts',(-27.1734430086863,20.,-14.2246055423943));
#8399=CARTESIAN_POINT('Ctrl Pts',(-27.6170430761199,20.,-12.9589543647888));
#8400=CARTESIAN_POINT('Ctrl Pts',(-27.8693192263156,20.,-12.3915715654518));
#8401=CARTESIAN_POINT('Ctrl Pts',(-26.9822576799408,19.8471322388291,-16.9910802598718));
#8402=CARTESIAN_POINT('Ctrl Pts',(-26.9370963378726,19.8410162762939,-16.1835401106041));
#8403=CARTESIAN_POINT('Ctrl Pts',(-27.0289338570252,19.8334636073478,-14.2002290929939));
#8404=CARTESIAN_POINT('Ctrl Pts',(-27.4662327498647,19.8333692783723,-12.9055260618225));
#8405=CARTESIAN_POINT('Ctrl Pts',(-27.7178435775807,19.8333357241499,-12.3242207512292));
#8406=CARTESIAN_POINT('Ctrl Pts',(-26.8820671457859,19.6942644776583,-16.9949352043914));
#8407=CARTESIAN_POINT('Ctrl Pts',(-26.8226220872647,19.6820325525878,-16.1823686095152));
#8408=CARTESIAN_POINT('Ctrl Pts',(-26.8844247053641,19.6669272146957,-14.1758526435934));
#8409=CARTESIAN_POINT('Ctrl Pts',(-27.3154224236095,19.6667385567447,-12.8520977588562));
#8410=CARTESIAN_POINT('Ctrl Pts',(-27.5663679288457,19.6666714482999,-12.2568699370066));
#8411=CARTESIAN_POINT('Ctrl Pts',(-26.7818766116309,19.5413967164874,-16.998790148911));
#8412=CARTESIAN_POINT('Ctrl Pts',(-26.7081478366567,19.5230488288816,-16.1811971084263));
#8413=CARTESIAN_POINT('Ctrl Pts',(-26.739915553703,19.5003908220435,-14.151476194193));
#8414=CARTESIAN_POINT('Ctrl Pts',(-27.1646120973543,19.500107835117,-12.7986694558899));
#8415=CARTESIAN_POINT('Ctrl Pts',(-27.4148922801107,19.5000071724498,-12.1895191227839));
#8416=CARTESIAN_POINT('',(-27.0824482140958,20.,-16.9872253153522));
#8417=CARTESIAN_POINT('',(-26.7818766116309,19.5413967164874,-16.998790148911));
#8418=CARTESIAN_POINT('Ctrl Pts',(-27.0824482140958,20.,-16.9872253153522));
#8419=CARTESIAN_POINT('Ctrl Pts',(-26.9822576799408,19.8471322388291,-16.9910802598718));
#8420=CARTESIAN_POINT('Ctrl Pts',(-26.8820671457859,19.6942644776583,-16.9949352043914));
#8421=CARTESIAN_POINT('Ctrl Pts',(-26.7818766116309,19.5413967164874,-16.998790148911));
#8422=CARTESIAN_POINT('',(-27.4148922801107,19.5000071724498,-12.1895191227839));
#8423=CARTESIAN_POINT('Ctrl Pts',(-26.7818766116309,19.5413967164874,-16.998790148911));
#8424=CARTESIAN_POINT('Ctrl Pts',(-26.7081478366567,19.5230488288816,-16.1811971084263));
#8425=CARTESIAN_POINT('Ctrl Pts',(-26.739915553703,19.5003908220435,-14.151476194193));
#8426=CARTESIAN_POINT('Ctrl Pts',(-27.1646120973543,19.500107835117,-12.7986694558899));
#8427=CARTESIAN_POINT('Ctrl Pts',(-27.4148922801107,19.5000071724498,-12.1895191227839));
#8428=CARTESIAN_POINT('',(-27.8693192263156,20.,-12.3915715654518));
#8429=CARTESIAN_POINT('',(-27.4148922801107,19.5000071724498,-12.1895191227839));
#8430=CARTESIAN_POINT('Ctrl Pts',(-27.8693192263156,20.,-12.3915715654518));
#8431=CARTESIAN_POINT('Ctrl Pts',(-27.6170430761199,20.,-12.9589543647888));
#8432=CARTESIAN_POINT('Ctrl Pts',(-27.1734430086863,20.,-14.2246055423943));
#8433=CARTESIAN_POINT('Ctrl Pts',(-27.0515705884806,20.,-16.184711611693));
#8434=CARTESIAN_POINT('Ctrl Pts',(-27.0824482140958,20.,-16.9872253153522));
#8435=CARTESIAN_POINT('Origin',(0.,19.75,0.));
#8436=CARTESIAN_POINT('',(-29.1579544499076,19.5,-7.05788157290223));
#8437=CARTESIAN_POINT('',(-29.7079544384793,20.,-6.90560953727037));
#8438=CARTESIAN_POINT('Ctrl Pts',(-29.1579544499076,19.5,-7.05788157290224));
#8439=CARTESIAN_POINT('Ctrl Pts',(-29.3421821122929,19.6688753607531,-7.01460499444245));
#8440=CARTESIAN_POINT('Ctrl Pts',(-29.525784612622,19.835748514314,-6.96385531138177));
#8441=CARTESIAN_POINT('Ctrl Pts',(-29.7079544384793,20.,-6.90560953727037));
#8442=CARTESIAN_POINT('',(-27.9461876334041,20.,-12.2172254116298));
#8443=CARTESIAN_POINT('Origin',(0.,20.,0.));
#8444=CARTESIAN_POINT('',(-27.4880534099057,19.4999999999999,-12.0169430278326));
#8445=CARTESIAN_POINT('',(-27.9461876334041,20.,-12.2172254116298));
#8446=CARTESIAN_POINT('Origin',(0.,19.5,0.));
#8447=CARTESIAN_POINT('Ctrl Pts',(-27.8693192263156,20.,-12.3915715654518));
#8448=CARTESIAN_POINT('Ctrl Pts',(-27.8951234748413,20.,-12.3335364053626));
#8449=CARTESIAN_POINT('Ctrl Pts',(-27.9207464438705,20.,-12.2754206427374));
#8450=CARTESIAN_POINT('Ctrl Pts',(-27.9461876334041,20.,-12.2172254116298));
#8451=CARTESIAN_POINT('Ctrl Pts',(-27.7178435775807,19.8333357241499,-12.3242207512292));
#8452=CARTESIAN_POINT('Ctrl Pts',(-27.7429643115098,19.8333325395706,-12.2662594727665));
#8453=CARTESIAN_POINT('Ctrl Pts',(-27.7681740589313,19.8333333333333,-12.208341841411));
#8454=CARTESIAN_POINT('Ctrl Pts',(-27.7934762255713,19.8333333333333,-12.1504646170307));
#8455=CARTESIAN_POINT('Ctrl Pts',(-27.5663679288457,19.6666714482999,-12.2568699370066));
#8456=CARTESIAN_POINT('Ctrl Pts',(-27.5908051481783,19.6666650791413,-12.1989825401703));
#8457=CARTESIAN_POINT('Ctrl Pts',(-27.6156016739921,19.6666666666667,-12.1412630400846));
#8458=CARTESIAN_POINT('Ctrl Pts',(-27.6407648177385,19.6666666666667,-12.0837038224317));
#8459=CARTESIAN_POINT('Ctrl Pts',(-27.4148922801107,19.5000071724498,-12.1895191227839));
#8460=CARTESIAN_POINT('Ctrl Pts',(-27.4386459848468,19.4999976187119,-12.1317056075742));
#8461=CARTESIAN_POINT('Ctrl Pts',(-27.4630292890529,19.5,-12.0741842387581));
#8462=CARTESIAN_POINT('Ctrl Pts',(-27.4880534099057,19.5,-12.0169430278326));
#8463=CARTESIAN_POINT('Ctrl Pts',(-27.9461876334041,20.,-12.2172254116298));
#8464=CARTESIAN_POINT('Ctrl Pts',(-27.9207464438705,20.,-12.2754206427374));
#8465=CARTESIAN_POINT('Ctrl Pts',(-27.8951234748413,20.,-12.3335364053626));
#8466=CARTESIAN_POINT('Ctrl Pts',(-27.8693192263156,20.,-12.3915715654518));
#8467=CARTESIAN_POINT('Ctrl Pts',(-27.4148922801107,19.5000071724498,-12.1895191227839));
#8468=CARTESIAN_POINT('Ctrl Pts',(-27.4386459848468,19.4999976187119,-12.1317056075742));
#8469=CARTESIAN_POINT('Ctrl Pts',(-27.4630292890529,19.5,-12.0741842387581));
#8470=CARTESIAN_POINT('Ctrl Pts',(-27.4880534099057,19.5,-12.0169430278326));
#8471=CARTESIAN_POINT('Ctrl Pts',(-26.6287780913231,20.,-17.7456523510146));
#8472=CARTESIAN_POINT('Ctrl Pts',(-26.7800014655807,20.,-17.4928433391272));
#8473=CARTESIAN_POINT('Ctrl Pts',(-26.9312248398382,20.,-17.2400343272397));
#8474=CARTESIAN_POINT('Ctrl Pts',(-27.0824482140958,20.,-16.9872253153522));
#8475=CARTESIAN_POINT('Ctrl Pts',(-26.6287780913231,20.,-17.7456523510146));
#8476=CARTESIAN_POINT('Ctrl Pts',(-26.7466642344546,19.9559940717171,-17.4928784060829));
#8477=CARTESIAN_POINT('Ctrl Pts',(-26.8646256981146,19.9052076816819,-17.2410352492749));
#8478=CARTESIAN_POINT('Ctrl Pts',(-26.9822576799409,19.8471322388291,-16.9910802598718));
#8479=CARTESIAN_POINT('Ctrl Pts',(-26.6287780913231,20.,-17.7456523510146));
#8480=CARTESIAN_POINT('Ctrl Pts',(-26.7133270033285,19.9119881434341,-17.4929134730386));
#8481=CARTESIAN_POINT('Ctrl Pts',(-26.798026556391,19.8104153633637,-17.2420361713102));
#8482=CARTESIAN_POINT('Ctrl Pts',(-26.8820671457859,19.6942644776583,-16.9949352043914));
#8483=CARTESIAN_POINT('Ctrl Pts',(-26.6287780913231,20.,-17.7456523510146));
#8484=CARTESIAN_POINT('Ctrl Pts',(-26.6799897722024,19.8679822151512,-17.4929485399943));
#8485=CARTESIAN_POINT('Ctrl Pts',(-26.7314274146674,19.7156230450456,-17.2430370933454));
#8486=CARTESIAN_POINT('Ctrl Pts',(-26.7818766116309,19.5413967164874,-16.998790148911));
#8487=CARTESIAN_POINT('Ctrl Pts',(-27.0824482140958,20.,-16.9872253153522));
#8488=CARTESIAN_POINT('Ctrl Pts',(-26.9312248398382,20.,-17.2400343272397));
#8489=CARTESIAN_POINT('Ctrl Pts',(-26.7800014655807,20.,-17.4928433391272));
#8490=CARTESIAN_POINT('Ctrl Pts',(-26.6287780913231,20.,-17.7456523510146));
#8491=CARTESIAN_POINT('Ctrl Pts',(-26.6287780913231,20.,-17.7456523510146));
#8492=CARTESIAN_POINT('Ctrl Pts',(-26.6799897722024,19.8679822151512,-17.4929485399943));
#8493=CARTESIAN_POINT('Ctrl Pts',(-26.7314274146674,19.7156230450456,-17.2430370933454));
#8494=CARTESIAN_POINT('Ctrl Pts',(-26.7818766116309,19.5413967164874,-16.998790148911));
#8495=CARTESIAN_POINT('Origin',(0.,20.,-2.22044604925031E-15));
#8496=CARTESIAN_POINT('Origin',(-27.5000006332994,20.,-2.23517417907715E-7));
#8497=CARTESIAN_POINT('Origin',(-27.5000006332994,0.,-2.23517417907715E-7));
#8498=CARTESIAN_POINT('',(-29.1579544499076,0.,-7.05788157290223));
#8499=CARTESIAN_POINT('',(-29.1579544499076,0.,-7.05788157290223));
#8500=CARTESIAN_POINT('',(-30.9292905839393,0.,6.38768092338088));
#8501=CARTESIAN_POINT('Origin',(-27.5000006332994,0.,-2.23517417907715E-7));
#8502=CARTESIAN_POINT('',(-30.9292905839393,19.5,6.38768092338088));
#8503=CARTESIAN_POINT('',(-30.9292905839393,0.,6.38768092338088));
#8504=CARTESIAN_POINT('Origin',(-27.5000006332994,19.5,-2.23517417907715E-7));
#8505=CARTESIAN_POINT('Origin',(-27.5000006332994,27.,-2.23517417907715E-7));
#8506=CARTESIAN_POINT('Ctrl Pts',(-28.8075324613484,20.,11.1375857366811));
#8507=CARTESIAN_POINT('Ctrl Pts',(-28.1623049913757,20.,11.8639566472292));
#8508=CARTESIAN_POINT('Ctrl Pts',(-26.9915496619426,20.,13.8663701436588));
#8509=CARTESIAN_POINT('Ctrl Pts',(-26.6959622429262,20.,16.2444691901232));
#8510=CARTESIAN_POINT('Ctrl Pts',(-26.7213559641011,20.,17.5494259396359));
#8511=CARTESIAN_POINT('Ctrl Pts',(-28.6696060271681,19.834288487191,11.0150671681699));
#8512=CARTESIAN_POINT('Ctrl Pts',(-28.0131300418595,19.8335583236925,11.7643265386673));
#8513=CARTESIAN_POINT('Ctrl Pts',(-26.8345722734451,19.8322126622164,13.8235832127447));
#8514=CARTESIAN_POINT('Ctrl Pts',(-26.5722806450103,19.8370993907164,16.2376632848849));
#8515=CARTESIAN_POINT('Ctrl Pts',(-26.6207126214088,19.8469600899933,17.5513844022313));
#8516=CARTESIAN_POINT('Ctrl Pts',(-28.5316795929877,19.668576974382,10.8925485996586));
#8517=CARTESIAN_POINT('Ctrl Pts',(-27.8639550923433,19.6671166473851,11.6646964301053));
#8518=CARTESIAN_POINT('Ctrl Pts',(-26.6775948849476,19.6644253244327,13.7807962818306));
#8519=CARTESIAN_POINT('Ctrl Pts',(-26.4485990470943,19.6741987814329,16.2308573796466));
#8520=CARTESIAN_POINT('Ctrl Pts',(-26.5200692787165,19.6939201799866,17.5533428648266));
#8521=CARTESIAN_POINT('Ctrl Pts',(-28.3937531588074,19.502865461573,10.7700300311474));
#8522=CARTESIAN_POINT('Ctrl Pts',(-27.7147801428271,19.5006749710776,11.5650663215433));
#8523=CARTESIAN_POINT('Ctrl Pts',(-26.5206174964502,19.4966379866491,13.7380093509165));
#8524=CARTESIAN_POINT('Ctrl Pts',(-26.3249174491784,19.5112981721493,16.2240514744083));
#8525=CARTESIAN_POINT('Ctrl Pts',(-26.4194259360243,19.54088026998,17.5553013274219));
#8526=CARTESIAN_POINT('',(-26.4194259360242,19.54088026998,17.5553013274219));
#8527=CARTESIAN_POINT('',(-26.7213559641011,20.,17.5494259396359));
#8528=CARTESIAN_POINT('Ctrl Pts',(-26.4194259360243,19.54088026998,17.5553013274219));
#8529=CARTESIAN_POINT('Ctrl Pts',(-26.5200692787165,19.6939201799866,17.5533428648266));
#8530=CARTESIAN_POINT('Ctrl Pts',(-26.6207126214088,19.8469600899933,17.5513844022313));
#8531=CARTESIAN_POINT('Ctrl Pts',(-26.7213559641011,20.,17.5494259396359));
#8532=CARTESIAN_POINT('',(-28.8075324613484,20.,11.1375857366811));
#8533=CARTESIAN_POINT('Ctrl Pts',(-26.7213559641011,20.,17.5494259396359));
#8534=CARTESIAN_POINT('Ctrl Pts',(-26.6959622429262,20.,16.2444691901232));
#8535=CARTESIAN_POINT('Ctrl Pts',(-26.9915496619426,20.,13.8663701436588));
#8536=CARTESIAN_POINT('Ctrl Pts',(-28.1623049913757,20.,11.8639566472292));
#8537=CARTESIAN_POINT('Ctrl Pts',(-28.8075324613484,20.,11.1375857366811));
#8538=CARTESIAN_POINT('',(-28.2977174163708,19.5025569239409,10.884730900942));
#8539=CARTESIAN_POINT('Ctrl Pts',(-28.8075324613484,20.,11.1375857366811));
#8540=CARTESIAN_POINT('Ctrl Pts',(-28.721539386006,19.9174440185213,11.0960005037925));
#8541=CARTESIAN_POINT('Ctrl Pts',(-28.6358739343885,19.8344743346952,11.0540211145621));
#8542=CARTESIAN_POINT('Ctrl Pts',(-28.5507342039606,19.7513689554351,11.0117794550401));
#8543=CARTESIAN_POINT('Ctrl Pts',(-28.4660437843971,19.6687021510872,10.969760718899));
#8544=CARTESIAN_POINT('Ctrl Pts',(-28.3816520846191,19.5856848882764,10.9273726281816));
#8545=CARTESIAN_POINT('Ctrl Pts',(-28.2977303972731,19.5025554523383,10.8847267524318));
#8546=CARTESIAN_POINT('',(-28.2952169310248,19.5025489308593,10.8877788007107));
#8547=CARTESIAN_POINT('Ctrl Pts',(-28.2977231021083,19.5025554287658,10.8847356416202));
#8548=CARTESIAN_POINT('Ctrl Pts',(-28.2968894351449,19.5025527380839,10.8857514752349));
#8549=CARTESIAN_POINT('Ctrl Pts',(-28.2960560337581,19.5025500483542,10.8867675183068));
#8550=CARTESIAN_POINT('Ctrl Pts',(-28.29522289798,19.5025473595826,10.8877837706795));
#8551=CARTESIAN_POINT('Ctrl Pts',(-28.2952229383531,19.5025473597129,10.8877837214327));
#8552=CARTESIAN_POINT('Ctrl Pts',(-27.6651023859006,19.5005137773523,11.6563997291048));
#8553=CARTESIAN_POINT('Ctrl Pts',(-26.5165108607461,19.4969456209192,13.7901772961387));
#8554=CARTESIAN_POINT('Ctrl Pts',(-26.3249174491784,19.5112981721493,16.2240514744083));
#8555=CARTESIAN_POINT('Ctrl Pts',(-26.4194259360243,19.54088026998,17.5553013274219));
#8556=CARTESIAN_POINT('Origin',(-27.5000006332994,19.75,-2.23517417907715E-7));
#8557=CARTESIAN_POINT('',(-31.1657933391558,20.,6.82821065764973));
#8558=CARTESIAN_POINT('',(-30.9292905839393,19.5,6.38768092338088));
#8559=CARTESIAN_POINT('Origin',(-27.5000006332994,20.,-2.23517417907715E-7));
#8560=CARTESIAN_POINT('Origin',(-33.2943181361048,19.75,10.7929782660694));
#8561=CARTESIAN_POINT('Origin',(-33.2943181361048,20.,10.7929782660694));
#8562=CARTESIAN_POINT('',(-28.2952100024496,19.5,10.887412730239));
#8563=CARTESIAN_POINT('Origin',(-33.2943181361048,19.5,10.7929782660694));
#8564=CARTESIAN_POINT('Ctrl Pts',(-28.2952100024493,19.4999999999997,10.8874127302394));
#8565=CARTESIAN_POINT('Ctrl Pts',(-28.2960454881054,19.5008522266443,10.886518458378));
#8566=CARTESIAN_POINT('Ctrl Pts',(-28.2968812926971,19.5017045345173,10.8856245153111));
#8567=CARTESIAN_POINT('Ctrl Pts',(-28.2977174163706,19.5025569239406,10.8847309009423));
#8568=CARTESIAN_POINT('Ctrl Pts',(-26.2534126455748,20.,18.296401953975));
#8569=CARTESIAN_POINT('Ctrl Pts',(-26.309233215833,19.8673251991443,18.0452709022742));
#8570=CARTESIAN_POINT('Ctrl Pts',(-26.364756824018,19.7152673770255,17.797750966462));
#8571=CARTESIAN_POINT('Ctrl Pts',(-26.4194259360243,19.54088026998,17.5553013274219));
#8572=CARTESIAN_POINT('Ctrl Pts',(-26.2534126455748,20.,18.296401953975));
#8573=CARTESIAN_POINT('Ctrl Pts',(-26.3426200611388,19.9115501327629,18.0459839179146));
#8574=CARTESIAN_POINT('Ctrl Pts',(-26.4316295019872,19.8101782513503,17.7979732924465));
#8575=CARTESIAN_POINT('Ctrl Pts',(-26.5200692787166,19.6939201799866,17.5533428648266));
#8576=CARTESIAN_POINT('Ctrl Pts',(-26.2534126455748,20.,18.296401953975));
#8577=CARTESIAN_POINT('Ctrl Pts',(-26.3760069064445,19.9557750663814,18.046696933555));
#8578=CARTESIAN_POINT('Ctrl Pts',(-26.4985021799565,19.9050891256752,17.7981956184311));
#8579=CARTESIAN_POINT('Ctrl Pts',(-26.6207126214088,19.8469600899933,17.5513844022313));
#8580=CARTESIAN_POINT('Ctrl Pts',(-26.2534126455748,20.,18.296401953975));
#8581=CARTESIAN_POINT('Ctrl Pts',(-26.4093937517502,20.,18.0474099491953));
#8582=CARTESIAN_POINT('Ctrl Pts',(-26.5653748579257,20.,17.7984179444156));
#8583=CARTESIAN_POINT('Ctrl Pts',(-26.7213559641011,20.,17.5494259396359));
#8584=CARTESIAN_POINT('Ctrl Pts',(-26.4194259360243,19.54088026998,17.5553013274219));
#8585=CARTESIAN_POINT('Ctrl Pts',(-26.364756824018,19.7152673770255,17.797750966462));
#8586=CARTESIAN_POINT('Ctrl Pts',(-26.309233215833,19.8673251991443,18.0452709022742));
#8587=CARTESIAN_POINT('Ctrl Pts',(-26.2534126455748,20.,18.296401953975));
#8588=CARTESIAN_POINT('Ctrl Pts',(-26.2534126455748,20.,18.296401953975));
#8589=CARTESIAN_POINT('Ctrl Pts',(-26.4093937517502,20.,18.0474099491953));
#8590=CARTESIAN_POINT('Ctrl Pts',(-26.5653748579257,20.,17.7984179444156));
#8591=CARTESIAN_POINT('Ctrl Pts',(-26.7213559641011,20.,17.5494259396359));
#8592=CARTESIAN_POINT('Origin',(-33.2943181361048,0.,10.7929782660694));
#8593=CARTESIAN_POINT('',(-28.2993953969097,0.,10.5677076965937));
#8594=CARTESIAN_POINT('Origin',(-33.2943181361048,0.,10.7929782660694));
#8595=CARTESIAN_POINT('',(-28.2993953969097,15.,10.5677076965937));
#8596=CARTESIAN_POINT('',(-28.2993953969097,0.,10.5677076965937));
#8597=CARTESIAN_POINT('Ctrl Pts',(-28.2995046317433,15.,10.5677585593388));
#8598=CARTESIAN_POINT('Ctrl Pts',(-28.2995046317433,15.2440715110413,10.5677585593388));
#8599=CARTESIAN_POINT('Ctrl Pts',(-28.2993718948315,15.4883800799102,10.5706510431055));
#8600=CARTESIAN_POINT('Ctrl Pts',(-28.2991118457883,15.7326741997043,10.5763491502475));
#8601=CARTESIAN_POINT('Ctrl Pts',(-28.2988498101543,15.9788345538056,10.5820907868983));
#8602=CARTESIAN_POINT('Ctrl Pts',(-28.2984586129683,16.2249802607006,10.5906809869383));
#8603=CARTESIAN_POINT('Ctrl Pts',(-28.2979854378636,16.4708561172001,10.6020633072535));
#8604=CARTESIAN_POINT('Ctrl Pts',(-28.2975113979455,16.7171813564347,10.6134664308241));
#8605=CARTESIAN_POINT('Ctrl Pts',(-28.2969551910788,16.9632357870499,10.627671796942));
#8606=CARTESIAN_POINT('Ctrl Pts',(-28.2964042120187,17.2087645235616,10.644656403484));
#8607=CARTESIAN_POINT('Ctrl Pts',(-28.295853860355,17.4540136780571,10.6616216697622));
#8608=CARTESIAN_POINT('Ctrl Pts',(-28.2953088200449,17.698738374893,10.6813597442275));
#8609=CARTESIAN_POINT('Ctrl Pts',(-28.294894436624,17.9426858004283,10.703882822798));
#8610=CARTESIAN_POINT('Ctrl Pts',(-28.2948015579148,17.9973634753851,10.7089310809069));
#8611=CARTESIAN_POINT('Ctrl Pts',(-28.2947153922818,18.0520021055363,10.7141193941415));
#8612=CARTESIAN_POINT('Ctrl Pts',(-28.294637608486,18.1065988489147,10.7194481514207));
#8613=CARTESIAN_POINT('Ctrl Pts',(-28.2942935517597,18.3480935790725,10.7430185463124));
#8614=CARTESIAN_POINT('Ctrl Pts',(-28.2941111787115,18.5887701812814,10.7693336048121));
#8615=CARTESIAN_POINT('Ctrl Pts',(-28.2942034413968,18.8287442283577,10.7983836862158));
#8616=CARTESIAN_POINT('Ctrl Pts',(-28.2942895143261,19.0526188006201,10.8254848441438));
#8617=CARTESIAN_POINT('Ctrl Pts',(-28.2946150675918,19.2758819191121,10.8549666581857));
#8618=CARTESIAN_POINT('Ctrl Pts',(-28.2952931885722,19.4986129129112,10.886853017721));
#8619=CARTESIAN_POINT('Origin',(96.9082319972454,2.,105.726318643295));
#8620=CARTESIAN_POINT('',(94.3082319972454,2.5,105.726318643295));
#8621=CARTESIAN_POINT('Origin',(96.9082319972454,2.5,105.726318643295));
#8622=CARTESIAN_POINT('',(95.3082319972454,1.5,105.726318643295));
#8623=CARTESIAN_POINT('',(94.8082319972454,2.,105.726318643295));
#8624=CARTESIAN_POINT('Origin',(96.9082319972454,1.5,105.726318643295));
#8625=CARTESIAN_POINT('Origin',(96.9082316811439,2.5,96.2263185123618));
#8626=CARTESIAN_POINT('',(88.3977455197075,2.5,77.8463939941272));
#8627=CARTESIAN_POINT('',(90.76479781124,2.5,80.2081595945806));
#8628=CARTESIAN_POINT('',(95.8561756598291,2.5,85.2881661031102));
#8629=CARTESIAN_POINT('',(88.6764653970107,2.5,86.0737252887998));
#8630=CARTESIAN_POINT('Ctrl Pts',(88.6764653970107,2.5,86.0737252887998));
#8631=CARTESIAN_POINT('Ctrl Pts',(89.7958810189506,2.5,85.1660982843778));
#8632=CARTESIAN_POINT('Ctrl Pts',(90.9603693601562,2.5,83.1552403633331));
#8633=CARTESIAN_POINT('Ctrl Pts',(90.9123360631391,2.49999999999999,80.9345549137625));
#8634=CARTESIAN_POINT('Ctrl Pts',(90.7629005199063,2.49999999999999,80.2085501197727));
#8635=CARTESIAN_POINT('',(86.7372580662968,2.5,88.0172734372149));
#8636=CARTESIAN_POINT('Origin',(96.9082316811439,2.5,96.2263185123618));
#8637=CARTESIAN_POINT('',(80.8763764291134,2.5,90.118715708715));
#8638=CARTESIAN_POINT('Ctrl Pts',(80.8767627120077,2.5,90.1168175444136));
#8639=CARTESIAN_POINT('Ctrl Pts',(81.6030998192798,2.5,90.2646294063067));
#8640=CARTESIAN_POINT('Ctrl Pts',(83.8238871151849,2.5,90.3076972524751));
#8641=CARTESIAN_POINT('Ctrl Pts',(85.8321362815377,2.5,89.1387156642627));
#8642=CARTESIAN_POINT('Ctrl Pts',(86.7372580662968,2.5,88.0172734372149));
#8643=CARTESIAN_POINT('',(78.5093241356109,2.5,87.7569501102359));
#8644=CARTESIAN_POINT('',(55.2517431144856,2.5,64.551313734509));
#8645=CARTESIAN_POINT('',(81.4312897990272,2.5,95.3811735676434));
#8646=CARTESIAN_POINT('Origin',(71.4461660041133,2.5,94.8359187645993));
#8647=CARTESIAN_POINT('',(96.028483270789,2.5,80.7513050152924));
#8648=CARTESIAN_POINT('Origin',(96.9082316811439,2.5,96.2263185123618));
#8649=CARTESIAN_POINT('Origin',(95.4609036512051,2.5,70.7674253397639));
#8650=CARTESIAN_POINT('',(103.808231365043,2.5,96.2263186432953));
#8651=CARTESIAN_POINT('Origin',(106.408231365043,2.5,96.2263186432953));
#8652=CARTESIAN_POINT('',(84.8082319972454,2.5,96.226319275498));
#8653=CARTESIAN_POINT('Origin',(87.4082319972454,2.5,96.226319275498));
#8654=CARTESIAN_POINT('',(100.408231681144,2.5,96.2263185123618));
#8655=CARTESIAN_POINT('Origin',(96.9082316811439,2.5,96.2263185123618));
#8656=CARTESIAN_POINT('',(94.3082313650426,2.5,86.7263192754981));
#8657=CARTESIAN_POINT('Origin',(96.9082313650426,2.5,86.7263192754981));
#8658=CARTESIAN_POINT('Origin',(96.9082319972454,-5.,105.726318643295));
#8659=CARTESIAN_POINT('',(95.3082319972454,0.,105.726318643295));
#8660=CARTESIAN_POINT('Origin',(96.9082319972454,0.,105.726318643295));
#8661=CARTESIAN_POINT('',(95.3082319972454,-5.,105.726318643295));
#8662=CARTESIAN_POINT('Origin',(106.408231365043,2.,96.2263186432953));
#8663=CARTESIAN_POINT('',(104.808231365043,1.5,96.2263186432953));
#8664=CARTESIAN_POINT('',(104.308231365043,2.,96.2263186432953));
#8665=CARTESIAN_POINT('Origin',(106.408231365043,1.5,96.2263186432953));
#8666=CARTESIAN_POINT('Origin',(106.408231365043,-5.,96.2263186432953));
#8667=CARTESIAN_POINT('',(104.808231365043,0.,96.2263186432953));
#8668=CARTESIAN_POINT('Origin',(106.408231365043,0.,96.2263186432953));
#8669=CARTESIAN_POINT('',(104.808231365043,-5.,96.2263186432953));
#8670=CARTESIAN_POINT('Origin',(96.9082313650426,2.,86.7263192754981));
#8671=CARTESIAN_POINT('',(95.3082313650426,1.5,86.7263192754981));
#8672=CARTESIAN_POINT('',(94.8082313650426,2.,86.7263192754981));
#8673=CARTESIAN_POINT('Origin',(96.9082313650426,1.5,86.7263192754981));
#8674=CARTESIAN_POINT('Origin',(96.9082313650426,-5.,86.7263192754981));
#8675=CARTESIAN_POINT('',(95.3082313650426,0.,86.7263192754981));
#8676=CARTESIAN_POINT('Origin',(96.9082313650426,0.,86.7263192754981));
#8677=CARTESIAN_POINT('',(95.3082313650426,-5.,86.7263192754981));
#8678=CARTESIAN_POINT('Origin',(87.4082319972454,2.,96.226319275498));
#8679=CARTESIAN_POINT('',(85.8082319972454,1.5,96.226319275498));
#8680=CARTESIAN_POINT('',(85.3082319972454,2.,96.226319275498));
#8681=CARTESIAN_POINT('Origin',(87.4082319972454,1.5,96.226319275498));
#8682=CARTESIAN_POINT('Origin',(87.4082319972454,-5.,96.226319275498));
#8683=CARTESIAN_POINT('',(85.8082319972454,0.,96.226319275498));
#8684=CARTESIAN_POINT('Origin',(87.4082319972454,0.,96.226319275498));
#8685=CARTESIAN_POINT('',(85.8082319972454,-5.,96.226319275498));
#8686=CARTESIAN_POINT('Origin',(-105.726318643295,2.,96.9082319972453));
#8687=CARTESIAN_POINT('',(-108.326318643295,2.5,96.9082319972453));
#8688=CARTESIAN_POINT('Origin',(-105.726318643295,2.5,96.9082319972453));
#8689=CARTESIAN_POINT('',(-107.326318643295,1.5,96.9082319972453));
#8690=CARTESIAN_POINT('',(-107.826318643295,2.,96.9082319972453));
#8691=CARTESIAN_POINT('Origin',(-105.726318643295,1.5,96.9082319972453));
#8692=CARTESIAN_POINT('Origin',(-96.2263189593966,2.5,96.9082316811439));
#8693=CARTESIAN_POINT('',(-77.846394441162,2.5,88.3977455197076));
#8694=CARTESIAN_POINT('',(-80.2081600416154,2.5,90.7647978112401));
#8695=CARTESIAN_POINT('',(-85.2881665501451,2.5,95.8561756598291));
#8696=CARTESIAN_POINT('',(-86.0737257358347,2.5,88.6764653970107));
#8697=CARTESIAN_POINT('Ctrl Pts',(-86.0737257358347,2.5,88.6764653970107));
#8698=CARTESIAN_POINT('Ctrl Pts',(-85.1660987314126,2.5,89.7958810189507));
#8699=CARTESIAN_POINT('Ctrl Pts',(-83.1552408103676,2.50000000000001,90.9603693601555));
#8700=CARTESIAN_POINT('Ctrl Pts',(-80.9345553607973,2.5,90.9123360631386));
#8701=CARTESIAN_POINT('Ctrl Pts',(-80.2085505668076,2.5,90.7629005199059));
#8702=CARTESIAN_POINT('',(-88.0172738842497,2.5,86.7372580662969));
#8703=CARTESIAN_POINT('Origin',(-96.2263189593966,2.5,96.9082316811439));
#8704=CARTESIAN_POINT('',(-90.1187161557498,2.5,80.8763764291133));
#8705=CARTESIAN_POINT('Ctrl Pts',(-90.116817991448,2.5,80.8767627120078));
#8706=CARTESIAN_POINT('Ctrl Pts',(-90.264629853341,2.5,81.60309981928));
#8707=CARTESIAN_POINT('Ctrl Pts',(-90.3076976995092,2.5,83.8238871151848));
#8708=CARTESIAN_POINT('Ctrl Pts',(-89.1387161112973,2.5,85.8321362815379));
#8709=CARTESIAN_POINT('Ctrl Pts',(-88.0172738842497,2.5,86.7372580662969));
#8710=CARTESIAN_POINT('',(-87.7569505572708,2.5,78.5093241356109));
#8711=CARTESIAN_POINT('',(-64.5513144050612,2.5,55.2517433385034));
#8712=CARTESIAN_POINT('',(-95.3811740146783,2.5,81.4312897990272));
#8713=CARTESIAN_POINT('Origin',(-94.8359192116342,2.5,71.4461660041133));
#8714=CARTESIAN_POINT('',(-80.7513054623273,2.5,96.028483270789));
#8715=CARTESIAN_POINT('Origin',(-96.2263189593966,2.5,96.9082316811439));
#8716=CARTESIAN_POINT('Origin',(-70.7674257867987,2.5,95.4609036512052));
#8717=CARTESIAN_POINT('',(-98.8263186432953,2.5,106.408231365043));
#8718=CARTESIAN_POINT('Origin',(-96.2263186432953,2.5,106.408231365043));
#8719=CARTESIAN_POINT('',(-89.3263192754981,2.5,96.9082313650426));
#8720=CARTESIAN_POINT('Origin',(-86.7263192754981,2.5,96.9082313650426));
#8721=CARTESIAN_POINT('',(-92.7263189593966,2.5,96.9082316811439));
#8722=CARTESIAN_POINT('Origin',(-96.2263189593966,2.5,96.9082316811439));
#8723=CARTESIAN_POINT('',(-98.826319275498,2.5,87.4082319972454));
#8724=CARTESIAN_POINT('Origin',(-96.226319275498,2.5,87.4082319972454));
#8725=CARTESIAN_POINT('Origin',(-105.726318643295,-5.,96.9082319972453));
#8726=CARTESIAN_POINT('',(-107.326318643295,0.,96.9082319972453));
#8727=CARTESIAN_POINT('Origin',(-105.726318643295,0.,96.9082319972453));
#8728=CARTESIAN_POINT('',(-107.326318643295,-5.,96.9082319972453));
#8729=CARTESIAN_POINT('Origin',(-96.2263186432953,2.,106.408231365043));
#8730=CARTESIAN_POINT('',(-97.8263186432953,1.5,106.408231365043));
#8731=CARTESIAN_POINT('',(-98.3263186432953,2.,106.408231365043));
#8732=CARTESIAN_POINT('Origin',(-96.2263186432953,1.5,106.408231365043));
#8733=CARTESIAN_POINT('Origin',(-96.2263186432953,-5.,106.408231365043));
#8734=CARTESIAN_POINT('',(-97.8263186432953,0.,106.408231365043));
#8735=CARTESIAN_POINT('Origin',(-96.2263186432953,0.,106.408231365043));
#8736=CARTESIAN_POINT('',(-97.8263186432953,-5.,106.408231365043));
#8737=CARTESIAN_POINT('Origin',(-96.226319275498,2.,87.4082319972454));
#8738=CARTESIAN_POINT('',(-97.826319275498,1.5,87.4082319972454));
#8739=CARTESIAN_POINT('',(-98.326319275498,2.,87.4082319972454));
#8740=CARTESIAN_POINT('Origin',(-96.226319275498,1.5,87.4082319972454));
#8741=CARTESIAN_POINT('Origin',(-96.226319275498,-5.,87.4082319972454));
#8742=CARTESIAN_POINT('',(-97.826319275498,0.,87.4082319972454));
#8743=CARTESIAN_POINT('Origin',(-96.226319275498,0.,87.4082319972454));
#8744=CARTESIAN_POINT('',(-97.826319275498,-5.,87.4082319972454));
#8745=CARTESIAN_POINT('Origin',(-86.7263192754981,2.,96.9082313650426));
#8746=CARTESIAN_POINT('',(-88.3263192754981,1.5,96.9082313650426));
#8747=CARTESIAN_POINT('',(-88.8263192754981,2.,96.9082313650426));
#8748=CARTESIAN_POINT('Origin',(-86.7263192754981,1.5,96.9082313650426));
#8749=CARTESIAN_POINT('Origin',(-86.7263192754981,-5.,96.9082313650426));
#8750=CARTESIAN_POINT('',(-88.3263192754981,0.,96.9082313650426));
#8751=CARTESIAN_POINT('Origin',(-86.7263192754981,0.,96.9082313650426));
#8752=CARTESIAN_POINT('',(-88.3263192754981,-5.,96.9082313650426));
#8753=CARTESIAN_POINT('Origin',(-106.408231365043,2.,-96.2263186432953));
#8754=CARTESIAN_POINT('',(-109.008231365043,2.5,-96.2263186432953));
#8755=CARTESIAN_POINT('Origin',(-106.408231365043,2.5,-96.2263186432953));
#8756=CARTESIAN_POINT('',(-108.008231365043,1.5,-96.2263186432953));
#8757=CARTESIAN_POINT('',(-108.508231365043,2.,-96.2263186432953));
#8758=CARTESIAN_POINT('Origin',(-106.408231365043,1.5,-96.2263186432953));
#8759=CARTESIAN_POINT('Origin',(-96.9082321281788,2.5,-96.2263189593966));
#8760=CARTESIAN_POINT('',(-88.3977459667424,2.5,-77.8463944411621));
#8761=CARTESIAN_POINT('',(-90.7647982582749,2.5,-80.2081600416154));
#8762=CARTESIAN_POINT('',(-95.856176106864,2.5,-85.2881665501451));
#8763=CARTESIAN_POINT('',(-88.6764658440456,2.5,-86.0737257358347));
#8764=CARTESIAN_POINT('Ctrl Pts',(-88.6764658440456,2.50000000000001,-86.0737257358346));
#8765=CARTESIAN_POINT('Ctrl Pts',(-89.7958814659853,2.50000000000001,-85.1660987314127));
#8766=CARTESIAN_POINT('Ctrl Pts',(-90.9603698071894,2.50000000000001,-83.1552408103675));
#8767=CARTESIAN_POINT('Ctrl Pts',(-90.9123365101728,2.50000000000001,-80.9345553607974));
#8768=CARTESIAN_POINT('Ctrl Pts',(-90.7629009669403,2.50000000000001,-80.2085505668077));
#8769=CARTESIAN_POINT('',(-86.7372585133317,2.5,-88.0172738842497));
#8770=CARTESIAN_POINT('Origin',(-96.9082321281788,2.5,-96.2263189593966));
#8771=CARTESIAN_POINT('',(-80.8763768761482,2.5,-90.1187161557498));
#8772=CARTESIAN_POINT('Ctrl Pts',(-80.8767631590427,2.5,-90.1168179914475));
#8773=CARTESIAN_POINT('Ctrl Pts',(-81.6031002663144,2.5,-90.2646298533403));
#8774=CARTESIAN_POINT('Ctrl Pts',(-83.8238875622191,2.5,-90.3076976995084));
#8775=CARTESIAN_POINT('Ctrl Pts',(-85.8321367285725,2.5,-89.1387161112976));
#8776=CARTESIAN_POINT('Ctrl Pts',(-86.7372585133317,2.5,-88.0172738842497));
#8777=CARTESIAN_POINT('',(-78.5093245826458,2.5,-87.7569505572708));
#8778=CARTESIAN_POINT('',(-55.2517435615205,2.5,-64.5513141815438));
#8779=CARTESIAN_POINT('',(-81.4312902460621,2.5,-95.3811740146782));
#8780=CARTESIAN_POINT('Origin',(-71.4461664511481,2.5,-94.8359192116341));
#8781=CARTESIAN_POINT('',(-96.0284837178239,2.5,-80.7513054623273));
#8782=CARTESIAN_POINT('Origin',(-96.9082321281788,2.5,-96.2263189593966));
#8783=CARTESIAN_POINT('Origin',(-95.4609040982401,2.5,-70.7674257867987));
#8784=CARTESIAN_POINT('',(-99.5082319972453,2.5,-105.726318643295));
#8785=CARTESIAN_POINT('Origin',(-96.9082319972453,2.5,-105.726318643295));
#8786=CARTESIAN_POINT('',(-99.5082313650426,2.5,-86.7263192754981));
#8787=CARTESIAN_POINT('Origin',(-96.9082313650426,2.5,-86.7263192754981));
#8788=CARTESIAN_POINT('',(-93.4082321281788,2.5,-96.2263189593966));
#8789=CARTESIAN_POINT('Origin',(-96.9082321281788,2.5,-96.2263189593966));
#8790=CARTESIAN_POINT('',(-90.0082319972454,2.5,-96.2263192754981));
#8791=CARTESIAN_POINT('Origin',(-87.4082319972454,2.5,-96.2263192754981));
#8792=CARTESIAN_POINT('Origin',(-106.408231365043,-5.,-96.2263186432953));
#8793=CARTESIAN_POINT('',(-108.008231365043,0.,-96.2263186432953));
#8794=CARTESIAN_POINT('Origin',(-106.408231365043,0.,-96.2263186432953));
#8795=CARTESIAN_POINT('',(-108.008231365043,-5.,-96.2263186432953));
#8796=CARTESIAN_POINT('Origin',(-96.9082319972453,2.,-105.726318643295));
#8797=CARTESIAN_POINT('',(-98.5082319972453,1.5,-105.726318643295));
#8798=CARTESIAN_POINT('',(-99.0082319972453,2.,-105.726318643295));
#8799=CARTESIAN_POINT('Origin',(-96.9082319972453,1.5,-105.726318643295));
#8800=CARTESIAN_POINT('Origin',(-96.9082319972453,-5.,-105.726318643295));
#8801=CARTESIAN_POINT('',(-98.5082319972453,0.,-105.726318643295));
#8802=CARTESIAN_POINT('Origin',(-96.9082319972453,0.,-105.726318643295));
#8803=CARTESIAN_POINT('',(-98.5082319972453,-5.,-105.726318643295));
#8804=CARTESIAN_POINT('Origin',(-87.4082319972454,2.,-96.2263192754981));
#8805=CARTESIAN_POINT('',(-89.0082319972454,1.5,-96.2263192754981));
#8806=CARTESIAN_POINT('',(-89.5082319972454,2.,-96.2263192754981));
#8807=CARTESIAN_POINT('Origin',(-87.4082319972454,1.5,-96.2263192754981));
#8808=CARTESIAN_POINT('Origin',(-87.4082319972454,-5.,-96.2263192754981));
#8809=CARTESIAN_POINT('',(-89.0082319972454,0.,-96.2263192754981));
#8810=CARTESIAN_POINT('Origin',(-87.4082319972454,0.,-96.2263192754981));
#8811=CARTESIAN_POINT('',(-89.0082319972454,-5.,-96.2263192754981));
#8812=CARTESIAN_POINT('Origin',(-96.9082313650426,2.,-86.7263192754981));
#8813=CARTESIAN_POINT('',(-98.5082313650426,1.5,-86.7263192754981));
#8814=CARTESIAN_POINT('',(-99.0082313650426,2.,-86.7263192754981));
#8815=CARTESIAN_POINT('Origin',(-96.9082313650426,1.5,-86.7263192754981));
#8816=CARTESIAN_POINT('Origin',(-96.9082313650426,-5.,-86.7263192754981));
#8817=CARTESIAN_POINT('',(-98.5082313650426,0.,-86.7263192754981));
#8818=CARTESIAN_POINT('Origin',(-96.9082313650426,0.,-86.7263192754981));
#8819=CARTESIAN_POINT('',(-98.5082313650426,-5.,-86.7263192754981));
#8820=CARTESIAN_POINT('Origin',(105.726318643295,2.,-96.9082319972454));
#8821=CARTESIAN_POINT('',(103.126318643295,2.5,-96.9082319972454));
#8822=CARTESIAN_POINT('Origin',(105.726318643295,2.5,-96.9082319972454));
#8823=CARTESIAN_POINT('',(104.126318643295,1.5,-96.9082319972454));
#8824=CARTESIAN_POINT('',(103.626318643295,2.,-96.9082319972454));
#8825=CARTESIAN_POINT('Origin',(105.726318643295,1.5,-96.9082319972454));
#8826=CARTESIAN_POINT('Origin',(96.2263185123618,2.5,-96.9082321281788));
#8827=CARTESIAN_POINT('',(90.1187157087149,2.5,-80.8763768761482));
#8828=CARTESIAN_POINT('',(87.7569501102359,2.5,-78.5093245826457));
#8829=CARTESIAN_POINT('',(64.5513139274201,2.5,-55.2517437548634));
#8830=CARTESIAN_POINT('',(95.3811735676434,2.5,-81.4312902460621));
#8831=CARTESIAN_POINT('Origin',(94.8359187645993,2.5,-71.4461664511481));
#8832=CARTESIAN_POINT('',(80.7513050152924,2.5,-96.0284837178238));
#8833=CARTESIAN_POINT('Origin',(96.2263185123618,2.5,-96.9082321281788));
#8834=CARTESIAN_POINT('',(77.8463939941272,2.5,-88.3977459667423));
#8835=CARTESIAN_POINT('Origin',(70.7674253397638,2.5,-95.46090409824));
#8836=CARTESIAN_POINT('',(80.2081595945806,2.5,-90.7647982582749));
#8837=CARTESIAN_POINT('',(85.2881661031102,2.5,-95.8561761068639));
#8838=CARTESIAN_POINT('',(86.0737252887998,2.5,-88.6764658440455));
#8839=CARTESIAN_POINT('Ctrl Pts',(86.0737252887998,2.49999999999999,-88.6764658440455));
#8840=CARTESIAN_POINT('Ctrl Pts',(85.1660982843778,2.49999999999999,-89.7958814659854));
#8841=CARTESIAN_POINT('Ctrl Pts',(83.155240363333,2.49999999999999,-90.9603698071902));
#8842=CARTESIAN_POINT('Ctrl Pts',(80.9345549137627,2.49999999999999,-90.9123365101734));
#8843=CARTESIAN_POINT('Ctrl Pts',(80.2085501197728,2.49999999999999,-90.7629009669407));
#8844=CARTESIAN_POINT('',(88.0172734372149,2.5,-86.7372585133317));
#8845=CARTESIAN_POINT('Origin',(96.2263185123618,2.5,-96.9082321281788));
#8846=CARTESIAN_POINT('Ctrl Pts',(90.1168175444131,2.5,-80.8767631590426));
#8847=CARTESIAN_POINT('Ctrl Pts',(90.264629406306,2.5,-81.6031002663141));
#8848=CARTESIAN_POINT('Ctrl Pts',(90.3076972524745,2.5,-83.8238875622189));
#8849=CARTESIAN_POINT('Ctrl Pts',(89.138715664263,2.5,-85.8321367285723));
#8850=CARTESIAN_POINT('Ctrl Pts',(88.0172734372149,2.5,-86.7372585133317));
#8851=CARTESIAN_POINT('',(93.6263186432953,2.5,-106.408231365043));
#8852=CARTESIAN_POINT('Origin',(96.2263186432953,2.5,-106.408231365043));
#8853=CARTESIAN_POINT('',(93.626319275498,2.5,-87.4082319972454));
#8854=CARTESIAN_POINT('Origin',(96.226319275498,2.5,-87.4082319972454));
#8855=CARTESIAN_POINT('',(99.7263185123618,2.5,-96.9082321281788));
#8856=CARTESIAN_POINT('Origin',(96.2263185123618,2.5,-96.9082321281788));
#8857=CARTESIAN_POINT('',(84.1263192754981,2.5,-96.9082313650426));
#8858=CARTESIAN_POINT('Origin',(86.7263192754981,2.5,-96.9082313650426));
#8859=CARTESIAN_POINT('Origin',(105.726318643295,-5.,-96.9082319972454));
#8860=CARTESIAN_POINT('',(104.126318643295,0.,-96.9082319972454));
#8861=CARTESIAN_POINT('Origin',(105.726318643295,0.,-96.9082319972454));
#8862=CARTESIAN_POINT('',(104.126318643295,-5.,-96.9082319972454));
#8863=CARTESIAN_POINT('Origin',(96.2263186432953,2.,-106.408231365043));
#8864=CARTESIAN_POINT('',(94.6263186432953,1.5,-106.408231365043));
#8865=CARTESIAN_POINT('',(94.1263186432953,2.,-106.408231365043));
#8866=CARTESIAN_POINT('Origin',(96.2263186432953,1.5,-106.408231365043));
#8867=CARTESIAN_POINT('Origin',(96.2263186432953,-5.,-106.408231365043));
#8868=CARTESIAN_POINT('',(94.6263186432953,0.,-106.408231365043));
#8869=CARTESIAN_POINT('Origin',(96.2263186432953,0.,-106.408231365043));
#8870=CARTESIAN_POINT('',(94.6263186432953,-5.,-106.408231365043));
#8871=CARTESIAN_POINT('Origin',(86.7263192754981,2.,-96.9082313650426));
#8872=CARTESIAN_POINT('',(85.1263192754981,1.5,-96.9082313650426));
#8873=CARTESIAN_POINT('',(84.6263192754981,2.,-96.9082313650426));
#8874=CARTESIAN_POINT('Origin',(86.7263192754981,1.5,-96.9082313650426));
#8875=CARTESIAN_POINT('Origin',(86.7263192754981,-5.,-96.9082313650426));
#8876=CARTESIAN_POINT('',(85.1263192754981,0.,-96.9082313650426));
#8877=CARTESIAN_POINT('Origin',(86.7263192754981,0.,-96.9082313650426));
#8878=CARTESIAN_POINT('',(85.1263192754981,-5.,-96.9082313650426));
#8879=CARTESIAN_POINT('Origin',(96.226319275498,2.,-87.4082319972454));
#8880=CARTESIAN_POINT('',(94.626319275498,1.5,-87.4082319972454));
#8881=CARTESIAN_POINT('',(94.126319275498,2.,-87.4082319972454));
#8882=CARTESIAN_POINT('Origin',(96.226319275498,1.5,-87.4082319972454));
#8883=CARTESIAN_POINT('Origin',(96.226319275498,-5.,-87.4082319972454));
#8884=CARTESIAN_POINT('',(94.626319275498,0.,-87.4082319972454));
#8885=CARTESIAN_POINT('Origin',(96.226319275498,0.,-87.4082319972454));
#8886=CARTESIAN_POINT('',(94.626319275498,-5.,-87.4082319972454));
#8887=CARTESIAN_POINT('Ctrl Pts',(86.7372580662968,2.5,88.0172734372149));
#8888=CARTESIAN_POINT('Ctrl Pts',(85.8321362815377,2.5,89.1387156642627));
#8889=CARTESIAN_POINT('Ctrl Pts',(83.6215854154251,2.5,90.4254550318611));
#8890=CARTESIAN_POINT('Ctrl Pts',(80.1662930719953,2.5,90.1709323111859));
#8891=CARTESIAN_POINT('Ctrl Pts',(78.4827352106184,2.5,89.142846006521));
#8892=CARTESIAN_POINT('Ctrl Pts',(77.8025124547979,2.5,88.4643522388382));
#8893=CARTESIAN_POINT('Ctrl Pts',(86.4905155696232,2.5,87.8181263000921));
#8894=CARTESIAN_POINT('Ctrl Pts',(85.6334617161303,2.499985718572,88.8795294143693));
#8895=CARTESIAN_POINT('Ctrl Pts',(83.5410426813218,2.49960166433917,90.0983939552048));
#8896=CARTESIAN_POINT('Ctrl Pts',(80.2668192355598,2.49983688953943,89.8641178635503));
#8897=CARTESIAN_POINT('Ctrl Pts',(78.6640576716898,2.49981091417076,88.8944899789904));
#8898=CARTESIAN_POINT('Ctrl Pts',(78.0138098615341,2.5,88.2525163883797));
#8899=CARTESIAN_POINT('Ctrl Pts',(86.0647417806439,2.78432678434019,87.474482086873));
#8900=CARTESIAN_POINT('Ctrl Pts',(85.2898902982331,2.7848949929669,88.4332869887993));
#8901=CARTESIAN_POINT('Ctrl Pts',(83.4031387428726,2.78297839250082,89.536061208232));
#8902=CARTESIAN_POINT('Ctrl Pts',(80.4390974376813,2.77163257517244,89.3355037341793));
#8903=CARTESIAN_POINT('Ctrl Pts',(78.9778264211973,2.75952022573985,88.4655714468341));
#8904=CARTESIAN_POINT('Ctrl Pts',(78.3794834685662,2.75130069861564,87.8859109447429));
#8905=CARTESIAN_POINT('Ctrl Pts',(85.94517172501,3.35698534999776,87.3779764804772));
#8906=CARTESIAN_POINT('Ctrl Pts',(85.1942353076613,3.35834752433983,88.3079914765783));
#8907=CARTESIAN_POINT('Ctrl Pts',(83.3613980139824,3.35367533834928,89.3759620049649));
#8908=CARTESIAN_POINT('Ctrl Pts',(80.4902464298966,3.32623861371629,89.1709108951533));
#8909=CARTESIAN_POINT('Ctrl Pts',(79.0819374480966,3.29630446442939,88.3203984461407));
#8910=CARTESIAN_POINT('Ctrl Pts',(78.508719972398,3.27560654310761,87.7563451108674));
#8911=CARTESIAN_POINT('Ctrl Pts',(85.9625208068074,3.59375,87.3919790135561));
#8912=CARTESIAN_POINT('Ctrl Pts',(85.2083557188657,3.59529385322909,88.3266179733202));
#8913=CARTESIAN_POINT('Ctrl Pts',(83.3659090348544,3.5898851827482,89.3985766498791));
#8914=CARTESIAN_POINT('Ctrl Pts',(80.4842059960554,3.5586337700932,89.1841688433315));
#8915=CARTESIAN_POINT('Ctrl Pts',(79.0781728622058,3.52409692117251,88.324353031369));
#8916=CARTESIAN_POINT('Ctrl Pts',(78.5087188596924,3.50000702141824,87.7563462264085));
#8917=CARTESIAN_POINT('',(78.5088371388224,3.50001202485971,87.7564642011305));
#8918=CARTESIAN_POINT('Ctrl Pts',(78.5087188102428,3.49963211288842,87.7563462764318));
#8919=CARTESIAN_POINT('Ctrl Pts',(78.5114928717234,3.49790892135519,87.7591142189339));
#8920=CARTESIAN_POINT('Ctrl Pts',(78.5125840732642,3.49727098373915,87.7602028745342));
#8921=CARTESIAN_POINT('Ctrl Pts',(78.5145649457392,3.49602972450423,87.7621794712755));
#8922=CARTESIAN_POINT('Ctrl Pts',(78.5223867557139,3.4911284024921,87.7699843977928));
#8923=CARTESIAN_POINT('Ctrl Pts',(78.5412445948455,3.47939180457769,87.7888029659302));
#8924=CARTESIAN_POINT('Ctrl Pts',(78.5652605646672,3.46443388355249,87.8127762892781));
#8925=CARTESIAN_POINT('Ctrl Pts',(78.587388937943,3.45065161857076,87.8348653679887));
#8926=CARTESIAN_POINT('Ctrl Pts',(78.6138976107299,3.43413306242639,87.861332454494));
#8927=CARTESIAN_POINT('Ctrl Pts',(78.640204950249,3.4177577082721,87.8876012409094));
#8928=CARTESIAN_POINT('Ctrl Pts',(78.6547068111326,3.40873083165876,87.9020818494824));
#8929=CARTESIAN_POINT('Ctrl Pts',(78.6691477155198,3.39974864655402,87.9165021531564));
#8930=CARTESIAN_POINT('Ctrl Pts',(78.6827585260057,3.39129747051758,87.930092247484));
#8931=CARTESIAN_POINT('Ctrl Pts',(78.7392636082235,3.35621253584231,87.9865113268713));
#8932=CARTESIAN_POINT('Ctrl Pts',(78.7959033285329,3.32120217849406,88.0430538898774));
#8933=CARTESIAN_POINT('Ctrl Pts',(78.8525815036437,3.28651691438774,88.0995930054988));
#8934=CARTESIAN_POINT('Ctrl Pts',(78.9197846586605,3.24539069294575,88.1666312780647));
#8935=CARTESIAN_POINT('Ctrl Pts',(78.987314407065,3.2045541351469,88.2339350374198));
#8936=CARTESIAN_POINT('Ctrl Pts',(79.0550545975238,3.1644018579618,88.3013873622582));
#8937=CARTESIAN_POINT('Ctrl Pts',(79.1021101508522,3.13651017936529,88.3482429504558));
#8938=CARTESIAN_POINT('Ctrl Pts',(79.1492664927774,3.1089493759901,88.3951705669298));
#8939=CARTESIAN_POINT('Ctrl Pts',(79.1964725126545,3.0818590684694,88.4421351476371));
#8940=CARTESIAN_POINT('Ctrl Pts',(79.2590592353163,3.0459421754961,88.5044017652276));
#8941=CARTESIAN_POINT('Ctrl Pts',(79.3221349462697,3.01061779629773,88.5671323954609));
#8942=CARTESIAN_POINT('Ctrl Pts',(79.385592101239,2.97625542168115,88.6302914218998));
#8943=CARTESIAN_POINT('Ctrl Pts',(79.4384705618529,2.94762146427098,88.6829214538256));
#8944=CARTESIAN_POINT('Ctrl Pts',(79.4916136629844,2.91965626497885,88.735849336299));
#8945=CARTESIAN_POINT('Ctrl Pts',(79.5449466456459,2.89259630709431,88.7890641221008));
#8946=CARTESIAN_POINT('Ctrl Pts',(79.6045470012284,2.86235642491476,88.8485323910362));
#8947=CARTESIAN_POINT('Ctrl Pts',(79.6643866871217,2.83324779428736,88.9083610954005));
#8948=CARTESIAN_POINT('Ctrl Pts',(79.7244047737559,2.80547712894359,88.9684021723908));
#8949=CARTESIAN_POINT('Ctrl Pts',(79.7797117592287,2.77988631339325,89.0237303435989));
#8950=CARTESIAN_POINT('Ctrl Pts',(79.8351701533779,2.75543185362063,89.0792386091753));
#8951=CARTESIAN_POINT('Ctrl Pts',(79.8906965496508,2.73228786626233,89.1348003530494));
#8952=CARTESIAN_POINT('Ctrl Pts',(79.937367680365,2.7128348469463,89.1815011941829));
#8953=CARTESIAN_POINT('Ctrl Pts',(79.985643714085,2.69367601042995,89.229771651379));
#8954=CARTESIAN_POINT('Ctrl Pts',(80.0353325951364,2.67515822560634,89.2794179273109));
#8955=CARTESIAN_POINT('Ctrl Pts',(80.0856399190213,2.65640996283531,89.3296821157999));
#8956=CARTESIAN_POINT('Ctrl Pts',(80.1373963905869,2.63831851406258,89.381357230628));
#8957=CARTESIAN_POINT('Ctrl Pts',(80.1903877169029,2.62129470971154,89.4342222387431));
#8958=CARTESIAN_POINT('Ctrl Pts',(80.2388788401704,2.60571662452935,89.4825977711794));
#8959=CARTESIAN_POINT('Ctrl Pts',(80.288404428457,2.59103303729784,89.5319697587206));
#8960=CARTESIAN_POINT('Ctrl Pts',(80.3387787828642,2.57759820112752,89.5821478548562));
#8961=CARTESIAN_POINT('Ctrl Pts',(80.343453758571,2.57635138549167,89.5868046168773));
#8962=CARTESIAN_POINT('Ctrl Pts',(80.34813602523,2.57511535248393,89.5914683051563));
#8963=CARTESIAN_POINT('Ctrl Pts',(80.3528254219901,2.57389040221638,89.596138757147));
#8964=CARTESIAN_POINT('Ctrl Pts',(80.4007205191019,2.56137938746909,89.643840362086));
#8965=CARTESIAN_POINT('Ctrl Pts',(80.4493618687882,2.55002182295012,89.6922492735097));
#8966=CARTESIAN_POINT('Ctrl Pts',(80.4985555485291,2.54015505349446,89.7411923340347));
#8967=CARTESIAN_POINT('Ctrl Pts',(80.5465595485102,2.5305268979416,89.788951775672));
#8968=CARTESIAN_POINT('Ctrl Pts',(80.5950898549672,2.5223183927177,89.8372199612028));
#8969=CARTESIAN_POINT('Ctrl Pts',(80.6439343463734,2.5158728011523,89.8858146460417));
#8970=CARTESIAN_POINT('Ctrl Pts',(80.6913339777593,2.50961787545918,89.932971860343));
#8971=CARTESIAN_POINT('Ctrl Pts',(80.7390297136038,2.50502323257935,89.9804365783622));
#8972=CARTESIAN_POINT('Ctrl Pts',(80.7867929659658,2.5024293931153,90.0280208612509));
#8973=CARTESIAN_POINT('Ctrl Pts',(80.8163957719013,2.50082177800357,90.0575127451214));
#8974=CARTESIAN_POINT('Ctrl Pts',(80.8460238105774,2.49998325387523,90.0870501322652));
#8975=CARTESIAN_POINT('Ctrl Pts',(80.8756151052672,2.5,90.1165838873368));
#8976=CARTESIAN_POINT('',(85.9625208068074,3.59375000000053,87.3919790135561));
#8977=CARTESIAN_POINT('Origin',(86.7372580662968,3.5,88.0172734372149));
#8978=CARTESIAN_POINT('Ctrl Pts',(85.9625208068074,3.59375,87.3919790135561));
#8979=CARTESIAN_POINT('Ctrl Pts',(85.2083557188657,3.59529385322909,88.3266179733202));
#8980=CARTESIAN_POINT('Ctrl Pts',(83.3659090348544,3.5898851827482,89.3985766498791));
#8981=CARTESIAN_POINT('Ctrl Pts',(80.484262999679,3.55863438828451,89.1841730845811));
#8982=CARTESIAN_POINT('Ctrl Pts',(79.078270208209,3.52409931228696,88.3244125592283));
#8983=CARTESIAN_POINT('Ctrl Pts',(78.5088371388548,3.50001202486193,87.7564642010773));
#8984=CARTESIAN_POINT('Origin',(96.9082316811439,3.5,96.2263185123618));
#8985=CARTESIAN_POINT('',(88.0494402671433,3.59375,85.3003880893746));
#8986=CARTESIAN_POINT('Origin',(88.6764653970107,3.5,86.0737252887998));
#8987=CARTESIAN_POINT('Origin',(96.9082316811439,3.59375,96.2263185123618));
#8988=CARTESIAN_POINT('Ctrl Pts',(88.0494402671433,3.59375,85.3003880893746));
#8989=CARTESIAN_POINT('Ctrl Pts',(88.9823906195079,3.59529385322907,84.5441350860978));
#8990=CARTESIAN_POINT('Ctrl Pts',(90.050227015486,3.58988518260727,82.6992961713258));
#8991=CARTESIAN_POINT('Ctrl Pts',(89.829376414661,3.55863377000254,79.8180797376937));
#8992=CARTESIAN_POINT('Ctrl Pts',(88.9664189365489,3.52409692117476,78.4139726175704));
#8993=CARTESIAN_POINT('Ctrl Pts',(88.3971402841011,3.50000702142139,77.8457900700469));
#8994=CARTESIAN_POINT('Ctrl Pts',(88.0307185476032,3.27806379999702,85.2772977833121));
#8995=CARTESIAN_POINT('Ctrl Pts',(88.9569863176517,3.27935940414936,84.5257752004288));
#8996=CARTESIAN_POINT('Ctrl Pts',(90.0189486900865,3.27476110822195,82.6926985711466));
#8997=CARTESIAN_POINT('Ctrl Pts',(89.8109272941811,3.24869614088358,79.8268515426588));
#8998=CARTESIAN_POINT('Ctrl Pts',(88.960815952806,3.22028531811866,78.4188781470986));
#8999=CARTESIAN_POINT('Ctrl Pts',(88.3971388000333,3.20080638367328,77.845791556977));
#9000=CARTESIAN_POINT('Ctrl Pts',(88.1766927703632,2.70666653342687,85.4573341028154));
#9001=CARTESIAN_POINT('Ctrl Pts',(89.1471327556649,2.70707131926545,84.6695489577138));
#9002=CARTESIAN_POINT('Ctrl Pts',(90.2608646350549,2.70564536023735,82.7541676709991));
#9003=CARTESIAN_POINT('Ctrl Pts',(90.0496916599892,2.69755389071078,79.7499348432178));
#9004=CARTESIAN_POINT('Ctrl Pts',(89.1637597896919,2.68887209234455,78.2720734375621));
#9005=CARTESIAN_POINT('Ctrl Pts',(88.5746613781968,2.68300471597113,77.6679265873281));
#9006=CARTESIAN_POINT('Ctrl Pts',(88.5266916406898,2.5,85.8890028402992));
#9007=CARTESIAN_POINT('Ctrl Pts',(89.601517053511,2.49999492902061,85.0172474621604));
#9008=CARTESIAN_POINT('Ctrl Pts',(90.8330022425309,2.49986428612414,82.8932573937263));
#9009=CARTESIAN_POINT('Ctrl Pts',(90.5860217892534,2.49994712086472,79.5734072099077));
#9010=CARTESIAN_POINT('Ctrl Pts',(89.5978482698853,2.4999378816001,77.9531986315964));
#9011=CARTESIAN_POINT('Ctrl Pts',(88.9450433348245,2.49999999999999,77.2968302673243));
#9012=CARTESIAN_POINT('Ctrl Pts',(88.6764653970107,2.5,86.0737252887998));
#9013=CARTESIAN_POINT('Ctrl Pts',(89.7958810189506,2.5,85.1660982843778));
#9014=CARTESIAN_POINT('Ctrl Pts',(91.077674510106,2.5,82.9526758707494));
#9015=CARTESIAN_POINT('Ctrl Pts',(90.8154265811355,2.49999999999999,79.4979612605667));
#9016=CARTESIAN_POINT('Ctrl Pts',(89.7835785003464,2.49999999999999,77.8167063498182));
#9017=CARTESIAN_POINT('Ctrl Pts',(89.1035654886166,2.49999999999999,77.1380023685602));
#9018=CARTESIAN_POINT('',(88.3972585229165,3.5000120248596,77.8459080850192));
#9019=CARTESIAN_POINT('Ctrl Pts',(90.7626642980164,2.49999999999999,80.2074030412063));
#9020=CARTESIAN_POINT('Ctrl Pts',(90.7146382302741,2.49998794619502,80.1593821175559));
#9021=CARTESIAN_POINT('Ctrl Pts',(90.6663836471529,2.50216210330836,80.1111542150181));
#9022=CARTESIAN_POINT('Ctrl Pts',(90.6180648066946,2.50623611704682,80.0628820317661));
#9023=CARTESIAN_POINT('Ctrl Pts',(90.5685562840462,2.51041043910273,80.0134213150942));
#9024=CARTESIAN_POINT('Ctrl Pts',(90.5189800348609,2.51657940158911,79.9639140114061));
#9025=CARTESIAN_POINT('Ctrl Pts',(90.4694809036022,2.52447049422338,79.9145057900103));
#9026=CARTESIAN_POINT('Ctrl Pts',(90.4179959557016,2.53267816338491,79.8631153991136));
#9027=CARTESIAN_POINT('Ctrl Pts',(90.3665942196861,2.54274890952589,79.8118321240107));
#9028=CARTESIAN_POINT('Ctrl Pts',(90.3154083068423,2.55441359205688,79.7607897773219));
#9029=CARTESIAN_POINT('Ctrl Pts',(90.2903374330518,2.56012695667796,79.7357892222725));
#9030=CARTESIAN_POINT('Ctrl Pts',(90.2653179057485,2.56622327130604,79.7108460268103));
#9031=CARTESIAN_POINT('Ctrl Pts',(90.2403630559354,2.57267399022632,79.6859735405355));
#9032=CARTESIAN_POINT('Ctrl Pts',(90.1865806551442,2.58657650428513,79.6323686486799));
#9033=CARTESIAN_POINT('Ctrl Pts',(90.1331001566536,2.6021226526946,79.5790939994188));
#9034=CARTESIAN_POINT('Ctrl Pts',(90.0800522131034,2.61905612911132,79.5262515946696));
#9035=CARTESIAN_POINT('Ctrl Pts',(90.0674047929102,2.6230933222095,79.5136531779892));
#9036=CARTESIAN_POINT('Ctrl Pts',(90.0547818574173,2.62720954522107,79.5010792081203));
#9037=CARTESIAN_POINT('Ctrl Pts',(90.042184995242,2.63140164075012,79.4885308466273));
#9038=CARTESIAN_POINT('Ctrl Pts',(89.9843189227499,2.65065882562691,79.4308875712065));
#9039=CARTESIAN_POINT('Ctrl Pts',(89.9265107821746,2.67167662196218,79.3732790445726));
#9040=CARTESIAN_POINT('Ctrl Pts',(89.8689285273821,2.69424151337159,79.315813241597));
#9041=CARTESIAN_POINT('Ctrl Pts',(89.8391063647819,2.70592799322712,79.2860513900254));
#9042=CARTESIAN_POINT('Ctrl Pts',(89.8093444659082,2.71802974012052,79.2563270434958));
#9043=CARTESIAN_POINT('Ctrl Pts',(89.7796640401045,2.73051896399945,79.2266505617964));
#9044=CARTESIAN_POINT('Ctrl Pts',(89.7185293738502,2.75624381507348,79.1655240194654));
#9045=CARTESIAN_POINT('Ctrl Pts',(89.6577391397248,2.78360932935622,79.1046019147745));
#9046=CARTESIAN_POINT('Ctrl Pts',(89.5973225414191,2.81223234648581,79.0440166463831));
#9047=CARTESIAN_POINT('Ctrl Pts',(89.5352982451624,2.84161702791425,78.9818191916956));
#9048=CARTESIAN_POINT('Ctrl Pts',(89.4736676608481,2.87232699630779,78.9199764388767));
#9049=CARTESIAN_POINT('Ctrl Pts',(89.4124719315148,2.90399476550702,78.858604122985));
#9050=CARTESIAN_POINT('Ctrl Pts',(89.3719463083405,2.92496609954158,78.8179615589653));
#9051=CARTESIAN_POINT('Ctrl Pts',(89.3316115834521,2.94635844872398,78.7775247547827));
#9052=CARTESIAN_POINT('Ctrl Pts',(89.2914822213713,2.96807604223028,78.7373218328822));
#9053=CARTESIAN_POINT('Ctrl Pts',(89.225524687821,3.00377157358297,78.6712433947369));
#9054=CARTESIAN_POINT('Ctrl Pts',(89.1596211933228,3.04061640733485,78.6052977773342));
#9055=CARTESIAN_POINT('Ctrl Pts',(89.0938866325417,3.07824930087755,78.5396280258371));
#9056=CARTESIAN_POINT('Ctrl Pts',(89.0271214317146,3.11647223361226,78.472928650427));
#9057=CARTESIAN_POINT('Ctrl Pts',(88.9605305305597,3.15550777731217,78.406513550429));
#9058=CARTESIAN_POINT('Ctrl Pts',(88.8942398303805,3.19500422609993,78.3404868019652));
#9059=CARTESIAN_POINT('Ctrl Pts',(88.8772854992625,3.20510573157385,78.3235999784278));
#9060=CARTESIAN_POINT('Ctrl Pts',(88.8603508326718,3.21523753555696,78.3067383399139));
#9061=CARTESIAN_POINT('Ctrl Pts',(88.8434379971783,3.22539407218369,78.2899031889105));
#9062=CARTESIAN_POINT('Ctrl Pts',(88.7780587158292,3.26465579538253,78.2248242094319));
#9063=CARTESIAN_POINT('Ctrl Pts',(88.7127032212977,3.30446862809396,78.159844117297));
#9064=CARTESIAN_POINT('Ctrl Pts',(88.6475351513893,3.34451208935859,78.0950469025673));
#9065=CARTESIAN_POINT('Ctrl Pts',(88.6389670355568,3.34977689181371,78.086527545738));
#9066=CARTESIAN_POINT('Ctrl Pts',(88.6304021565158,3.35504570355339,78.0780112801074));
#9067=CARTESIAN_POINT('Ctrl Pts',(88.6218408837751,3.36031781825619,78.0694982337854));
#9068=CARTESIAN_POINT('Ctrl Pts',(88.5906840717497,3.37950448497563,78.0385169308823));
#9069=CARTESIAN_POINT('Ctrl Pts',(88.5579306526658,3.39977918112574,78.0059470353174));
#9070=CARTESIAN_POINT('Ctrl Pts',(88.5274831760192,3.41866346292301,77.9756490295752));
#9071=CARTESIAN_POINT('Ctrl Pts',(88.4987106376848,3.43650890634801,77.9470177396397));
#9072=CARTESIAN_POINT('Ctrl Pts',(88.4719941179115,3.45310979789428,77.9204121883972));
#9073=CARTESIAN_POINT('Ctrl Pts',(88.4506064505972,3.46640178630334,77.8991000124659));
#9074=CARTESIAN_POINT('Ctrl Pts',(88.4260612412319,3.4816561211303,77.8746414395615));
#9075=CARTESIAN_POINT('Ctrl Pts',(88.4085328103117,3.49255550751759,77.8571555371075));
#9076=CARTESIAN_POINT('Ctrl Pts',(88.4029863044244,3.49603023404347,77.8516224597204));
#9077=CARTESIAN_POINT('Ctrl Pts',(88.4010053349161,3.49727125450524,77.8496462862856));
#9078=CARTESIAN_POINT('Ctrl Pts',(88.3999142737182,3.49790907594076,77.8485576559882));
#9079=CARTESIAN_POINT('Ctrl Pts',(88.397140335554,3.49963211494794,77.8457900189423));
#9080=CARTESIAN_POINT('Ctrl Pts',(88.3972585228633,3.50001202486182,77.8459080850518));
#9081=CARTESIAN_POINT('Ctrl Pts',(88.9664786818809,3.52409931228764,78.4140698301659));
#9082=CARTESIAN_POINT('Ctrl Pts',(89.8293807833542,3.55863438819344,79.8181367316544));
#9083=CARTESIAN_POINT('Ctrl Pts',(90.050227015486,3.58988518260727,82.6992961713258));
#9084=CARTESIAN_POINT('Ctrl Pts',(88.9823906195079,3.59529385322907,84.5441350860978));
#9085=CARTESIAN_POINT('Ctrl Pts',(88.0494402671433,3.59375,85.3003880893746));
#9086=CARTESIAN_POINT('Ctrl Pts',(-88.0172738842497,2.5,86.7372580662969));
#9087=CARTESIAN_POINT('Ctrl Pts',(-89.1387161112973,2.5,85.8321362815379));
#9088=CARTESIAN_POINT('Ctrl Pts',(-90.4254554788949,2.5,83.6215854154252));
#9089=CARTESIAN_POINT('Ctrl Pts',(-90.1709327582206,2.5,80.1662930719965));
#9090=CARTESIAN_POINT('Ctrl Pts',(-89.1428464535567,2.5,78.4827352106198));
#9091=CARTESIAN_POINT('Ctrl Pts',(-88.4643526858743,2.5,77.8025124547992));
#9092=CARTESIAN_POINT('Ctrl Pts',(-87.818126747127,2.5,86.4905155696233));
#9093=CARTESIAN_POINT('Ctrl Pts',(-88.879529861404,2.499985718572,85.6334617161305));
#9094=CARTESIAN_POINT('Ctrl Pts',(-90.0983944022385,2.49960166433909,83.541042681322));
#9095=CARTESIAN_POINT('Ctrl Pts',(-89.864118310585,2.49983688953937,80.2668192355609));
#9096=CARTESIAN_POINT('Ctrl Pts',(-88.8944904260261,2.49981091417076,78.6640576716911));
#9097=CARTESIAN_POINT('Ctrl Pts',(-88.2525168354157,2.5,78.0138098615354));
#9098=CARTESIAN_POINT('Ctrl Pts',(-87.4744825339079,2.78432678434035,86.0647417806441));
#9099=CARTESIAN_POINT('Ctrl Pts',(-88.4332874358344,2.78489499296705,85.2898902982331));
#9100=CARTESIAN_POINT('Ctrl Pts',(-89.5360616552662,2.78297839250098,83.4031387428727));
#9101=CARTESIAN_POINT('Ctrl Pts',(-89.3355041812143,2.7716325751726,80.4390974376823));
#9102=CARTESIAN_POINT('Ctrl Pts',(-88.4655718938698,2.75952022574,78.9778264211983));
#9103=CARTESIAN_POINT('Ctrl Pts',(-87.8859113917789,2.75130069861579,78.3794834685672));
#9104=CARTESIAN_POINT('Ctrl Pts',(-87.377976927512,3.35698534999776,85.9451717250101));
#9105=CARTESIAN_POINT('Ctrl Pts',(-88.3079919236133,3.35834752433983,85.1942353076611));
#9106=CARTESIAN_POINT('Ctrl Pts',(-89.3759624519988,3.35367533834932,83.3613980139824));
#9107=CARTESIAN_POINT('Ctrl Pts',(-89.1709113421881,3.32623861371633,80.4902464298976));
#9108=CARTESIAN_POINT('Ctrl Pts',(-88.3203988931763,3.29630446442941,79.0819374480977));
#9109=CARTESIAN_POINT('Ctrl Pts',(-87.7563455579033,3.27560654310764,78.5087199723991));
#9110=CARTESIAN_POINT('Ctrl Pts',(-87.3919794605909,3.59375,85.9625208068074));
#9111=CARTESIAN_POINT('Ctrl Pts',(-88.3266184203553,3.59529385322909,85.2083557188656));
#9112=CARTESIAN_POINT('Ctrl Pts',(-89.3985770969131,3.58988518274822,83.3659090348545));
#9113=CARTESIAN_POINT('Ctrl Pts',(-89.1841692903664,3.55863377009323,80.4842059960563));
#9114=CARTESIAN_POINT('Ctrl Pts',(-88.3243534784046,3.52409692117254,79.0781728622069));
#9115=CARTESIAN_POINT('Ctrl Pts',(-87.7563466734444,3.50000702141828,78.5087188596935));
#9116=CARTESIAN_POINT('',(-87.7564646481667,3.50001202485977,78.5088371388238));
#9117=CARTESIAN_POINT('Ctrl Pts',(-87.7563467234677,3.49963211288771,78.5087188102439));
#9118=CARTESIAN_POINT('Ctrl Pts',(-87.7591146659708,3.49790892135318,78.5114928717255));
#9119=CARTESIAN_POINT('Ctrl Pts',(-87.7602033215704,3.49727098373237,78.5125840732657));
#9120=CARTESIAN_POINT('Ctrl Pts',(-87.7621799183132,3.49602972449794,78.5145649457421));
#9121=CARTESIAN_POINT('Ctrl Pts',(-87.7699848450338,3.49112840236369,78.5223867559206));
#9122=CARTESIAN_POINT('Ctrl Pts',(-87.7888034133165,3.47939180435943,78.5412445951978));
#9123=CARTESIAN_POINT('Ctrl Pts',(-87.8127767368664,3.46443388320803,78.5652605652218));
#9124=CARTESIAN_POINT('Ctrl Pts',(-87.8348658157166,3.45065161813909,78.5873889386374));
#9125=CARTESIAN_POINT('Ctrl Pts',(-87.8613329023911,3.4341330618882,78.6138976115935));
#9126=CARTESIAN_POINT('Ctrl Pts',(-87.8876016891245,3.41775770753623,78.640204951431));
#9127=CARTESIAN_POINT('Ctrl Pts',(-87.9020822972138,3.40873083122473,78.6547068118301));
#9128=CARTESIAN_POINT('Ctrl Pts',(-87.9165026004547,3.39974864639006,78.6691477157837));
#9129=CARTESIAN_POINT('Ctrl Pts',(-87.9300926945251,3.39129747051356,78.682758526012));
#9130=CARTESIAN_POINT('Ctrl Pts',(-87.9865117739296,3.35621253582766,78.739263608247));
#9131=CARTESIAN_POINT('Ctrl Pts',(-88.0430543369212,3.32120217848849,78.795903328542));
#9132=CARTESIAN_POINT('Ctrl Pts',(-88.099593452538,3.28651691438502,78.8525815036482));
#9133=CARTESIAN_POINT('Ctrl Pts',(-88.166631725109,3.24539069293998,78.91978465867));
#9134=CARTESIAN_POINT('Ctrl Pts',(-88.2339354844684,3.20455413513855,78.9873144070788));
#9135=CARTESIAN_POINT('Ctrl Pts',(-88.301387809311,3.16440185795108,79.0550545975419));
#9136=CARTESIAN_POINT('Ctrl Pts',(-88.3482433975026,3.13651017935826,79.1021101508643));
#9137=CARTESIAN_POINT('Ctrl Pts',(-88.3951710139705,3.10894937598673,79.1492664927833));
#9138=CARTESIAN_POINT('Ctrl Pts',(-88.4421355946717,3.08185906846952,79.1964725126543));
#9139=CARTESIAN_POINT('Ctrl Pts',(-88.5044022122625,3.04594217549602,79.2590592353164));
#9140=CARTESIAN_POINT('Ctrl Pts',(-88.5671328424962,3.01061779629746,79.3221349462701));
#9141=CARTESIAN_POINT('Ctrl Pts',(-88.6302918689355,2.9762554216807,79.3855921012398));
#9142=CARTESIAN_POINT('Ctrl Pts',(-88.682921900861,2.94762146427071,79.4384705618534));
#9143=CARTESIAN_POINT('Ctrl Pts',(-88.735849783334,2.91965626497875,79.4916136629846));
#9144=CARTESIAN_POINT('Ctrl Pts',(-88.7890645691355,2.89259630709438,79.5449466456458));
#9145=CARTESIAN_POINT('Ctrl Pts',(-88.8485328380707,2.86235642491492,79.6045470012281));
#9146=CARTESIAN_POINT('Ctrl Pts',(-88.9083615424349,2.8332477942876,79.6643866871213));
#9147=CARTESIAN_POINT('Ctrl Pts',(-88.968402619425,2.80547712894391,79.7244047737552));
#9148=CARTESIAN_POINT('Ctrl Pts',(-89.0237307906285,2.77988631339568,79.7797117592234));
#9149=CARTESIAN_POINT('Ctrl Pts',(-89.0792390562003,2.75543185362498,79.835170153368));
#9150=CARTESIAN_POINT('Ctrl Pts',(-89.1348008000697,2.73228786626838,79.8906965496363));
#9151=CARTESIAN_POINT('Ctrl Pts',(-89.1815016412035,2.712834846952,79.9373676803509));
#9152=CARTESIAN_POINT('Ctrl Pts',(-89.2297720983999,2.69367601043532,79.9856437140711));
#9153=CARTESIAN_POINT('Ctrl Pts',(-89.2794183743321,2.67515822561139,80.0353325951229));
#9154=CARTESIAN_POINT('Ctrl Pts',(-89.3296825628234,2.6564099628393,80.08563991901));
#9155=CARTESIAN_POINT('Ctrl Pts',(-89.3813576776538,2.63831851406557,80.137396390578));
#9156=CARTESIAN_POINT('Ctrl Pts',(-89.4342226857712,2.62129470971364,80.1903877168964));
#9157=CARTESIAN_POINT('Ctrl Pts',(-89.4825982182078,2.60571662453126,80.2388788401641));
#9158=CARTESIAN_POINT('Ctrl Pts',(-89.5319702057491,2.59103303729957,80.2884044284509));
#9159=CARTESIAN_POINT('Ctrl Pts',(-89.5821483018848,2.57759820112908,80.3387787828583));
#9160=CARTESIAN_POINT('Ctrl Pts',(-89.5868050639083,2.57635138549262,80.3434537585673));
#9161=CARTESIAN_POINT('Ctrl Pts',(-89.5914687521894,2.57511535248427,80.3481360252286));
#9162=CARTESIAN_POINT('Ctrl Pts',(-89.5961392041824,2.57389040221614,80.3528254219909));
#9163=CARTESIAN_POINT('Ctrl Pts',(-89.6438408091217,2.56137938746878,80.400720519103));
#9164=CARTESIAN_POINT('Ctrl Pts',(-89.6922497205457,2.55002182294977,80.4493618687896));
#9165=CARTESIAN_POINT('Ctrl Pts',(-89.7411927810709,2.54015505349409,80.4985555485308));
#9166=CARTESIAN_POINT('Ctrl Pts',(-89.7889522227086,2.53052689794117,80.5465595485123));
#9167=CARTESIAN_POINT('Ctrl Pts',(-89.8372204082399,2.52231839271726,80.5950898549697));
#9168=CARTESIAN_POINT('Ctrl Pts',(-89.8858150930791,2.51587280115188,80.6439343463763));
#9169=CARTESIAN_POINT('Ctrl Pts',(-89.9329723073807,2.5096178754588,80.6913339777625));
#9170=CARTESIAN_POINT('Ctrl Pts',(-89.9804370254001,2.50502323257904,80.7390297136072));
#9171=CARTESIAN_POINT('Ctrl Pts',(-90.0280213082891,2.50242939311508,80.7867929659694));
#9172=CARTESIAN_POINT('Ctrl Pts',(-90.0575131921583,2.50082177800349,80.8163957719037));
#9173=CARTESIAN_POINT('Ctrl Pts',(-90.0870505793008,2.49998325387523,80.8460238105785));
#9174=CARTESIAN_POINT('Ctrl Pts',(-90.1165843343712,2.5,80.875615105267));
#9175=CARTESIAN_POINT('',(-87.3919794605908,3.59374999999838,85.9625208068073));
#9176=CARTESIAN_POINT('Origin',(-88.0172738842497,3.5,86.7372580662969));
#9177=CARTESIAN_POINT('Ctrl Pts',(-87.3919794605909,3.59375,85.9625208068074));
#9178=CARTESIAN_POINT('Ctrl Pts',(-88.3266184203553,3.59529385322909,85.2083557188656));
#9179=CARTESIAN_POINT('Ctrl Pts',(-89.3985770969131,3.58988518274822,83.3659090348545));
#9180=CARTESIAN_POINT('Ctrl Pts',(-89.184173531616,3.55863438828453,80.4842629996801));
#9181=CARTESIAN_POINT('Ctrl Pts',(-88.324413006264,3.524099312287,79.0782702082103));
#9182=CARTESIAN_POINT('Ctrl Pts',(-87.7564646481134,3.50001202486198,78.5088371388562));
#9183=CARTESIAN_POINT('Origin',(-96.2263189593966,3.5,96.9082316811439));
#9184=CARTESIAN_POINT('',(-85.3003885364095,3.59375,88.0494402671434));
#9185=CARTESIAN_POINT('Origin',(-86.0737257358347,3.5,88.6764653970107));
#9186=CARTESIAN_POINT('Origin',(-96.2263189593966,3.59375,96.9082316811439));
#9187=CARTESIAN_POINT('Ctrl Pts',(-85.3003885364095,3.59375,88.0494402671434));
#9188=CARTESIAN_POINT('Ctrl Pts',(-84.5441355331326,3.59529385322907,88.982390619508));
#9189=CARTESIAN_POINT('Ctrl Pts',(-82.6992966183602,3.58988518260728,90.0502270154854));
#9190=CARTESIAN_POINT('Ctrl Pts',(-79.8180801847284,3.55863377000255,89.8293764146607));
#9191=CARTESIAN_POINT('Ctrl Pts',(-78.4139730646051,3.52409692117476,88.9664189365489));
#9192=CARTESIAN_POINT('Ctrl Pts',(-77.8457905170816,3.50000702142139,88.397140284101));
#9193=CARTESIAN_POINT('Ctrl Pts',(-85.2772982303469,3.27806379999702,88.0307185476032));
#9194=CARTESIAN_POINT('Ctrl Pts',(-84.5257756474636,3.27935940414936,88.9569863176517));
#9195=CARTESIAN_POINT('Ctrl Pts',(-82.6926990181809,3.27476110822196,90.0189486900855));
#9196=CARTESIAN_POINT('Ctrl Pts',(-79.8268519896935,3.24869614088358,89.8109272941805));
#9197=CARTESIAN_POINT('Ctrl Pts',(-78.4188785941334,3.22028531811866,88.960815952806));
#9198=CARTESIAN_POINT('Ctrl Pts',(-77.8457920040118,3.20080638367329,88.3971388000332));
#9199=CARTESIAN_POINT('Ctrl Pts',(-85.4573345498504,2.70666653342706,88.1766927703633));
#9200=CARTESIAN_POINT('Ctrl Pts',(-84.6695494047488,2.70707131926565,89.1471327556651));
#9201=CARTESIAN_POINT('Ctrl Pts',(-82.7541681180335,2.70564536023753,90.2608646350546));
#9202=CARTESIAN_POINT('Ctrl Pts',(-79.7499352902526,2.69755389071096,90.0496916599891));
#9203=CARTESIAN_POINT('Ctrl Pts',(-78.2720738845968,2.68887209234472,89.163759789692));
#9204=CARTESIAN_POINT('Ctrl Pts',(-77.6679270343628,2.6830047159713,88.5746613781969));
#9205=CARTESIAN_POINT('Ctrl Pts',(-85.889003287334,2.5,88.5266916406899));
#9206=CARTESIAN_POINT('Ctrl Pts',(-85.0172479091952,2.49999492902061,89.6015170535111));
#9207=CARTESIAN_POINT('Ctrl Pts',(-82.8932578407607,2.49986428612412,90.8330022425302));
#9208=CARTESIAN_POINT('Ctrl Pts',(-79.5734076569424,2.49994712086471,90.5860217892531));
#9209=CARTESIAN_POINT('Ctrl Pts',(-77.9531990786311,2.49993788160012,89.5978482698853));
#9210=CARTESIAN_POINT('Ctrl Pts',(-77.2968307143591,2.50000000000001,88.9450433348245));
#9211=CARTESIAN_POINT('Ctrl Pts',(-86.0737257358347,2.5,88.6764653970107));
#9212=CARTESIAN_POINT('Ctrl Pts',(-85.1660987314126,2.5,89.7958810189507));
#9213=CARTESIAN_POINT('Ctrl Pts',(-82.9526763177837,2.50000000000001,91.0776745101053));
#9214=CARTESIAN_POINT('Ctrl Pts',(-79.4979617076014,2.5,90.8154265811352));
#9215=CARTESIAN_POINT('Ctrl Pts',(-77.8167067968529,2.50000000000001,89.7835785003464));
#9216=CARTESIAN_POINT('Ctrl Pts',(-77.1380028155949,2.50000000000001,89.1035654886166));
#9217=CARTESIAN_POINT('',(-77.845908532054,3.5000120248596,88.3972585229165));
#9218=CARTESIAN_POINT('Ctrl Pts',(-80.2074034882411,2.5,90.762664298016));
#9219=CARTESIAN_POINT('Ctrl Pts',(-80.1593825645907,2.49998794619502,90.7146382302738));
#9220=CARTESIAN_POINT('Ctrl Pts',(-80.111154662053,2.50216210330836,90.6663836471527));
#9221=CARTESIAN_POINT('Ctrl Pts',(-80.0628824788011,2.50623611704681,90.6180648066945));
#9222=CARTESIAN_POINT('Ctrl Pts',(-80.013421762129,2.51041043910273,90.5685562840459));
#9223=CARTESIAN_POINT('Ctrl Pts',(-79.9639144584408,2.51657940158913,90.5189800348605));
#9224=CARTESIAN_POINT('Ctrl Pts',(-79.9145062370448,2.52447049422343,90.4694809036018));
#9225=CARTESIAN_POINT('Ctrl Pts',(-79.8631158461482,2.53267816338496,90.4179959557012));
#9226=CARTESIAN_POINT('Ctrl Pts',(-79.8118325710453,2.54274890952595,90.3665942196857));
#9227=CARTESIAN_POINT('Ctrl Pts',(-79.7607902243565,2.55441359205693,90.3154083068419));
#9228=CARTESIAN_POINT('Ctrl Pts',(-79.7357896693072,2.56012695667802,90.2903374330515));
#9229=CARTESIAN_POINT('Ctrl Pts',(-79.7108464738449,2.5662232713061,90.2653179057482));
#9230=CARTESIAN_POINT('Ctrl Pts',(-79.6859739875702,2.57267399022638,90.2403630559351));
#9231=CARTESIAN_POINT('Ctrl Pts',(-79.6323690957152,2.58657650428505,90.1865806551445));
#9232=CARTESIAN_POINT('Ctrl Pts',(-79.5790944464546,2.60212265269435,90.1331001566544));
#9233=CARTESIAN_POINT('Ctrl Pts',(-79.526252041706,2.61905612911086,90.0800522131048));
#9234=CARTESIAN_POINT('Ctrl Pts',(-79.5136536250409,2.62309332220414,90.067404792927));
#9235=CARTESIAN_POINT('Ctrl Pts',(-79.5010796551871,2.62720954521062,90.0547818574494));
#9236=CARTESIAN_POINT('Ctrl Pts',(-79.4885312937093,2.6314016407344,90.0421849952893));
#9237=CARTESIAN_POINT('Ctrl Pts',(-79.4308880182883,2.65065882561028,89.9843189227971));
#9238=CARTESIAN_POINT('Ctrl Pts',(-79.3732794916544,2.67167662194469,89.9265107822216));
#9239=CARTESIAN_POINT('Ctrl Pts',(-79.3158136886787,2.69424151335327,89.8689285274289));
#9240=CARTESIAN_POINT('Ctrl Pts',(-79.2860518370914,2.70592799321451,89.8391063648129));
#9241=CARTESIAN_POINT('Ctrl Pts',(-79.2563274905461,2.71802974011406,89.8093444659237));
#9242=CARTESIAN_POINT('Ctrl Pts',(-79.2266510088312,2.73051896399954,89.7796640401044));
#9243=CARTESIAN_POINT('Ctrl Pts',(-79.165524466501,2.7562438150732,89.718529373851));
#9244=CARTESIAN_POINT('Ctrl Pts',(-79.1046023618111,2.78360932935551,89.6577391397266));
#9245=CARTESIAN_POINT('Ctrl Pts',(-79.0440170934207,2.81223234648459,89.5973225414218));
#9246=CARTESIAN_POINT('Ctrl Pts',(-78.9818196387346,2.84161702791236,89.5352982451665));
#9247=CARTESIAN_POINT('Ctrl Pts',(-78.9199768859171,2.87232699630514,89.4736676608535));
#9248=CARTESIAN_POINT('Ctrl Pts',(-78.8586045700267,2.90399476550355,89.4124719315216));
#9249=CARTESIAN_POINT('Ctrl Pts',(-78.8179620060466,2.92496609951761,89.3719463083869));
#9250=CARTESIAN_POINT('Ctrl Pts',(-78.7775252019033,2.94635844867869,89.3316115835376));
#9251=CARTESIAN_POINT('Ctrl Pts',(-78.7373222800415,2.9680760421631,89.2914822214955));
#9252=CARTESIAN_POINT('Ctrl Pts',(-78.67124384192,3.00377157350142,89.2255246879691));
#9253=CARTESIAN_POINT('Ctrl Pts',(-78.6052982245395,3.04061640723906,89.1596211934933));
#9254=CARTESIAN_POINT('Ctrl Pts',(-78.539628473065,3.07824930076697,89.093886632735));
#9255=CARTESIAN_POINT('Ctrl Pts',(-78.4729290976612,3.11647223349616,89.0271214319144));
#9256=CARTESIAN_POINT('Ctrl Pts',(-78.40651399767,3.15550777719039,88.9605305307665));
#9257=CARTESIAN_POINT('Ctrl Pts',(-78.3404872492153,3.19500422597116,88.8942398305967));
#9258=CARTESIAN_POINT('Ctrl Pts',(-78.3236004256264,3.20510573147554,88.877285499427));
#9259=CARTESIAN_POINT('Ctrl Pts',(-78.3067387870612,3.21523753548921,88.8603508327849));
#9260=CARTESIAN_POINT('Ctrl Pts',(-78.2899036360069,3.22539407214655,88.8434379972403));
#9261=CARTESIAN_POINT('Ctrl Pts',(-78.2248246566765,3.26465579525565,88.7780587160399));
#9262=CARTESIAN_POINT('Ctrl Pts',(-78.159844564682,3.30446862787936,88.71270322165));
#9263=CARTESIAN_POINT('Ctrl Pts',(-78.0950473501058,3.34451208904737,88.6475351518959));
#9264=CARTESIAN_POINT('Ctrl Pts',(-78.0865279931187,3.34977689159978,88.6389670359047));
#9265=CARTESIAN_POINT('Ctrl Pts',(-78.0780117273306,3.35504570343676,88.6304021567053));
#9266=CARTESIAN_POINT('Ctrl Pts',(-78.0694986808516,3.36031781823682,88.6218408838066));
#9267=CARTESIAN_POINT('Ctrl Pts',(-78.0385173777939,3.37950448505192,88.5906840716258));
#9268=CARTESIAN_POINT('Ctrl Pts',(-78.0059474821103,3.39977918127631,88.5579306524226));
#9269=CARTESIAN_POINT('Ctrl Pts',(-77.975649476295,3.4186634631193,88.5274831757027));
#9270=CARTESIAN_POINT('Ctrl Pts',(-77.9470181863722,3.43650890653658,88.4987106373811));
#9271=CARTESIAN_POINT('Ctrl Pts',(-77.9204126351715,3.45310979805676,88.4719941176501));
#9272=CARTESIAN_POINT('Ctrl Pts',(-77.8991004592921,3.46640178643344,88.4506064503878));
#9273=CARTESIAN_POINT('Ctrl Pts',(-77.8746418864752,3.48165612120575,88.4260612411105));
#9274=CARTESIAN_POINT('Ctrl Pts',(-77.857155984106,3.49255550754014,88.4085328102753));
#9275=CARTESIAN_POINT('Ctrl Pts',(-77.8516229067544,3.49603023404333,88.4029863044236));
#9276=CARTESIAN_POINT('Ctrl Pts',(-77.8496467333197,3.49727125450485,88.4010053349154));
#9277=CARTESIAN_POINT('Ctrl Pts',(-77.8485581030225,3.49790907594076,88.3999142737178));
#9278=CARTESIAN_POINT('Ctrl Pts',(-77.845790465977,3.49963211494797,88.397140335554));
#9279=CARTESIAN_POINT('Ctrl Pts',(-77.8459085320865,3.50001202486182,88.3972585228633));
#9280=CARTESIAN_POINT('Ctrl Pts',(-78.4140702772007,3.52409931228764,88.9664786818809));
#9281=CARTESIAN_POINT('Ctrl Pts',(-79.8181371786891,3.55863438819345,89.8293807833539));
#9282=CARTESIAN_POINT('Ctrl Pts',(-82.6992966183602,3.58988518260728,90.0502270154854));
#9283=CARTESIAN_POINT('Ctrl Pts',(-84.5441355331326,3.59529385322907,88.982390619508));
#9284=CARTESIAN_POINT('Ctrl Pts',(-85.3003885364095,3.59375,88.0494402671434));
#9285=CARTESIAN_POINT('Ctrl Pts',(85.3003880893746,3.59375,-88.0494407141781));
#9286=CARTESIAN_POINT('Ctrl Pts',(84.5441350860979,3.59529385322907,-88.9823910665426));
#9287=CARTESIAN_POINT('Ctrl Pts',(82.6992961713259,3.58988518260728,-90.0502274625199));
#9288=CARTESIAN_POINT('Ctrl Pts',(79.8180797376947,3.55863377000257,-89.8293768616958));
#9289=CARTESIAN_POINT('Ctrl Pts',(78.4139726175715,3.52409692117479,-88.9664193835846));
#9290=CARTESIAN_POINT('Ctrl Pts',(77.845790070048,3.50000702142144,-88.397140731137));
#9291=CARTESIAN_POINT('Ctrl Pts',(85.277297783312,3.27806379999701,-88.030718994638));
#9292=CARTESIAN_POINT('Ctrl Pts',(84.5257752004289,3.27935940414936,-88.9569867646864));
#9293=CARTESIAN_POINT('Ctrl Pts',(82.6926985711467,3.27476110822195,-90.01894913712));
#9294=CARTESIAN_POINT('Ctrl Pts',(79.8268515426598,3.24869614088359,-89.8109277412156));
#9295=CARTESIAN_POINT('Ctrl Pts',(78.4188781470998,3.22028531811869,-88.9608163998417));
#9296=CARTESIAN_POINT('Ctrl Pts',(77.8457915569781,3.20080638367332,-88.3971392470692));
#9297=CARTESIAN_POINT('Ctrl Pts',(85.4573341028156,2.70666653342705,-88.1766932173981));
#9298=CARTESIAN_POINT('Ctrl Pts',(84.6695489577141,2.70707131926563,-89.1471332026998));
#9299=CARTESIAN_POINT('Ctrl Pts',(82.7541676709993,2.70564536023752,-90.2608650820891));
#9300=CARTESIAN_POINT('Ctrl Pts',(79.7499348432189,2.69755389071095,-90.0496921070242));
#9301=CARTESIAN_POINT('Ctrl Pts',(78.2720734375633,2.68887209234471,-89.1637602367277));
#9302=CARTESIAN_POINT('Ctrl Pts',(77.6679265873292,2.6830047159713,-88.5746618252329));
#9303=CARTESIAN_POINT('Ctrl Pts',(85.8890028402992,2.49999999999999,-88.5266920877247));
#9304=CARTESIAN_POINT('Ctrl Pts',(85.0172474621604,2.4999949290206,-89.6015175005458));
#9305=CARTESIAN_POINT('Ctrl Pts',(82.8932573937265,2.4998642861241,-90.8330026895647));
#9306=CARTESIAN_POINT('Ctrl Pts',(79.5734072099089,2.4999471208647,-90.5860222362882));
#9307=CARTESIAN_POINT('Ctrl Pts',(77.9531986315977,2.49993788160009,-89.5978487169211));
#9308=CARTESIAN_POINT('Ctrl Pts',(77.2968302673256,2.49999999999998,-88.9450437818606));
#9309=CARTESIAN_POINT('Ctrl Pts',(86.0737252887998,2.49999999999999,-88.6764658440455));
#9310=CARTESIAN_POINT('Ctrl Pts',(85.1660982843778,2.49999999999999,-89.7958814659854));
#9311=CARTESIAN_POINT('Ctrl Pts',(82.9526758707496,2.49999999999999,-91.0776749571397));
#9312=CARTESIAN_POINT('Ctrl Pts',(79.497961260568,2.49999999999999,-90.8154270281703));
#9313=CARTESIAN_POINT('Ctrl Pts',(77.8167063498196,2.49999999999998,-89.7835789473823));
#9314=CARTESIAN_POINT('Ctrl Pts',(77.1380023685615,2.49999999999998,-89.1035659356528));
#9315=CARTESIAN_POINT('',(77.8459080850206,3.50001202485966,-88.3972589699527));
#9316=CARTESIAN_POINT('Ctrl Pts',(80.2074030412061,2.49999999999999,-90.7626647450508));
#9317=CARTESIAN_POINT('Ctrl Pts',(80.1593821175556,2.49998794619501,-90.7146386773084));
#9318=CARTESIAN_POINT('Ctrl Pts',(80.1111542150177,2.50216210330836,-90.6663840941871));
#9319=CARTESIAN_POINT('Ctrl Pts',(80.0628820317656,2.50623611704684,-90.6180652537287));
#9320=CARTESIAN_POINT('Ctrl Pts',(80.0134213150938,2.51041043910275,-90.5685567310804));
#9321=CARTESIAN_POINT('Ctrl Pts',(79.9639140114058,2.51657940158914,-90.5189804818952));
#9322=CARTESIAN_POINT('Ctrl Pts',(79.91450579001,2.5244704942234,-90.4694813506367));
#9323=CARTESIAN_POINT('Ctrl Pts',(79.8631153991133,2.53267816338494,-90.417996402736));
#9324=CARTESIAN_POINT('Ctrl Pts',(79.8118321240104,2.54274890952594,-90.3665946667204));
#9325=CARTESIAN_POINT('Ctrl Pts',(79.7607897773215,2.55441359205695,-90.3154087538766));
#9326=CARTESIAN_POINT('Ctrl Pts',(79.7357892222726,2.56012695667795,-90.2903378800866));
#9327=CARTESIAN_POINT('Ctrl Pts',(79.7108460268107,2.56622327130592,-90.2653183527837));
#9328=CARTESIAN_POINT('Ctrl Pts',(79.6859735405364,2.57267399022609,-90.240363502971));
#9329=CARTESIAN_POINT('Ctrl Pts',(79.6323686486808,2.58657650428489,-90.1865811021797));
#9330=CARTESIAN_POINT('Ctrl Pts',(79.5790939994196,2.60212265269437,-90.1331006036891));
#9331=CARTESIAN_POINT('Ctrl Pts',(79.5262515946704,2.61905612911108,-90.0800526601389));
#9332=CARTESIAN_POINT('Ctrl Pts',(79.5136531779897,2.62309332220936,-90.0674052399454));
#9333=CARTESIAN_POINT('Ctrl Pts',(79.5010792081204,2.62720954522103,-90.0547823044523));
#9334=CARTESIAN_POINT('Ctrl Pts',(79.4885308466271,2.63140164075018,-90.0421854422766));
#9335=CARTESIAN_POINT('Ctrl Pts',(79.4308875712067,2.65065882562684,-89.984319369785));
#9336=CARTESIAN_POINT('Ctrl Pts',(79.3732790445733,2.67167662196195,-89.9265112292101));
#9337=CARTESIAN_POINT('Ctrl Pts',(79.3158132415981,2.69424151337119,-89.868928974418));
#9338=CARTESIAN_POINT('Ctrl Pts',(79.2860513900261,2.70592799322686,-89.8391068118173));
#9339=CARTESIAN_POINT('Ctrl Pts',(79.256327043496,2.71802974012043,-89.8093449129433));
#9340=CARTESIAN_POINT('Ctrl Pts',(79.2266505617963,2.73051896399953,-89.7796644871392));
#9341=CARTESIAN_POINT('Ctrl Pts',(79.1655240194649,2.75624381507368,-89.7185298208846));
#9342=CARTESIAN_POINT('Ctrl Pts',(79.1046019147738,2.78360932935657,-89.6577395867589));
#9343=CARTESIAN_POINT('Ctrl Pts',(79.0440166463822,2.8122323464863,-89.5973229884529));
#9344=CARTESIAN_POINT('Ctrl Pts',(78.9818191916946,2.8416170279148,-89.5352986921962));
#9345=CARTESIAN_POINT('Ctrl Pts',(78.9199764388756,2.8723269963084,-89.4736681078818));
#9346=CARTESIAN_POINT('Ctrl Pts',(78.8586041229838,2.90399476550767,-89.4124723785484));
#9347=CARTESIAN_POINT('Ctrl Pts',(78.8179615589645,2.92496609954204,-89.3719467553745));
#9348=CARTESIAN_POINT('Ctrl Pts',(78.7775247547823,2.94635844872424,-89.3316120304865));
#9349=CARTESIAN_POINT('Ctrl Pts',(78.7373218328822,2.96807604223032,-89.291482668406));
#9350=CARTESIAN_POINT('Ctrl Pts',(78.671243394752,3.00377157357489,-89.2255251348708));
#9351=CARTESIAN_POINT('Ctrl Pts',(78.6052977773631,3.0406164073187,-89.1596216403866));
#9352=CARTESIAN_POINT('Ctrl Pts',(78.5396280258802,3.07824930085291,-89.0938870796196));
#9353=CARTESIAN_POINT('Ctrl Pts',(78.4729286504733,3.11647223358533,-89.0271218787959));
#9354=CARTESIAN_POINT('Ctrl Pts',(78.4065135504789,3.15550777728278,-88.9605309776445));
#9355=CARTESIAN_POINT('Ctrl Pts',(78.3404868020202,3.19500422606709,-88.8942402774705));
#9356=CARTESIAN_POINT('Ctrl Pts',(78.3235999784643,3.20510573155199,-88.877285946334));
#9357=CARTESIAN_POINT('Ctrl Pts',(78.3067383399319,3.2152375355461,-88.8603512797248));
#9358=CARTESIAN_POINT('Ctrl Pts',(78.2899031889104,3.2253940721838,-88.8434384442131));
#9359=CARTESIAN_POINT('Ctrl Pts',(78.2248242095268,3.26465579532533,-88.7780591629594));
#9360=CARTESIAN_POINT('Ctrl Pts',(78.1598441174823,3.30446862798046,-88.7127036685189));
#9361=CARTESIAN_POINT('Ctrl Pts',(78.0950469028502,3.34451208918369,-88.6475355987088));
#9362=CARTESIAN_POINT('Ctrl Pts',(78.0865275459264,3.34977689169711,-88.6389674827812));
#9363=CARTESIAN_POINT('Ctrl Pts',(78.0780112802014,3.35504570349511,-88.6304026036453));
#9364=CARTESIAN_POINT('Ctrl Pts',(78.0694982337853,3.36031781825621,-88.6218413308098));
#9365=CARTESIAN_POINT('Ctrl Pts',(78.0385169309259,3.37950448494852,-88.5906845188285));
#9366=CARTESIAN_POINT('Ctrl Pts',(78.0059470353992,3.39977918107521,-88.5579310997829));
#9367=CARTESIAN_POINT('Ctrl Pts',(77.9756490296824,3.41866346285703,-88.5274836231618));
#9368=CARTESIAN_POINT('Ctrl Pts',(77.9470177397452,3.43650890628343,-88.4987110848255));
#9369=CARTESIAN_POINT('Ctrl Pts',(77.9204121884932,3.45310979783597,-88.4719945650426));
#9370=CARTESIAN_POINT('Ctrl Pts',(77.8991000125472,3.46640178625398,-88.4506068977136));
#9371=CARTESIAN_POINT('Ctrl Pts',(77.8746414396041,3.48165612110483,-88.4260616883095));
#9372=CARTESIAN_POINT('Ctrl Pts',(77.8571555371171,3.49255550751177,-88.4085332573562));
#9373=CARTESIAN_POINT('Ctrl Pts',(77.8516224597199,3.4960302340417,-88.4029867514588));
#9374=CARTESIAN_POINT('Ctrl Pts',(77.8496462862851,3.49727125450265,-88.4010057819505));
#9375=CARTESIAN_POINT('Ctrl Pts',(77.8485576559885,3.4979090759406,-88.3999147207534));
#9376=CARTESIAN_POINT('Ctrl Pts',(77.8457900189433,3.49963211494726,-88.3971407825899));
#9377=CARTESIAN_POINT('',(85.3003880893746,3.59375000000085,-88.0494407141782));
#9378=CARTESIAN_POINT('Ctrl Pts',(77.8459080850531,3.50001202486188,-88.3972589698995));
#9379=CARTESIAN_POINT('Ctrl Pts',(78.4140698301673,3.52409931228768,-88.9664791289167));
#9380=CARTESIAN_POINT('Ctrl Pts',(79.8181367316556,3.55863438819347,-89.8293812303889));
#9381=CARTESIAN_POINT('Ctrl Pts',(82.6992961713259,3.58988518260728,-90.0502274625199));
#9382=CARTESIAN_POINT('Ctrl Pts',(84.5441350860979,3.59529385322907,-88.9823910665426));
#9383=CARTESIAN_POINT('Ctrl Pts',(85.3003880893746,3.59375,-88.0494407141781));
#9384=CARTESIAN_POINT('Origin',(86.0737252887998,3.5,-88.6764658440455));
#9385=CARTESIAN_POINT('Origin',(96.2263185123618,3.5,-96.9082321281788));
#9386=CARTESIAN_POINT('',(87.3919790135561,3.59375000000023,-85.9625212538423));
#9387=CARTESIAN_POINT('Origin',(88.0172734372149,3.5,-86.7372585133317));
#9388=CARTESIAN_POINT('Origin',(96.2263185123618,3.59375,-96.9082321281788));
#9389=CARTESIAN_POINT('Ctrl Pts',(88.0172734372149,2.5,-86.7372585133317));
#9390=CARTESIAN_POINT('Ctrl Pts',(89.138715664263,2.5,-85.8321367285723));
#9391=CARTESIAN_POINT('Ctrl Pts',(90.4254550318607,2.5,-83.6215858624582));
#9392=CARTESIAN_POINT('Ctrl Pts',(90.1709323111849,2.5,-80.1662935190279));
#9393=CARTESIAN_POINT('Ctrl Pts',(89.1428460065193,2.5,-78.482735657651));
#9394=CARTESIAN_POINT('Ctrl Pts',(88.464352238836,2.5,-77.8025129018306));
#9395=CARTESIAN_POINT('Ctrl Pts',(87.8181263000921,2.5,-86.4905160166581));
#9396=CARTESIAN_POINT('Ctrl Pts',(88.8795294143694,2.499985718572,-85.6334621631651));
#9397=CARTESIAN_POINT('Ctrl Pts',(90.0983939552042,2.49960166433909,-83.541043128355));
#9398=CARTESIAN_POINT('Ctrl Pts',(89.8641178635491,2.49983688953937,-80.2668196825925));
#9399=CARTESIAN_POINT('Ctrl Pts',(88.8944899789886,2.49981091417076,-78.6640581187223));
#9400=CARTESIAN_POINT('Ctrl Pts',(88.2525163883777,2.5,-78.013810308567));
#9401=CARTESIAN_POINT('Ctrl Pts',(87.4744820868731,2.78432678434035,-86.0647422276789));
#9402=CARTESIAN_POINT('Ctrl Pts',(88.4332869887991,2.78489499296705,-85.2898907452683));
#9403=CARTESIAN_POINT('Ctrl Pts',(89.5360612082317,2.78297839250098,-83.4031391899058));
#9404=CARTESIAN_POINT('Ctrl Pts',(89.3355037341783,2.77163257517259,-80.4390978847143));
#9405=CARTESIAN_POINT('Ctrl Pts',(88.4655714468323,2.75952022573997,-78.9778268682295));
#9406=CARTESIAN_POINT('Ctrl Pts',(87.8859109447411,2.75130069861575,-78.3794839155991));
#9407=CARTESIAN_POINT('Ctrl Pts',(87.3779764804771,3.35698534999776,-85.9451721720449));
#9408=CARTESIAN_POINT('Ctrl Pts',(88.3079914765778,3.35834752433983,-85.1942357546965));
#9409=CARTESIAN_POINT('Ctrl Pts',(89.3759620049642,3.35367533834931,-83.3613984610155));
#9410=CARTESIAN_POINT('Ctrl Pts',(89.170910895152,3.3262386137163,-80.4902468769297));
#9411=CARTESIAN_POINT('Ctrl Pts',(88.3203984461387,3.29630446442934,-79.0819378951289));
#9412=CARTESIAN_POINT('Ctrl Pts',(87.7563451108656,3.27560654310754,-78.5087204194311));
#9413=CARTESIAN_POINT('Ctrl Pts',(87.3919790135561,3.59375,-85.9625212538422));
#9414=CARTESIAN_POINT('Ctrl Pts',(88.3266179733197,3.59529385322909,-85.2083561659009));
#9415=CARTESIAN_POINT('Ctrl Pts',(89.3985766498785,3.58988518274821,-83.3659094818876));
#9416=CARTESIAN_POINT('Ctrl Pts',(89.1841688433302,3.55863377009319,-80.4842064430884));
#9417=CARTESIAN_POINT('Ctrl Pts',(88.324353031367,3.52409692117245,-79.0781733092381));
#9418=CARTESIAN_POINT('Ctrl Pts',(87.7563462264067,3.50000702141816,-78.5087193067255));
#9419=CARTESIAN_POINT('',(87.7564642011285,3.50001202485963,-78.5088375858553));
#9420=CARTESIAN_POINT('Ctrl Pts',(87.75634627643,3.49963211288937,-78.5087192572759));
#9421=CARTESIAN_POINT('Ctrl Pts',(87.7591142189311,3.49790892135519,-78.5114933187554));
#9422=CARTESIAN_POINT('Ctrl Pts',(87.7602028745274,3.49727098372873,-78.5125845202923));
#9423=CARTESIAN_POINT('Ctrl Pts',(87.7621794712686,3.49602972449688,-78.5145653927672));
#9424=CARTESIAN_POINT('Ctrl Pts',(87.7699843982703,3.49112840219256,-78.5223872032273));
#9425=CARTESIAN_POINT('Ctrl Pts',(87.7888029667443,3.47939180407003,-78.5412450426962));
#9426=CARTESIAN_POINT('Ctrl Pts',(87.8127762905539,3.46443388275679,-78.5652610129802));
#9427=CARTESIAN_POINT('Ctrl Pts',(87.834865369594,3.45065161756948,-78.587389386586));
#9428=CARTESIAN_POINT('Ctrl Pts',(87.8613324564969,3.43413306117544,-78.6138980597707));
#9429=CARTESIAN_POINT('Ctrl Pts',(87.8876012436519,3.41775770656172,-78.6402054000304));
#9430=CARTESIAN_POINT('Ctrl Pts',(87.9020818510995,3.40873083065086,-78.6547072597868));
#9431=CARTESIAN_POINT('Ctrl Pts',(87.9165021537647,3.39974864617537,-78.6691481631639));
#9432=CARTESIAN_POINT('Ctrl Pts',(87.930092247491,3.39129747051291,-78.6827589730476));
#9433=CARTESIAN_POINT('Ctrl Pts',(87.9865113268643,3.35621253584637,-78.7392640552514));
#9434=CARTESIAN_POINT('Ctrl Pts',(88.0430538898785,3.32120217849294,-78.7959037755689));
#9435=CARTESIAN_POINT('Ctrl Pts',(88.0995930055047,3.28651691438372,-78.8525819506846));
#9436=CARTESIAN_POINT('Ctrl Pts',(88.16663127808,3.24539069293606,-78.9197851057107));
#9437=CARTESIAN_POINT('Ctrl Pts',(88.2339350374418,3.20455413513323,-78.987314854122));
#9438=CARTESIAN_POINT('Ctrl Pts',(88.3013873622865,3.16440185794464,-79.0550550445871));
#9439=CARTESIAN_POINT('Ctrl Pts',(88.348242950476,3.13651017935312,-79.1021105979075));
#9440=CARTESIAN_POINT('Ctrl Pts',(88.3951705669416,3.10894937598298,-79.1492669398242));
#9441=CARTESIAN_POINT('Ctrl Pts',(88.442135147641,3.0818590684669,-79.1964729596933));
#9442=CARTESIAN_POINT('Ctrl Pts',(88.5044017652316,3.04594217549353,-79.2590596823553));
#9443=CARTESIAN_POINT('Ctrl Pts',(88.5671323954651,3.01061779629512,-79.3221353933089));
#9444=CARTESIAN_POINT('Ctrl Pts',(88.6302914219041,2.97625542167852,-79.3855925482784));
#9445=CARTESIAN_POINT('Ctrl Pts',(88.6829214538284,2.94762146426929,-79.4384710088906));
#9446=CARTESIAN_POINT('Ctrl Pts',(88.7358493363001,2.91965626497806,-79.4916141100205));
#9447=CARTESIAN_POINT('Ctrl Pts',(88.7890641221003,2.89259630709438,-79.5449470926803));
#9448=CARTESIAN_POINT('Ctrl Pts',(88.8485323910359,2.86235642491469,-79.6045474482631));
#9449=CARTESIAN_POINT('Ctrl Pts',(88.9083610954005,2.83324779428716,-79.6643871341567));
#9450=CARTESIAN_POINT('Ctrl Pts',(88.9684021723911,2.80547712894328,-79.7244052207912));
#9451=CARTESIAN_POINT('Ctrl Pts',(89.0237303435989,2.77988631339308,-79.7797122062637));
#9452=CARTESIAN_POINT('Ctrl Pts',(89.079238609175,2.75543185362059,-79.8351706004126));
#9453=CARTESIAN_POINT('Ctrl Pts',(89.1348003530489,2.7322878662624,-79.8906969966853));
#9454=CARTESIAN_POINT('Ctrl Pts',(89.1815011941828,2.71283484694619,-79.9373681273999));
#9455=CARTESIAN_POINT('Ctrl Pts',(89.2297716513792,2.6936760104297,-79.9856441611203));
#9456=CARTESIAN_POINT('Ctrl Pts',(89.2794179273114,2.67515822560598,-80.0353330421721));
#9457=CARTESIAN_POINT('Ctrl Pts',(89.3296821158001,2.65640996283507,-80.0856403660566));
#9458=CARTESIAN_POINT('Ctrl Pts',(89.3813572306278,2.63831851406249,-80.1373968376219));
#9459=CARTESIAN_POINT('Ctrl Pts',(89.4342222387424,2.62129470971158,-80.1903881639375));
#9460=CARTESIAN_POINT('Ctrl Pts',(89.4825977711791,2.60571662452929,-80.2388792872053));
#9461=CARTESIAN_POINT('Ctrl Pts',(89.5319697587205,2.59103303729769,-80.2884048754922));
#9462=CARTESIAN_POINT('Ctrl Pts',(89.5821478548564,2.57759820112731,-80.3387792298996));
#9463=CARTESIAN_POINT('Ctrl Pts',(89.5868046168768,2.57635138549168,-80.3434542056056));
#9464=CARTESIAN_POINT('Ctrl Pts',(89.5914683051549,2.57511535248413,-80.3481364722638));
#9465=CARTESIAN_POINT('Ctrl Pts',(89.5961387571448,2.57389040221679,-80.3528258690231));
#9466=CARTESIAN_POINT('Ctrl Pts',(89.643840362084,2.56137938746944,-80.400720966135));
#9467=CARTESIAN_POINT('Ctrl Pts',(89.6922492735078,2.5500218229504,-80.4493623158215));
#9468=CARTESIAN_POINT('Ctrl Pts',(89.7411923340328,2.54015505349469,-80.4985559955625));
#9469=CARTESIAN_POINT('Ctrl Pts',(89.7889517756703,2.53052689794177,-80.5465599955437));
#9470=CARTESIAN_POINT('Ctrl Pts',(89.8372199612013,2.52231839271783,-80.5950903020008));
#9471=CARTESIAN_POINT('Ctrl Pts',(89.8858146460403,2.51587280115239,-80.6439347934072));
#9472=CARTESIAN_POINT('Ctrl Pts',(89.9329718603417,2.50961787545924,-80.6913344247932));
#9473=CARTESIAN_POINT('Ctrl Pts',(89.9804365783609,2.50502323257939,-80.7390301606377));
#9474=CARTESIAN_POINT('Ctrl Pts',(90.0280208612497,2.50242939311532,-80.7867934129997));
#9475=CARTESIAN_POINT('Ctrl Pts',(90.0575127451204,2.50082177800358,-80.8163962189354));
#9476=CARTESIAN_POINT('Ctrl Pts',(90.0870501322644,2.49998325387523,-80.8460242576118));
#9477=CARTESIAN_POINT('Ctrl Pts',(90.1165838873363,2.5,-80.8756155523017));
#9478=CARTESIAN_POINT('Ctrl Pts',(87.3919790135561,3.59375,-85.9625212538422));
#9479=CARTESIAN_POINT('Ctrl Pts',(88.3266179733197,3.59529385322909,-85.2083561659009));
#9480=CARTESIAN_POINT('Ctrl Pts',(89.3985766498785,3.58988518274821,-83.3659094818876));
#9481=CARTESIAN_POINT('Ctrl Pts',(89.1841730845798,3.55863438828449,-80.4842634467119));
#9482=CARTESIAN_POINT('Ctrl Pts',(88.3244125592262,3.5240993122869,-79.0782706552412));
#9483=CARTESIAN_POINT('Ctrl Pts',(87.7564642010752,3.50001202486184,-78.5088375858877));
#9484=CARTESIAN_POINT('Ctrl Pts',(87.3225954654999,2.75010822373664,-85.8853498597185));
#9485=CARTESIAN_POINT('Ctrl Pts',(87.4312696441601,3.8212189075138,-86.0064552642186));
#9486=CARTESIAN_POINT('Ctrl Pts',(87.5273318659063,7.08937068860658,-86.1074214819649));
#9487=CARTESIAN_POINT('Ctrl Pts',(86.485229583294,12.40819656752,-84.9711046203235));
#9488=CARTESIAN_POINT('Ctrl Pts',(83.7341668246442,17.4379597495913,-81.5540194534165));
#9489=CARTESIAN_POINT('Ctrl Pts',(81.7495507770216,19.2027016996085,-78.0514955264902));
#9490=CARTESIAN_POINT('Ctrl Pts',(80.9801680405798,19.6420421939342,-76.1660822825227));
#9491=CARTESIAN_POINT('Ctrl Pts',(87.9415695500365,2.73768213327535,-85.3829507873739));
#9492=CARTESIAN_POINT('Ctrl Pts',(88.0549650709681,3.8136398391878,-85.5029991852929));
#9493=CARTESIAN_POINT('Ctrl Pts',(88.1573003555504,7.10655876568228,-85.6042522241769));
#9494=CARTESIAN_POINT('Ctrl Pts',(87.0612561117319,12.4342615662419,-84.4729358371608));
#9495=CARTESIAN_POINT('Ctrl Pts',(84.3033746850986,17.3747509936826,-81.1531020246036));
#9496=CARTESIAN_POINT('Ctrl Pts',(82.3926481711178,19.1271472085479,-77.7878584982268));
#9497=CARTESIAN_POINT('Ctrl Pts',(81.6614569482672,19.5867855692643,-75.9735712392421));
#9498=CARTESIAN_POINT('Ctrl Pts',(88.9331491745297,2.77139681590685,-84.0816200557137));
#9499=CARTESIAN_POINT('Ctrl Pts',(89.0507771428018,3.82968023307677,-84.1928919466341));
#9500=CARTESIAN_POINT('Ctrl Pts',(89.1601277836681,7.08343123325758,-84.2874310317342));
#9501=CARTESIAN_POINT('Ctrl Pts',(88.009526113349,12.3010349922744,-83.2345586855497));
#9502=CARTESIAN_POINT('Ctrl Pts',(85.3301906006634,17.0025249666507,-80.217067668792));
#9503=CARTESIAN_POINT('Ctrl Pts',(83.6130886733537,18.6980929224867,-77.1780901874412));
#9504=CARTESIAN_POINT('Ctrl Pts',(82.9813265522059,19.1755476451864,-75.53546120908));
#9505=CARTESIAN_POINT('Ctrl Pts',(89.4461219711744,3.02055264434577,-81.262854626965));
#9506=CARTESIAN_POINT('Ctrl Pts',(89.54775277354,3.95996737758632,-81.344172118351));
#9507=CARTESIAN_POINT('Ctrl Pts',(89.6440998202386,6.85293876272777,-81.4118659300771));
#9508=CARTESIAN_POINT('Ctrl Pts',(88.6407190782638,11.4774246208378,-80.6488505225255));
#9509=CARTESIAN_POINT('Ctrl Pts',(86.4467951693108,15.6093399039204,-78.37437981229));
#9510=CARTESIAN_POINT('Ctrl Pts',(85.1737681822125,17.1075831221342,-76.0029032275719));
#9511=CARTESIAN_POINT('Ctrl Pts',(84.7484089191542,17.5376785067665,-74.7160125863376));
#9512=CARTESIAN_POINT('Ctrl Pts',(88.5911542563992,3.31972239353829,-79.3455770966899));
#9513=CARTESIAN_POINT('Ctrl Pts',(88.6623170555578,4.11865970511697,-79.4045422495743));
#9514=CARTESIAN_POINT('Ctrl Pts',(88.7293622754405,6.56624751427608,-79.4514739305145));
#9515=CARTESIAN_POINT('Ctrl Pts',(88.0308974981048,10.5176920070024,-78.9052943473812));
#9516=CARTESIAN_POINT('Ctrl Pts',(86.4447956495223,14.1625528508822,-77.1555078824458));
#9517=CARTESIAN_POINT('Ctrl Pts',(85.5205414777018,15.4596689653526,-75.2530874718933));
#9518=CARTESIAN_POINT('Ctrl Pts',(85.2253967290859,15.804418435242,-74.2182599189069));
#9519=CARTESIAN_POINT('Ctrl Pts',(87.7561858538731,3.50007214915776,-78.5085585326444));
#9520=CARTESIAN_POINT('Ctrl Pts',(87.8074721102954,4.21414593834253,-78.5599707161186));
#9521=CARTESIAN_POINT('Ctrl Pts',(87.8546052435484,6.39291379240439,-78.6011514545447));
#9522=CARTESIAN_POINT('Ctrl Pts',(87.3550732504527,9.93879771168002,-78.1258683976057));
#9523=CARTESIAN_POINT('Ctrl Pts',(86.1515458917338,13.2919731663942,-76.5909999232197));
#9524=CARTESIAN_POINT('Ctrl Pts',(85.4117948450049,14.468467799739,-74.921128377542));
#9525=CARTESIAN_POINT('Ctrl Pts',(85.1700401304377,14.7613614626228,-74.0095217190847));
#9526=CARTESIAN_POINT('',(80.9801680412913,19.6420421938398,-76.1660822840038));
#9527=CARTESIAN_POINT('Ctrl Pts',(87.3920721963387,3.5938139766745,-85.9624359940891));
#9528=CARTESIAN_POINT('Ctrl Pts',(87.4425368813253,4.39048364448675,-86.0181106496983));
#9529=CARTESIAN_POINT('Ctrl Pts',(87.4507031174072,5.19329378721118,-86.0261656643955));
#9530=CARTESIAN_POINT('Ctrl Pts',(87.4151640596227,5.99144717782624,-85.9867931499682));
#9531=CARTESIAN_POINT('Ctrl Pts',(87.3189114093839,8.15313586438926,-85.8801581096367));
#9532=CARTESIAN_POINT('Ctrl Pts',(86.9020704963389,10.2806662159546,-85.4256313649801));
#9533=CARTESIAN_POINT('Ctrl Pts',(86.2351395800415,12.1827252554159,-84.6288537981673));
#9534=CARTESIAN_POINT('Ctrl Pts',(85.5682086637441,14.0847842948771,-83.8320762313545));
#9535=CARTESIAN_POINT('Ctrl Pts',(84.6511877441941,15.7613720222342,-82.6930478423855));
#9536=CARTESIAN_POINT('Ctrl Pts',(83.6965232725135,17.0408513734171,-81.2479026661694));
#9537=CARTESIAN_POINT('Ctrl Pts',(82.7418588010792,18.3203307242698,-79.8027574903262));
#9538=CARTESIAN_POINT('Ctrl Pts',(81.7495507775336,19.2027016991532,-78.0514955273938));
#9539=CARTESIAN_POINT('Ctrl Pts',(80.9801680411753,19.6420421935941,-76.1660822839819));
#9540=CARTESIAN_POINT('',(86.0123017752135,15.,-76.7607709404109));
#9541=CARTESIAN_POINT('Ctrl Pts',(80.9801680405798,19.6420421939342,-76.1660822825227));
#9542=CARTESIAN_POINT('Ctrl Pts',(81.4104788424762,19.5600387058581,-76.3072601084617));
#9543=CARTESIAN_POINT('Ctrl Pts',(81.8470684622598,19.4394279814981,-76.3750197890766));
#9544=CARTESIAN_POINT('Ctrl Pts',(82.8279690430654,19.0439095899433,-76.4410753905041));
#9545=CARTESIAN_POINT('Ctrl Pts',(83.3689450087288,18.7329959950947,-76.4124584628383));
#9546=CARTESIAN_POINT('Ctrl Pts',(84.4325621243431,17.8257723124772,-76.3466490485346));
#9547=CARTESIAN_POINT('Ctrl Pts',(84.8786219833431,17.2544686421193,-76.3133339872874));
#9548=CARTESIAN_POINT('Ctrl Pts',(85.5588430861833,16.0668716223195,-76.4205832250818));
#9549=CARTESIAN_POINT('Ctrl Pts',(85.7862584906445,15.5180189084532,-76.534221669362));
#9550=CARTESIAN_POINT('Ctrl Pts',(86.0123017752136,14.9999999999999,-76.7607709404109));
#9551=CARTESIAN_POINT('',(87.7569501102057,6.48924863989724,-78.5093245826154));
#9552=CARTESIAN_POINT('Ctrl Pts',(86.0123017752141,14.9999999999986,-76.7607709404115));
#9553=CARTESIAN_POINT('Ctrl Pts',(86.3082923578889,14.3216842568789,-77.0574240830613));
#9554=CARTESIAN_POINT('Ctrl Pts',(86.5596326734415,13.6046700220319,-77.3093270112204));
#9555=CARTESIAN_POINT('Ctrl Pts',(87.002305942613,12.0659984933923,-77.7529911821548));
#9556=CARTESIAN_POINT('Ctrl Pts',(87.1884896893849,11.2353123983867,-77.9395916918436));
#9557=CARTESIAN_POINT('Ctrl Pts',(87.4942146628455,9.49331885655711,-78.2460010152215));
#9558=CARTESIAN_POINT('Ctrl Pts',(87.6097800827792,8.56670691649902,-78.361825122513));
#9559=CARTESIAN_POINT('Ctrl Pts',(87.7124285040056,7.29607910648223,-78.4647033170477));
#9560=CARTESIAN_POINT('Ctrl Pts',(87.7346973601165,6.95099365581055,-78.4870220208687));
#9561=CARTESIAN_POINT('Ctrl Pts',(87.7533847635443,6.56680561791362,-78.5057512551056));
#9562=CARTESIAN_POINT('Ctrl Pts',(87.7552017795496,6.52803011091376,-78.5075723384094));
#9563=CARTESIAN_POINT('Ctrl Pts',(87.7569501102359,6.48924863933138,-78.5093245826457));
#9564=CARTESIAN_POINT('',(87.7569501094723,3.51075133924972,-78.5093245818803));
#9565=CARTESIAN_POINT('Ctrl Pts',(87.7572887802896,6.48899559197287,-78.5089550842122));
#9566=CARTESIAN_POINT('Ctrl Pts',(87.7770923091555,6.21443240163139,-78.5284636846459));
#9567=CARTESIAN_POINT('Ctrl Pts',(87.7915745251415,5.93811972413846,-78.5424958628568));
#9568=CARTESIAN_POINT('Ctrl Pts',(87.8003550516659,5.66096478523781,-78.5511633672155));
#9569=CARTESIAN_POINT('Ctrl Pts',(87.8230693641323,4.94399367122169,-78.5735853030482));
#9570=CARTESIAN_POINT('Ctrl Pts',(87.8076277826195,4.22138611607699,-78.5601066644784));
#9571=CARTESIAN_POINT('Ctrl Pts',(87.7569501404566,3.51075136086532,-78.5093245456077));
#9572=CARTESIAN_POINT('Ctrl Pts',(87.7569501402555,3.51075136088349,-78.5093245454061));
#9573=CARTESIAN_POINT('Ctrl Pts',(87.7567887356251,3.50717152367872,-78.5091628240186));
#9574=CARTESIAN_POINT('Ctrl Pts',(87.7566267557471,3.50359174469235,-78.509000504336));
#9575=CARTESIAN_POINT('Ctrl Pts',(87.7564642004542,3.50001202489104,-78.5088375862371));
#9576=CARTESIAN_POINT('Origin',(96.2263185123618,5.,-96.9082321281788));
#9577=CARTESIAN_POINT('',(75.5183100594381,19.6420421938398,-81.6157414788968));
#9578=CARTESIAN_POINT('Ctrl Pts',(75.5183100594165,19.6420421935941,-81.6157414787808));
#9579=CARTESIAN_POINT('Ctrl Pts',(77.4019982890359,19.2027017000669,-82.3893379690675));
#9580=CARTESIAN_POINT('Ctrl Pts',(79.1492126336217,18.3209911243983,-83.3799294555198));
#9581=CARTESIAN_POINT('Ctrl Pts',(80.5932118498219,17.0413474447039,-84.3407503663969));
#9582=CARTESIAN_POINT('Ctrl Pts',(81.3152114581082,16.4015256046916,-84.8211608219594));
#9583=CARTESIAN_POINT('Ctrl Pts',(81.961407284259,15.6622204886216,-85.2941286336243));
#9584=CARTESIAN_POINT('Ctrl Pts',(82.5253433878797,14.8450341925531,-85.7265858702251));
#9585=CARTESIAN_POINT('Ctrl Pts',(83.653215595121,13.2106616004163,-86.5915003434269));
#9586=CARTESIAN_POINT('Ctrl Pts',(84.4520489122415,11.264764288286,-87.2943725163727));
#9587=CARTESIAN_POINT('Ctrl Pts',(84.9050190767996,9.1851812920115,-87.6959409742498));
#9588=CARTESIAN_POINT('Ctrl Pts',(85.2987528830302,7.37755202067882,-88.0449950395134));
#9589=CARTESIAN_POINT('Ctrl Pts',(85.4311679760697,5.4689158317436,-88.166397507554));
#9590=CARTESIAN_POINT('Ctrl Pts',(85.3003150682606,3.59373087030817,-88.049081888282));
#9591=CARTESIAN_POINT('',(74.3761356945399,20.,-77.8407333192693));
#9592=CARTESIAN_POINT('Ctrl Pts',(75.5183100583026,19.642042193733,-81.6157414792383));
#9593=CARTESIAN_POINT('Ctrl Pts',(75.1176188834691,19.8763823036032,-80.3851499031106));
#9594=CARTESIAN_POINT('Ctrl Pts',(74.7422518504862,19.9987408731847,-79.1210111753961));
#9595=CARTESIAN_POINT('Ctrl Pts',(74.3798550807263,19.9999967758442,-77.8537433987166));
#9596=CARTESIAN_POINT('Ctrl Pts',(74.377995224082,20.,-77.8472384053249));
#9597=CARTESIAN_POINT('Ctrl Pts',(74.3761356945399,20.,-77.8407333192693));
#9598=CARTESIAN_POINT('',(77.2077231562853,20.,-75.0154700666703));
#9599=CARTESIAN_POINT('Origin',(96.2263185123618,20.,-96.9082321281788));
#9600=CARTESIAN_POINT('Ctrl Pts',(77.2077231562853,20.,-75.0154700666703));
#9601=CARTESIAN_POINT('Ctrl Pts',(77.2142240683782,20.,-75.017344136603));
#9602=CARTESIAN_POINT('Ctrl Pts',(77.2207248867693,19.9999967758443,-75.0192185333401));
#9603=CARTESIAN_POINT('Ctrl Pts',(78.485646226527,19.9987423933827,-75.3840058480923));
#9604=CARTESIAN_POINT('Ctrl Pts',(79.749482399173,19.8765715501695,-75.7623147672491));
#9605=CARTESIAN_POINT('Ctrl Pts',(80.9801680416421,19.6420421937317,-76.1660822828712));
#9606=CARTESIAN_POINT('Ctrl Pts',(75.5183100579587,19.6420421939342,-81.615741478182));
#9607=CARTESIAN_POINT('Ctrl Pts',(77.4019982881344,19.2027017005218,-82.3893379685564));
#9608=CARTESIAN_POINT('Ctrl Pts',(80.0228198058066,17.8801358368318,-83.8752251986297));
#9609=CARTESIAN_POINT('Ctrl Pts',(83.2537989365607,14.1836102564814,-86.240064256954));
#9610=CARTESIAN_POINT('Ctrl Pts',(85.250882229362,9.31886697615572,-87.9972446893186));
#9611=CARTESIAN_POINT('Ctrl Pts',(85.4650962533533,4.89232961531825,-88.1977741749354));
#9612=CARTESIAN_POINT('Ctrl Pts',(85.2233720258994,2.75010822373693,-87.9798847886316));
#9613=CARTESIAN_POINT('Ctrl Pts',(75.3242761719287,19.5867855692643,-82.296598238885));
#9614=CARTESIAN_POINT('Ctrl Pts',(77.1369239891577,19.1271472095034,-83.0318442774835));
#9615=CARTESIAN_POINT('Ctrl Pts',(79.6560271455982,17.8133018251806,-84.4640808379717));
#9616=CARTESIAN_POINT('Ctrl Pts',(82.780453671349,14.1779051535646,-86.8047051165308));
#9617=CARTESIAN_POINT('Ctrl Pts',(84.7424966316047,9.35550836719994,-88.6084044932013));
#9618=CARTESIAN_POINT('Ctrl Pts',(84.959179324144,4.88959756923627,-88.8250613101488));
#9619=CARTESIAN_POINT('Ctrl Pts',(84.7195902179074,2.73768213327564,-88.597733989616));
#9620=CARTESIAN_POINT('Ctrl Pts',(74.8832160799769,19.175547651517,-83.6154849671276));
#9621=CARTESIAN_POINT('Ctrl Pts',(76.5244283639596,18.6980929298099,-84.2509183344411));
#9622=CARTESIAN_POINT('Ctrl Pts',(78.8003821643553,17.4263515921652,-85.5407090955428));
#9623=CARTESIAN_POINT('Ctrl Pts',(81.6309898184818,13.9596165280254,-87.7625370468198));
#9624=CARTESIAN_POINT('Ctrl Pts',(83.4325465128348,9.30871984088832,-89.5853369197003));
#9625=CARTESIAN_POINT('Ctrl Pts',(83.6380628248379,4.88796367232287,-89.8221544010931));
#9626=CARTESIAN_POINT('Ctrl Pts',(83.4160456159498,2.77139681424375,-89.5864014545045));
#9627=CARTESIAN_POINT('Ctrl Pts',(74.0598184051603,17.5376785156754,-85.3807306884495));
#9628=CARTESIAN_POINT('Ctrl Pts',(75.3457547472743,17.1075831319373,-85.8089663029871));
#9629=CARTESIAN_POINT('Ctrl Pts',(77.1209708514399,15.9839518930505,-86.7667651256375));
#9630=CARTESIAN_POINT('Ctrl Pts',(79.2819935342774,12.9345568269667,-88.5396938779278));
#9631=CARTESIAN_POINT('Ctrl Pts',(80.611706813032,8.83182012011629,-90.0842246923487));
#9632=CARTESIAN_POINT('Ctrl Pts',(80.7583203395975,4.89938212950797,-90.296695126708));
#9633=CARTESIAN_POINT('Ctrl Pts',(80.5961402431535,3.02055264195405,-90.0930703850468));
#9634=CARTESIAN_POINT('Ctrl Pts',(73.5610004689479,15.804418435242,-85.8566043326827));
#9635=CARTESIAN_POINT('Ctrl Pts',(74.595165505813,15.4596689660693,-86.154062159553));
#9636=CARTESIAN_POINT('Ctrl Pts',(76.0182726393271,14.4873305139143,-86.8481767802098));
#9637=CARTESIAN_POINT('Ctrl Pts',(77.7085531637591,11.8036620382456,-88.1355086205107));
#9638=CARTESIAN_POINT('Ctrl Pts',(78.6973469860973,8.23793909795478,-89.2326494230801));
#9639=CARTESIAN_POINT('Ctrl Pts',(78.7983909640556,4.91759703461753,-89.3764067712963));
#9640=CARTESIAN_POINT('Ctrl Pts',(78.6807791838558,3.3197223935385,-89.2338178415731));
#9641=CARTESIAN_POINT('Ctrl Pts',(73.3523865651791,14.7613614626228,-85.8007811454459));
#9642=CARTESIAN_POINT('Ctrl Pts',(74.2634503929261,14.4684678003479,-86.0445735567964));
#9643=CARTESIAN_POINT('Ctrl Pts',(75.5125038225495,13.5867572245545,-86.5993045596416));
#9644=CARTESIAN_POINT('Ctrl Pts',(76.9964128035528,11.1224068376543,-87.5916204905525));
#9645=CARTESIAN_POINT('Ctrl Pts',(77.8614999461808,7.87924465077048,-88.400161528144));
#9646=CARTESIAN_POINT('Ctrl Pts',(77.9482244195276,4.9282197435455,-88.4997821665851));
#9647=CARTESIAN_POINT('Ctrl Pts',(77.8456296548754,3.50007214915795,-88.3969799994449));
#9648=CARTESIAN_POINT('',(77.8463939941272,3.51075136066827,-88.3977459667423));
#9649=CARTESIAN_POINT('Ctrl Pts',(77.8459080854038,3.50001202489107,-88.3972589692792));
#9650=CARTESIAN_POINT('Ctrl Pts',(77.8460706399428,3.5035917515903,-88.3974218887541));
#9651=CARTESIAN_POINT('Ctrl Pts',(77.8462326251033,3.5071715292197,-88.397584169506));
#9652=CARTESIAN_POINT('Ctrl Pts',(77.8463940407417,3.51075135696964,-88.3977458123698));
#9653=CARTESIAN_POINT('',(77.846393994097,6.48924863989738,-88.397745966712));
#9654=CARTESIAN_POINT('Ctrl Pts',(77.8463940407417,3.51075135696942,-88.3977458123698));
#9655=CARTESIAN_POINT('Ctrl Pts',(77.9166646696167,4.49608697966427,-88.4681367182874));
#9656=CARTESIAN_POINT('Ctrl Pts',(77.9174738333781,5.50379976313677,-88.4659242106413));
#9657=CARTESIAN_POINT('Ctrl Pts',(77.8470557172152,6.48908587042399,-88.3962979041716));
#9658=CARTESIAN_POINT('',(76.1017456591048,15.,-86.6491923245075));
#9659=CARTESIAN_POINT('Ctrl Pts',(77.8463939941272,6.48924863933157,-88.3977459667423));
#9660=CARTESIAN_POINT('Ctrl Pts',(77.8446456633392,6.52803011316893,-88.3959937224041));
#9661=CARTESIAN_POINT('Ctrl Pts',(77.8428286475563,6.56680561565219,-88.394172639323));
#9662=CARTESIAN_POINT('Ctrl Pts',(77.8241412435609,6.95099366466204,-88.3754434045174));
#9663=CARTESIAN_POINT('Ctrl Pts',(77.8018723875131,7.29607911221169,-88.3531247007597));
#9664=CARTESIAN_POINT('Ctrl Pts',(77.6992239659747,8.56670692250424,-88.2502465059123));
#9665=CARTESIAN_POINT('Ctrl Pts',(77.583658546024,9.49331886132753,-88.1344223986038));
#9666=CARTESIAN_POINT('Ctrl Pts',(77.2779335726266,11.2353124014304,-87.8280130752892));
#9667=CARTESIAN_POINT('Ctrl Pts',(77.0917498258744,12.0659984958824,-87.6414125656201));
#9668=CARTESIAN_POINT('Ctrl Pts',(76.6490765568868,13.6046700233042,-87.19774839487));
#9669=CARTESIAN_POINT('Ctrl Pts',(76.3977362415176,14.3216842574806,-86.9458454668948));
#9670=CARTESIAN_POINT('Ctrl Pts',(76.1017456591054,14.9999999999986,-86.6491923245081));
#9671=CARTESIAN_POINT('Ctrl Pts',(75.5183100579587,19.6420421939342,-81.6157414781821));
#9672=CARTESIAN_POINT('Ctrl Pts',(75.6840316849739,19.545121605929,-82.1247011234306));
#9673=CARTESIAN_POINT('Ctrl Pts',(75.7490648253906,19.3932482476103,-82.6494848760267));
#9674=CARTESIAN_POINT('Ctrl Pts',(75.7799831944567,18.9447023718231,-83.6314219030553));
#9675=CARTESIAN_POINT('Ctrl Pts',(75.7551923517743,18.6739664252758,-84.0658914337557));
#9676=CARTESIAN_POINT('Ctrl Pts',(75.6948422312228,17.879585184452,-85.0160709890364));
#9677=CARTESIAN_POINT('Ctrl Pts',(75.6590898325733,17.3286846739942,-85.4599061060067));
#9678=CARTESIAN_POINT('Ctrl Pts',(75.7411402521201,16.2452097127524,-86.1003989765954));
#9679=CARTESIAN_POINT('Ctrl Pts',(75.8212589842385,15.7824262133528,-86.3086956315134));
#9680=CARTESIAN_POINT('Ctrl Pts',(76.0089826697399,15.2262666504111,-86.55089017198));
#9681=CARTESIAN_POINT('Ctrl Pts',(76.0528277113528,15.1121042898777,-86.6001648763993));
#9682=CARTESIAN_POINT('Ctrl Pts',(76.1017456591048,15.,-86.6491923245075));
#9683=CARTESIAN_POINT('Ctrl Pts',(-86.7372585133317,2.5,-88.0172738842497));
#9684=CARTESIAN_POINT('Ctrl Pts',(-85.8321367285725,2.5,-89.1387161112976));
#9685=CARTESIAN_POINT('Ctrl Pts',(-83.6215858624587,2.5,-90.4254554788944));
#9686=CARTESIAN_POINT('Ctrl Pts',(-80.166293519029,2.5,-90.1709327582195));
#9687=CARTESIAN_POINT('Ctrl Pts',(-78.4827356576524,2.5,-89.1428464535551));
#9688=CARTESIAN_POINT('Ctrl Pts',(-77.8025129018319,2.5,-88.4643526858721));
#9689=CARTESIAN_POINT('Ctrl Pts',(-86.4905160166581,2.5,-87.818126747127));
#9690=CARTESIAN_POINT('Ctrl Pts',(-85.6334621631653,2.499985718572,-88.8795298614041));
#9691=CARTESIAN_POINT('Ctrl Pts',(-83.5410431283553,2.49960166433901,-90.0983944022377));
#9692=CARTESIAN_POINT('Ctrl Pts',(-80.2668196825935,2.49983688953932,-89.8641183105836));
#9693=CARTESIAN_POINT('Ctrl Pts',(-78.6640581187235,2.49981091417076,-88.8944904260242));
#9694=CARTESIAN_POINT('Ctrl Pts',(-78.0138103085682,2.5,-88.2525168354137));
#9695=CARTESIAN_POINT('Ctrl Pts',(-86.0647422276791,2.7843267843405,-87.474482533908));
#9696=CARTESIAN_POINT('Ctrl Pts',(-85.2898907452686,2.78489499296721,-88.433287435834));
#9697=CARTESIAN_POINT('Ctrl Pts',(-83.4031391899059,2.78297839250114,-89.5360616552655));
#9698=CARTESIAN_POINT('Ctrl Pts',(-80.4390978847151,2.77163257517274,-89.335504181213));
#9699=CARTESIAN_POINT('Ctrl Pts',(-78.9778268682302,2.75952022574011,-88.4655718938676));
#9700=CARTESIAN_POINT('Ctrl Pts',(-78.3794839156001,2.75130069861589,-87.8859113917771));
#9701=CARTESIAN_POINT('Ctrl Pts',(-85.9451721720449,3.35698534999776,-87.377976927512));
#9702=CARTESIAN_POINT('Ctrl Pts',(-85.1942357546965,3.35834752433983,-88.3079919236126));
#9703=CARTESIAN_POINT('Ctrl Pts',(-83.3613984610157,3.35367533834935,-89.3759624519978));
#9704=CARTESIAN_POINT('Ctrl Pts',(-80.4902468769305,3.32623861371633,-89.1709113421865));
#9705=CARTESIAN_POINT('Ctrl Pts',(-79.0819378951296,3.29630446442937,-88.3203988931738));
#9706=CARTESIAN_POINT('Ctrl Pts',(-78.5087204194322,3.27560654310758,-87.7563455579015));
#9707=CARTESIAN_POINT('Ctrl Pts',(-85.9625212538423,3.59375,-87.3919794605909));
#9708=CARTESIAN_POINT('Ctrl Pts',(-85.208356165901,3.59529385322909,-88.3266184203546));
#9709=CARTESIAN_POINT('Ctrl Pts',(-83.3659094818877,3.58988518274823,-89.3985770969122));
#9710=CARTESIAN_POINT('Ctrl Pts',(-80.4842064430892,3.55863377009321,-89.1841692903648));
#9711=CARTESIAN_POINT('Ctrl Pts',(-79.0781733092387,3.52409692117249,-88.3243534784021));
#9712=CARTESIAN_POINT('Ctrl Pts',(-78.5087193067266,3.50000702141821,-87.7563466734426));
#9713=CARTESIAN_POINT('',(-78.5088375858567,3.50001202485968,-87.7564646481647));
#9714=CARTESIAN_POINT('Ctrl Pts',(-78.508719257277,3.49963211288867,-87.7563467234659));
#9715=CARTESIAN_POINT('Ctrl Pts',(-78.5114933187572,3.49790892135372,-87.7591146659677));
#9716=CARTESIAN_POINT('Ctrl Pts',(-78.512584520294,3.49727098372476,-87.7602033215638));
#9717=CARTESIAN_POINT('Ctrl Pts',(-78.51456539277,3.49602972449337,-87.7621799183062));
#9718=CARTESIAN_POINT('Ctrl Pts',(-78.522387203331,3.49112840213037,-87.7699848454085));
#9719=CARTESIAN_POINT('Ctrl Pts',(-78.5412450428689,3.47939180396553,-87.7888034139514));
#9720=CARTESIAN_POINT('Ctrl Pts',(-78.5652610132469,3.46443388259325,-87.8127767378548));
#9721=CARTESIAN_POINT('Ctrl Pts',(-78.5873893869164,3.45065161736582,-87.8348658169586));
#9722=CARTESIAN_POINT('Ctrl Pts',(-78.6138980601771,3.43413306092312,-87.8613329039374));
#9723=CARTESIAN_POINT('Ctrl Pts',(-78.6402054005841,3.41775770621739,-87.8876016912395));
#9724=CARTESIAN_POINT('Ctrl Pts',(-78.6547072601136,3.40873083044758,-87.9020822984606));
#9725=CARTESIAN_POINT('Ctrl Pts',(-78.669148163288,3.39974864609807,-87.9165026009234));
#9726=CARTESIAN_POINT('Ctrl Pts',(-78.6827589730523,3.39129747050971,-87.9300926945305));
#9727=CARTESIAN_POINT('Ctrl Pts',(-78.7392640552639,3.35621253583839,-87.9865117739116));
#9728=CARTESIAN_POINT('Ctrl Pts',(-78.7959037755754,3.32120217848881,-88.0430543369198));
#9729=CARTESIAN_POINT('Ctrl Pts',(-78.8525819506887,3.28651691438105,-88.0995934525436));
#9730=CARTESIAN_POINT('Ctrl Pts',(-78.9197851057055,3.24539069293911,-88.1666317251096));
#9731=CARTESIAN_POINT('Ctrl Pts',(-78.9873148541095,3.20455413514062,-88.2339354844642));
#9732=CARTESIAN_POINT('Ctrl Pts',(-79.0550550445679,3.16440185795587,-88.3013878093022));
#9733=CARTESIAN_POINT('Ctrl Pts',(-79.1021105978954,3.13651017936001,-88.3482433974988));
#9734=CARTESIAN_POINT('Ctrl Pts',(-79.1492669398196,3.10894937598545,-88.3951710139718));
#9735=CARTESIAN_POINT('Ctrl Pts',(-79.1964729596959,3.08185906846527,-88.4421355946783));
#9736=CARTESIAN_POINT('Ctrl Pts',(-79.259059682358,3.04594217549187,-88.5044022122691));
#9737=CARTESIAN_POINT('Ctrl Pts',(-79.3221353933116,3.01061779629344,-88.5671328425027));
#9738=CARTESIAN_POINT('Ctrl Pts',(-79.3855925482812,2.97625542167682,-88.6302918689418));
#9739=CARTESIAN_POINT('Ctrl Pts',(-79.4384710088924,2.9476214642682,-88.682921900865));
#9740=CARTESIAN_POINT('Ctrl Pts',(-79.4916141100212,2.91965626497757,-88.7358497833356));
#9741=CARTESIAN_POINT('Ctrl Pts',(-79.5449470926799,2.89259630709444,-88.7890645691347));
#9742=CARTESIAN_POINT('Ctrl Pts',(-79.6045474482627,2.86235642491479,-88.8485328380703));
#9743=CARTESIAN_POINT('Ctrl Pts',(-79.6643871341563,2.83324779428727,-88.9083615424348));
#9744=CARTESIAN_POINT('Ctrl Pts',(-79.7244052207907,2.80547712894341,-88.9684026194254));
#9745=CARTESIAN_POINT('Ctrl Pts',(-79.7797122062633,2.77988631339317,-89.0237307906332));
#9746=CARTESIAN_POINT('Ctrl Pts',(-79.8351706004123,2.75543185362065,-89.0792390562094));
#9747=CARTESIAN_POINT('Ctrl Pts',(-79.8906969966851,2.73228786626242,-89.1348008000833));
#9748=CARTESIAN_POINT('Ctrl Pts',(-79.9373681273995,2.71283484694629,-89.181501641217));
#9749=CARTESIAN_POINT('Ctrl Pts',(-79.9856441611197,2.69367601042986,-89.2297720984133));
#9750=CARTESIAN_POINT('Ctrl Pts',(-80.0353330421713,2.67515822560619,-89.2794183743453));
#9751=CARTESIAN_POINT('Ctrl Pts',(-80.0856403660561,2.6564099628352,-89.3296825628343));
#9752=CARTESIAN_POINT('Ctrl Pts',(-80.1373968376216,2.63831851406253,-89.3813576776622));
#9753=CARTESIAN_POINT('Ctrl Pts',(-80.1903881639374,2.62129470971155,-89.434222685777));
#9754=CARTESIAN_POINT('Ctrl Pts',(-80.2388792872049,2.60571662452935,-89.4825982182133));
#9755=CARTESIAN_POINT('Ctrl Pts',(-80.2884048754915,2.59103303729785,-89.5319702057544));
#9756=CARTESIAN_POINT('Ctrl Pts',(-80.3387792298986,2.57759820112754,-89.5821483018899));
#9757=CARTESIAN_POINT('Ctrl Pts',(-80.3434542056052,2.57635138549174,-89.5868050639109));
#9758=CARTESIAN_POINT('Ctrl Pts',(-80.348136472264,2.57511535248404,-89.5914687521896));
#9759=CARTESIAN_POINT('Ctrl Pts',(-80.3528258690239,2.57389040221655,-89.5961392041801));
#9760=CARTESIAN_POINT('Ctrl Pts',(-80.4007209661358,2.5613793874692,-89.6438408091192));
#9761=CARTESIAN_POINT('Ctrl Pts',(-80.4493623158223,2.55002182295018,-89.6922497205431));
#9762=CARTESIAN_POINT('Ctrl Pts',(-80.4985559955633,2.54015505349448,-89.7411927810681));
#9763=CARTESIAN_POINT('Ctrl Pts',(-80.5465599955446,2.53052689794157,-89.7889522227056));
#9764=CARTESIAN_POINT('Ctrl Pts',(-80.5950903020018,2.52231839271764,-89.8372204082366));
#9765=CARTESIAN_POINT('Ctrl Pts',(-80.6439347934081,2.51587280115223,-89.8858150930757));
#9766=CARTESIAN_POINT('Ctrl Pts',(-80.6913344247943,2.50961787545909,-89.9329723073771));
#9767=CARTESIAN_POINT('Ctrl Pts',(-80.7390301606389,2.50502323257927,-89.9804370253965));
#9768=CARTESIAN_POINT('Ctrl Pts',(-80.7867934130011,2.50242939311523,-90.0280213082855));
#9769=CARTESIAN_POINT('Ctrl Pts',(-80.8163962189363,2.50082177800354,-90.0575131921557));
#9770=CARTESIAN_POINT('Ctrl Pts',(-80.8460242576122,2.49998325387523,-90.0870505792992));
#9771=CARTESIAN_POINT('Ctrl Pts',(-80.8756155523016,2.5,-90.1165843343706));
#9772=CARTESIAN_POINT('',(-85.9625212538425,3.59375000000248,-87.3919794605911));
#9773=CARTESIAN_POINT('Origin',(-86.7372585133317,3.5,-88.0172738842497));
#9774=CARTESIAN_POINT('Ctrl Pts',(-85.9625212538423,3.59375,-87.3919794605909));
#9775=CARTESIAN_POINT('Ctrl Pts',(-85.208356165901,3.59529385322909,-88.3266184203546));
#9776=CARTESIAN_POINT('Ctrl Pts',(-83.3659094818877,3.58988518274823,-89.3985770969122));
#9777=CARTESIAN_POINT('Ctrl Pts',(-80.4842634467128,3.55863438828451,-89.1841735316144));
#9778=CARTESIAN_POINT('Ctrl Pts',(-79.078270655242,3.52409931228694,-88.3244130062614));
#9779=CARTESIAN_POINT('Ctrl Pts',(-78.5088375858891,3.5000120248619,-87.7564646481113));
#9780=CARTESIAN_POINT('Origin',(-96.9082321281788,3.5,-96.2263189593966));
#9781=CARTESIAN_POINT('',(-88.0494407141782,3.59375,-85.3003885364094));
#9782=CARTESIAN_POINT('Origin',(-88.6764658440456,3.5,-86.0737257358347));
#9783=CARTESIAN_POINT('Origin',(-96.9082321281788,3.59375,-96.2263189593966));
#9784=CARTESIAN_POINT('Ctrl Pts',(-88.0494407141782,3.59375,-85.3003885364095));
#9785=CARTESIAN_POINT('Ctrl Pts',(-88.9823910665426,3.59529385322907,-84.5441355331328));
#9786=CARTESIAN_POINT('Ctrl Pts',(-90.0502274625193,3.5898851826073,-82.6992966183603));
#9787=CARTESIAN_POINT('Ctrl Pts',(-89.8293768616955,3.55863377000258,-79.8180801847293));
#9788=CARTESIAN_POINT('Ctrl Pts',(-88.9664193835847,3.52409692117479,-78.4139730646064));
#9789=CARTESIAN_POINT('Ctrl Pts',(-88.3971407311371,3.50000702142144,-77.8457905170829));
#9790=CARTESIAN_POINT('Ctrl Pts',(-88.0307189946381,3.27806379999702,-85.2772982303469));
#9791=CARTESIAN_POINT('Ctrl Pts',(-88.9569867646864,3.27935940414937,-84.5257756474638));
#9792=CARTESIAN_POINT('Ctrl Pts',(-90.018949137119,3.27476110822197,-82.6926990181811));
#9793=CARTESIAN_POINT('Ctrl Pts',(-89.810927741215,3.2486961408836,-79.8268519896945));
#9794=CARTESIAN_POINT('Ctrl Pts',(-88.9608163998418,3.22028531811869,-78.4188785941347));
#9795=CARTESIAN_POINT('Ctrl Pts',(-88.3971392470693,3.20080638367333,-77.845792004013));
#9796=CARTESIAN_POINT('Ctrl Pts',(-88.1766932173983,2.70666653342726,-85.4573345498505));
#9797=CARTESIAN_POINT('Ctrl Pts',(-89.1471332026999,2.70707131926584,-84.6695494047491));
#9798=CARTESIAN_POINT('Ctrl Pts',(-90.2608650820886,2.70564536023771,-82.7541681180337));
#9799=CARTESIAN_POINT('Ctrl Pts',(-90.049692107024,2.69755389071115,-79.7499352902535));
#9800=CARTESIAN_POINT('Ctrl Pts',(-89.1637602367279,2.68887209234489,-78.272073884598));
#9801=CARTESIAN_POINT('Ctrl Pts',(-88.5746618252331,2.68300471597147,-77.667927034364));
#9802=CARTESIAN_POINT('Ctrl Pts',(-88.5266920877248,2.50000000000001,-85.889003287334));
#9803=CARTESIAN_POINT('Ctrl Pts',(-89.6015175005458,2.49999492902062,-85.0172479091953));
#9804=CARTESIAN_POINT('Ctrl Pts',(-90.833002689564,2.4998642861241,-82.8932578407608));
#9805=CARTESIAN_POINT('Ctrl Pts',(-90.5860222362878,2.4999471208647,-79.5734076569435));
#9806=CARTESIAN_POINT('Ctrl Pts',(-89.5978487169212,2.49993788160011,-77.9531990786326));
#9807=CARTESIAN_POINT('Ctrl Pts',(-88.9450437818608,2.5,-77.2968307143605));
#9808=CARTESIAN_POINT('Ctrl Pts',(-88.6764658440456,2.50000000000001,-86.0737257358346));
#9809=CARTESIAN_POINT('Ctrl Pts',(-89.7958814659853,2.50000000000001,-85.1660987314127));
#9810=CARTESIAN_POINT('Ctrl Pts',(-91.077674957139,2.50000000000001,-82.9526763177839));
#9811=CARTESIAN_POINT('Ctrl Pts',(-90.8154270281699,2.50000000000001,-79.4979617076026));
#9812=CARTESIAN_POINT('Ctrl Pts',(-89.7835789473824,2.5,-77.8167067968545));
#9813=CARTESIAN_POINT('Ctrl Pts',(-89.1035659356529,2.5,-77.1380028155964));
#9814=CARTESIAN_POINT('',(-88.3972589699528,3.50001202485966,-77.8459085320555));
#9815=CARTESIAN_POINT('Ctrl Pts',(-90.7626647450503,2.50000000000001,-80.2074034882407));
#9816=CARTESIAN_POINT('Ctrl Pts',(-90.7146386773081,2.49998794619503,-80.1593825645903));
#9817=CARTESIAN_POINT('Ctrl Pts',(-90.666384094187,2.50216210330836,-80.1111546620526));
#9818=CARTESIAN_POINT('Ctrl Pts',(-90.6180652537288,2.50623611704682,-80.0628824788007));
#9819=CARTESIAN_POINT('Ctrl Pts',(-90.5685567310804,2.51041043910273,-80.0134217621287));
#9820=CARTESIAN_POINT('Ctrl Pts',(-90.518980481895,2.51657940158913,-79.9639144584405));
#9821=CARTESIAN_POINT('Ctrl Pts',(-90.4694813506363,2.52447049422342,-79.9145062370446));
#9822=CARTESIAN_POINT('Ctrl Pts',(-90.4179964027356,2.53267816338498,-79.8631158461479));
#9823=CARTESIAN_POINT('Ctrl Pts',(-90.3665946667201,2.54274890952599,-79.811832571045));
#9824=CARTESIAN_POINT('Ctrl Pts',(-90.3154087538762,2.55441359205701,-79.760790224356));
#9825=CARTESIAN_POINT('Ctrl Pts',(-90.2903378800863,2.56012695667801,-79.7357896693072));
#9826=CARTESIAN_POINT('Ctrl Pts',(-90.2653183527834,2.56622327130598,-79.7108464738453));
#9827=CARTESIAN_POINT('Ctrl Pts',(-90.2403635029707,2.57267399022615,-79.685973987571));
#9828=CARTESIAN_POINT('Ctrl Pts',(-90.1865811021797,2.5865765042849,-79.6323690957156));
#9829=CARTESIAN_POINT('Ctrl Pts',(-90.1331006036893,2.60212265269432,-79.5790944464547));
#9830=CARTESIAN_POINT('Ctrl Pts',(-90.0800526601392,2.61905612911097,-79.5262520417056));
#9831=CARTESIAN_POINT('Ctrl Pts',(-90.0674052399456,2.62309332220931,-79.5136536250247));
#9832=CARTESIAN_POINT('Ctrl Pts',(-90.0547823044522,2.62720954522104,-79.5010796551553));
#9833=CARTESIAN_POINT('Ctrl Pts',(-90.0421854422764,2.63140164075026,-79.4885312936618));
#9834=CARTESIAN_POINT('Ctrl Pts',(-89.9843193697847,2.65065882562693,-79.4308880182414));
#9835=CARTESIAN_POINT('Ctrl Pts',(-89.9265112292098,2.67167662196206,-79.3732794916079));
#9836=CARTESIAN_POINT('Ctrl Pts',(-89.8689289744177,2.6942415133713,-79.3158136886327));
#9837=CARTESIAN_POINT('Ctrl Pts',(-89.8391068118171,2.70592799322697,-79.2860518370608));
#9838=CARTESIAN_POINT('Ctrl Pts',(-89.8093449129431,2.71802974012053,-79.2563274905307));
#9839=CARTESIAN_POINT('Ctrl Pts',(-89.779664487139,2.73051896399963,-79.226651008831));
#9840=CARTESIAN_POINT('Ctrl Pts',(-89.7185298208842,2.7562438150739,-79.1655244664993));
#9841=CARTESIAN_POINT('Ctrl Pts',(-89.6577395867583,2.78360932935692,-79.1046023618079));
#9842=CARTESIAN_POINT('Ctrl Pts',(-89.597322988452,2.81223234648679,-79.044017093416));
#9843=CARTESIAN_POINT('Ctrl Pts',(-89.5352986921951,2.84161702791539,-78.9818196387283));
#9844=CARTESIAN_POINT('Ctrl Pts',(-89.4736681078805,2.87232699630909,-78.9199768859091));
#9845=CARTESIAN_POINT('Ctrl Pts',(-89.4124723785469,2.90399476550847,-78.8586045700171));
#9846=CARTESIAN_POINT('Ctrl Pts',(-89.3719467553735,2.92496609954262,-78.8179620059983));
#9847=CARTESIAN_POINT('Ctrl Pts',(-89.331612030486,2.94635844872458,-78.7775252018166));
#9848=CARTESIAN_POINT('Ctrl Pts',(-89.291482668406,2.96807604223041,-78.7373222799169));
#9849=CARTESIAN_POINT('Ctrl Pts',(-89.2255251348456,3.00377157358863,-78.6712438417614));
#9850=CARTESIAN_POINT('Ctrl Pts',(-89.1596216403377,3.04061640734608,-78.605298224349));
#9851=CARTESIAN_POINT('Ctrl Pts',(-89.0938870795468,3.07824930089468,-78.5396284728422));
#9852=CARTESIAN_POINT('Ctrl Pts',(-89.0271218787168,3.11647223363131,-78.4729290974292));
#9853=CARTESIAN_POINT('Ctrl Pts',(-88.9605309775587,3.15550777733331,-78.4065139974281));
#9854=CARTESIAN_POINT('Ctrl Pts',(-88.8942402773754,3.19500422612382,-78.3404872489602));
#9855=CARTESIAN_POINT('Ctrl Pts',(-88.8772859462701,3.20510573159025,-78.3236004254354));
#9856=CARTESIAN_POINT('Ctrl Pts',(-88.860351279692,3.21523753556587,-78.306738786934));
#9857=CARTESIAN_POINT('Ctrl Pts',(-88.8434384442109,3.22539407218512,-78.2899036359431));
#9858=CARTESIAN_POINT('Ctrl Pts',(-88.7780591629401,3.26465579533696,-78.2248246565424));
#9859=CARTESIAN_POINT('Ctrl Pts',(-88.7127036684839,3.30446862800192,-78.1598445644822));
#9860=CARTESIAN_POINT('Ctrl Pts',(-88.647535598661,3.34451208921318,-78.0950473498375));
#9861=CARTESIAN_POINT('Ctrl Pts',(-88.6389674827483,3.3497768917175,-78.0865279929284));
#9862=CARTESIAN_POINT('Ctrl Pts',(-88.6304026036272,3.35504570350634,-78.0780117272183));
#9863=CARTESIAN_POINT('Ctrl Pts',(-88.6218413308068,3.36031781825824,-78.069498680817));
#9864=CARTESIAN_POINT('Ctrl Pts',(-88.5906845188208,3.37950448495343,-78.0385173779531));
#9865=CARTESIAN_POINT('Ctrl Pts',(-88.5579310997614,3.39977918108772,-78.0059474824125));
#9866=CARTESIAN_POINT('Ctrl Pts',(-88.527483623127,3.41866346287694,-77.9756494766824));
#9867=CARTESIAN_POINT('Ctrl Pts',(-88.4987110847867,3.43650890630505,-77.9470181867411));
#9868=CARTESIAN_POINT('Ctrl Pts',(-88.4719945649991,3.45310979785985,-77.9204126354843));
#9869=CARTESIAN_POINT('Ctrl Pts',(-88.4506068976698,3.46640178627841,-77.8991004595382));
#9870=CARTESIAN_POINT('Ctrl Pts',(-88.4260616882885,3.48165612111562,-77.8746418866179));
#9871=CARTESIAN_POINT('Ctrl Pts',(-88.4085332573508,3.49255550751483,-77.8571559841466));
#9872=CARTESIAN_POINT('Ctrl Pts',(-88.4029867514562,3.49603023404818,-77.8516229067522));
#9873=CARTESIAN_POINT('Ctrl Pts',(-88.4010057819497,3.49727125450984,-77.8496467333191));
#9874=CARTESIAN_POINT('Ctrl Pts',(-88.3999147207515,3.49790907594185,-77.8485581030214));
#9875=CARTESIAN_POINT('Ctrl Pts',(-88.3971407825901,3.49963211494724,-77.8457904659782));
#9876=CARTESIAN_POINT('Ctrl Pts',(-88.3972589698996,3.50001202486188,-77.845908532088));
#9877=CARTESIAN_POINT('Ctrl Pts',(-88.9664791289168,3.52409931228768,-78.4140702772021));
#9878=CARTESIAN_POINT('Ctrl Pts',(-89.8293812303886,3.55863438819348,-79.8181371786902));
#9879=CARTESIAN_POINT('Ctrl Pts',(-90.0502274625193,3.5898851826073,-82.6992966183603));
#9880=CARTESIAN_POINT('Ctrl Pts',(-88.9823910665426,3.59529385322907,-84.5441355331328));
#9881=CARTESIAN_POINT('Ctrl Pts',(-88.0494407141782,3.59375,-85.3003885364095));
#9882=CARTESIAN_POINT('Origin',(0.,27.,-2.22044604925031E-15));
#9883=CARTESIAN_POINT('',(-28.4652727862883,27.,4.03617953047105));
#9884=CARTESIAN_POINT('',(-28.4652726878713,27.,-4.03618022456025));
#9885=CARTESIAN_POINT('Origin',(-27.4999997206032,27.,-3.35276126861572E-7));
#9886=CARTESIAN_POINT('',(-4.03617976142684,27.,-28.4652727535404));
#9887=CARTESIAN_POINT('Origin',(0.,27.,0.));
#9888=CARTESIAN_POINT('',(4.03618022415297,27.,-28.465272687929));
#9889=CARTESIAN_POINT('Origin',(2.23517417907715E-7,27.,-27.5000001862645));
#9890=CARTESIAN_POINT('',(28.4652727114082,27.,-4.03618005856522));
#9891=CARTESIAN_POINT('Origin',(0.,27.,0.));
#9892=CARTESIAN_POINT('',(28.4652728098253,27.,4.036179364476));
#9893=CARTESIAN_POINT('Origin',(27.499999050051,27.,-3.35276126861572E-7));
#9894=CARTESIAN_POINT('',(4.03618033481619,27.,28.4652726722377));
#9895=CARTESIAN_POINT('Origin',(0.,27.,0.));
#9896=CARTESIAN_POINT('',(-4.03617987209007,27.,28.4652727378491));
#9897=CARTESIAN_POINT('Origin',(2.23517417907715E-7,27.,27.5000006332994));
#9898=CARTESIAN_POINT('Origin',(0.,27.,0.));
#9899=CARTESIAN_POINT('Origin',(0.,26.5,0.));
#9900=CARTESIAN_POINT('Ctrl Pts',(4.03618022415296,27.,-28.465272687929));
#9901=CARTESIAN_POINT('Ctrl Pts',(4.11855754942195,26.6705245003081,-28.1208210308237));
#9902=CARTESIAN_POINT('Ctrl Pts',(4.1545434395264,26.3320471175862,-27.7730656921288));
#9903=CARTESIAN_POINT('Ctrl Pts',(4.14953706186132,26.,-27.4379999666929));
#9904=CARTESIAN_POINT('Ctrl Pts',(27.4379999472677,26.,-4.14953719030635));
#9905=CARTESIAN_POINT('Ctrl Pts',(27.7730507359304,26.33203230168,-4.15454325459969));
#9906=CARTESIAN_POINT('Ctrl Pts',(28.120796478687,26.6705010071312,-4.11856336585224));
#9907=CARTESIAN_POINT('Ctrl Pts',(28.4652727114082,27.,-4.03618005856522));
#9908=CARTESIAN_POINT('Origin',(0.,26.5,0.));
#9909=CARTESIAN_POINT('Ctrl Pts',(4.14953705519699,26.,27.4379999677008));
#9910=CARTESIAN_POINT('Ctrl Pts',(4.15454324503919,26.3320322765044,27.7730507116896));
#9911=CARTESIAN_POINT('Ctrl Pts',(4.1185634969782,26.6705009827875,28.1207964342335));
#9912=CARTESIAN_POINT('Ctrl Pts',(4.03618033481619,27.,28.4652726722377));
#9913=CARTESIAN_POINT('Ctrl Pts',(28.4652728098253,27.,4.036179364476));
#9914=CARTESIAN_POINT('Ctrl Pts',(28.1208211582474,26.670524517607,4.11855680193238));
#9915=CARTESIAN_POINT('Ctrl Pts',(27.7730658059164,26.3320471355092,4.15454280103929));
#9916=CARTESIAN_POINT('Ctrl Pts',(27.4380000484489,26.,4.14953652126586));
#9917=CARTESIAN_POINT('Origin',(0.,26.5,0.));
#9918=CARTESIAN_POINT('Ctrl Pts',(-27.4380000499607,26.,4.14953651126955));
#9919=CARTESIAN_POINT('Ctrl Pts',(-27.7730508198161,26.3320322910174,4.15454262114344));
#9920=CARTESIAN_POINT('Ctrl Pts',(-28.1207965531966,26.6705009968209,4.11856278410005));
#9921=CARTESIAN_POINT('Ctrl Pts',(-28.4652727862883,27.,4.03617953047105));
#9922=CARTESIAN_POINT('Ctrl Pts',(-4.03617987209007,27.,28.4652727378491));
#9923=CARTESIAN_POINT('Ctrl Pts',(-4.11855716157288,26.6705244935019,28.1208210805667));
#9924=CARTESIAN_POINT('Ctrl Pts',(-4.15454301722435,26.3320471105344,27.7730657481095));
#9925=CARTESIAN_POINT('Ctrl Pts',(-4.14953660917002,26.,27.4380000351549));
#9926=CARTESIAN_POINT('Origin',(0.,26.5,0.));
#9927=CARTESIAN_POINT('Ctrl Pts',(-28.4652726878713,27.,-4.03618022456025));
#9928=CARTESIAN_POINT('Ctrl Pts',(-28.1208210320105,26.6705245073978,-4.11855759153932));
#9929=CARTESIAN_POINT('Ctrl Pts',(-27.7730656872811,26.3320471249317,-4.15454352200762));
#9930=CARTESIAN_POINT('Ctrl Pts',(-27.4379999487795,26.,-4.14953718031002));
#9931=CARTESIAN_POINT('Ctrl Pts',(-4.14953661583434,26.,-27.438000034147));
#9932=CARTESIAN_POINT('Ctrl Pts',(-4.15454276439648,26.3320322836128,-27.7730507908367));
#9933=CARTESIAN_POINT('Ctrl Pts',(-4.11856297056034,26.670500989661,-28.1207965184615));
#9934=CARTESIAN_POINT('Ctrl Pts',(-4.03617976142684,27.,-28.4652727535404));
#9935=CARTESIAN_POINT('Origin',(2.23517417907715E-7,0.,-27.5000001862645));
#9936=CARTESIAN_POINT('Origin',(2.23517417907715E-7,20.,-27.5000001862645));
#9937=CARTESIAN_POINT('Origin',(-2.23517435671283E-7,0.,-2.23517417907715E-7));
#9938=CARTESIAN_POINT('Origin',(-2.23517417907715E-7,0.,-27.5000006332994));
#9939=CARTESIAN_POINT('Origin',(4.24999985471368,0.,-25.));
#9940=CARTESIAN_POINT('',(4.24999985471368,6.5,-24.4177937396863));
#9941=CARTESIAN_POINT('',(4.24999985471368,6.5,-26.1911755669452));
#9942=CARTESIAN_POINT('',(4.24999985471368,0.,-24.4177937396863));
#9943=CARTESIAN_POINT('Origin',(-4.25000009685755,0.,-28.5383513575703));
#9944=CARTESIAN_POINT('',(-4.25000009685755,6.5,-24.4177934571658));
#9945=CARTESIAN_POINT('',(-4.25000009685755,0.,-24.4177934571658));
#9946=CARTESIAN_POINT('',(-4.25000009685755,6.5,-27.9603512457304));
#9947=CARTESIAN_POINT('Origin',(-96.9082321281788,5.,-96.2263189593966));
#9948=CARTESIAN_POINT('',(-81.6157414788968,19.6420421938398,-75.518310506473));
#9949=CARTESIAN_POINT('Ctrl Pts',(-81.6157414787808,19.6420421935941,-75.5183105064514));
#9950=CARTESIAN_POINT('Ctrl Pts',(-82.0025397238229,19.4223719468939,-76.4601546210234));
#9951=CARTESIAN_POINT('Ctrl Pts',(-82.4420874731964,19.0986806851322,-77.3729722720087));
#9952=CARTESIAN_POINT('Ctrl Pts',(-82.9062352610232,18.6638182422333,-78.2257680185273));
#9953=CARTESIAN_POINT('Ctrl Pts',(-83.834530837156,17.7940933559869,-79.9313595124447));
#9954=CARTESIAN_POINT('Ctrl Pts',(-84.861226567204,16.4796837447332,-81.3968633882473));
#9955=CARTESIAN_POINT('Ctrl Pts',(-85.7261165540656,14.8476202984801,-82.5271569994331));
#9956=CARTESIAN_POINT('Ctrl Pts',(-86.5910065409271,13.2155568522271,-83.6574506106188));
#9957=CARTESIAN_POINT('Ctrl Pts',(-87.2940907846024,11.2658395709746,-84.4525339571876));
#9958=CARTESIAN_POINT('Ctrl Pts',(-87.6957826931044,9.18503276174739,-84.9044454796299));
#9959=CARTESIAN_POINT('Ctrl Pts',(-88.0449440649596,7.37633971939886,-85.2972590857629));
#9960=CARTESIAN_POINT('Ctrl Pts',(-88.1663868822085,5.46860129881508,-85.4307874259756));
#9961=CARTESIAN_POINT('Ctrl Pts',(-88.0490799810091,3.59366933767979,-85.3002414208805));
#9962=CARTESIAN_POINT('',(-77.8407333192693,20.,-74.3761361415748));
#9963=CARTESIAN_POINT('Ctrl Pts',(-81.6157414792384,19.642042193733,-75.5183105053374));
#9964=CARTESIAN_POINT('Ctrl Pts',(-80.3851499064789,19.8763823029618,-75.1176193316006));
#9965=CARTESIAN_POINT('Ctrl Pts',(-79.1210111816894,19.9987408731784,-74.742252299383));
#9966=CARTESIAN_POINT('Ctrl Pts',(-77.8537433986154,19.9999967758443,-74.3798555277308));
#9967=CARTESIAN_POINT('Ctrl Pts',(-77.8472384054271,20.,-74.3779956711461));
#9968=CARTESIAN_POINT('Ctrl Pts',(-77.8407333192693,20.,-74.3761361415748));
#9969=CARTESIAN_POINT('',(-75.0154700666703,20.,-77.2077236033201));
#9970=CARTESIAN_POINT('Origin',(-96.9082321281788,20.,-96.2263189593966));
#9971=CARTESIAN_POINT('',(-76.1660822840038,19.6420421938398,-80.9801684883261));
#9972=CARTESIAN_POINT('Ctrl Pts',(-75.0154700666703,20.,-77.2077236033201));
#9973=CARTESIAN_POINT('Ctrl Pts',(-75.0173441366033,20.,-77.2142245154139));
#9974=CARTESIAN_POINT('Ctrl Pts',(-75.0192185333398,19.9999967758443,-77.2207253338034));
#9975=CARTESIAN_POINT('Ctrl Pts',(-75.3840058481126,19.9987423933827,-78.4856466736294));
#9976=CARTESIAN_POINT('Ctrl Pts',(-75.7623147672631,19.8765715501614,-79.7494828462505));
#9977=CARTESIAN_POINT('Ctrl Pts',(-76.1660822828712,19.6420421937317,-80.9801684886769));
#9978=CARTESIAN_POINT('Ctrl Pts',(-85.9624474281781,3.59373086907462,-87.3916207980518));
#9979=CARTESIAN_POINT('Ctrl Pts',(-86.0935623072179,5.4689157925084,-87.5086435386004));
#9980=CARTESIAN_POINT('Ctrl Pts',(-85.9608760573528,7.37755190403713,-87.3875374357652));
#9981=CARTESIAN_POINT('Ctrl Pts',(-85.5663627523786,9.18518113581981,-87.0393646129414));
#9982=CARTESIAN_POINT('Ctrl Pts',(-85.112495814342,11.264764090794,-86.6388099776219));
#9983=CARTESIAN_POINT('Ctrl Pts',(-84.3120929165721,13.2106614111882,-85.9377257285772));
#9984=CARTESIAN_POINT('Ctrl Pts',(-83.1822896163288,14.8450339830529,-85.0753352960988));
#9985=CARTESIAN_POINT('Ctrl Pts',(-82.6173879662072,15.6622202689852,-84.6441400798596));
#9986=CARTESIAN_POINT('Ctrl Pts',(-81.9701362154672,16.4015253677852,-84.172618317762));
#9987=CARTESIAN_POINT('Ctrl Pts',(-81.2470642496965,17.0413472263433,-83.6938234130847));
#9988=CARTESIAN_POINT('Ctrl Pts',(-79.800920318528,18.3209909431295,-82.736233603977));
#9989=CARTESIAN_POINT('Ctrl Pts',(-78.0514955273928,19.2027016991536,-81.7495512245655));
#9990=CARTESIAN_POINT('Ctrl Pts',(-76.1660822839819,19.6420421935941,-80.9801684882101));
#9991=CARTESIAN_POINT('Origin',(-2.23517435671283E-7,20.,-2.23517417907715E-7));
#9992=CARTESIAN_POINT('',(-22.0710447526593,20.,-24.3815470184549));
#9993=CARTESIAN_POINT('Ctrl Pts',(-22.0710447526593,20.,-24.3815470184549));
#9994=CARTESIAN_POINT('Ctrl Pts',(-21.8604998566058,20.,-24.5925632086281));
#9995=CARTESIAN_POINT('Ctrl Pts',(-21.628385925003,19.9999999999994,-24.7733108167865));
#9996=CARTESIAN_POINT('Ctrl Pts',(-20.9066171912929,19.9999999999994,-25.2086140595946));
#9997=CARTESIAN_POINT('Ctrl Pts',(-20.3876759989981,20.,-25.3873950437212));
#9998=CARTESIAN_POINT('Ctrl Pts',(-19.6060092243439,20.,-25.56707513256));
#9999=CARTESIAN_POINT('Ctrl Pts',(-19.37313820421,20.,-25.6107464279753));
#10000=CARTESIAN_POINT('Ctrl Pts',(-19.1338402108127,20.,-25.6494865209245));
#10001=CARTESIAN_POINT('',(-10.445574752497,20.,-12.7820419247978));
#10002=CARTESIAN_POINT('',(-27.7855884206113,20.,-24.4327869085864));
#10003=CARTESIAN_POINT('',(-43.9868491663429,20.,-40.5978629477624));
#10004=CARTESIAN_POINT('Ctrl Pts',(-26.6287780913231,20.,-17.7456523510146));
#10005=CARTESIAN_POINT('Ctrl Pts',(-26.6823842967509,20.,-18.3778937015229));
#10006=CARTESIAN_POINT('Ctrl Pts',(-26.7696301220773,20.,-18.9955618047972));
#10007=CARTESIAN_POINT('Ctrl Pts',(-27.1449693720208,20.,-21.201684639543));
#10008=CARTESIAN_POINT('Ctrl Pts',(-27.5387879396193,20.,-22.7556976010758));
#10009=CARTESIAN_POINT('Ctrl Pts',(-27.7840453751907,20.,-24.4222679679226));
#10010=CARTESIAN_POINT('Ctrl Pts',(-27.78481770798,20.,-24.4275273165722));
#10011=CARTESIAN_POINT('Ctrl Pts',(-27.7855884206113,20.,-24.4327869085864));
#10012=CARTESIAN_POINT('Origin',(96.9082316811439,5.,96.2263185123618));
#10013=CARTESIAN_POINT('',(81.6157410318619,19.6420421938398,75.5183100594381));
#10014=CARTESIAN_POINT('Ctrl Pts',(81.6157410317459,19.6420421935941,75.5183100594165));
#10015=CARTESIAN_POINT('Ctrl Pts',(82.0025392767879,19.422371946894,76.4601541739885));
#10016=CARTESIAN_POINT('Ctrl Pts',(82.4420870261615,19.0986806851322,77.3729718249739));
#10017=CARTESIAN_POINT('Ctrl Pts',(82.9062348139885,18.6638182422333,78.2257675714926));
#10018=CARTESIAN_POINT('Ctrl Pts',(83.8345303901215,17.7940933559869,79.9313590654099));
#10019=CARTESIAN_POINT('Ctrl Pts',(84.8612261201696,16.4796837447331,81.3968629412126));
#10020=CARTESIAN_POINT('Ctrl Pts',(85.7261161070314,14.84762029848,82.5271565523984));
#10021=CARTESIAN_POINT('Ctrl Pts',(86.5910060938932,13.2155568522269,83.6574501635842));
#10022=CARTESIAN_POINT('Ctrl Pts',(87.2940903375687,11.2658395709745,84.4525335101532));
#10023=CARTESIAN_POINT('Ctrl Pts',(87.6957822460706,9.1850327617472,84.9044450325954));
#10024=CARTESIAN_POINT('Ctrl Pts',(88.0449436179255,7.37633971939876,85.2972586387283));
#10025=CARTESIAN_POINT('Ctrl Pts',(88.1663864351738,5.468601298815,85.4307869789409));
#10026=CARTESIAN_POINT('Ctrl Pts',(88.0490795339742,3.5936693376798,85.3002409738457));
#10027=CARTESIAN_POINT('',(77.8407328722344,20.,74.3761356945399));
#10028=CARTESIAN_POINT('Ctrl Pts',(77.8407328722344,20.,74.37613569454));
#10029=CARTESIAN_POINT('Ctrl Pts',(77.8472379583916,20.,74.3779952241111));
#10030=CARTESIAN_POINT('Ctrl Pts',(77.8537429515811,19.9999967758443,74.3798550806962));
#10031=CARTESIAN_POINT('Ctrl Pts',(79.1210107346811,19.9987408731784,74.7422518523559));
#10032=CARTESIAN_POINT('Ctrl Pts',(80.3851494594754,19.876382302958,75.1176188845754));
#10033=CARTESIAN_POINT('Ctrl Pts',(81.6157410322376,19.6420421937265,75.5183100583137));
#10034=CARTESIAN_POINT('',(75.0154696196354,20.,77.2077231562853));
#10035=CARTESIAN_POINT('Origin',(96.9082316811439,20.,96.2263185123618));
#10036=CARTESIAN_POINT('',(76.1660818369689,19.6420421938398,80.9801680412913));
#10037=CARTESIAN_POINT('Ctrl Pts',(75.0154696196354,20.,77.2077231562853));
#10038=CARTESIAN_POINT('Ctrl Pts',(75.0173436895381,20.,77.2142240682741));
#10039=CARTESIAN_POINT('Ctrl Pts',(75.0192180863363,19.9999967758442,77.2207248868726));
#10040=CARTESIAN_POINT('Ctrl Pts',(75.3840053993988,19.9987423933883,78.4856462209991));
#10041=CARTESIAN_POINT('Ctrl Pts',(75.7623143190682,19.8765715508352,79.74948239568));
#10042=CARTESIAN_POINT('Ctrl Pts',(76.1660818358364,19.6420421937317,80.9801680416421));
#10043=CARTESIAN_POINT('Ctrl Pts',(85.9624469811431,3.59373086907273,87.3916203510169));
#10044=CARTESIAN_POINT('Ctrl Pts',(86.0935618601833,5.46891579250752,87.5086430915657));
#10045=CARTESIAN_POINT('Ctrl Pts',(85.960875610319,7.37755190403823,87.3875369887308));
#10046=CARTESIAN_POINT('Ctrl Pts',(85.5663623053451,9.18518113582224,87.0393641659069));
#10047=CARTESIAN_POINT('Ctrl Pts',(85.1124953673089,11.2647640907972,86.6388095305874));
#10048=CARTESIAN_POINT('Ctrl Pts',(84.3120924695388,13.2106614111913,85.9377252815423));
#10049=CARTESIAN_POINT('Ctrl Pts',(83.1822891692958,14.8450339830564,85.0753348490636));
#10050=CARTESIAN_POINT('Ctrl Pts',(82.6173875191742,15.6622202689889,84.6441396328242));
#10051=CARTESIAN_POINT('Ctrl Pts',(81.9701357684345,16.4015253677892,84.1726178707265));
#10052=CARTESIAN_POINT('Ctrl Pts',(81.2470638026635,17.041347226347,83.6938229660492));
#10053=CARTESIAN_POINT('Ctrl Pts',(79.8009198714947,18.3209909431325,82.7362331569416));
#10054=CARTESIAN_POINT('Ctrl Pts',(78.0514950803579,19.2027016991536,81.7495507775307));
#10055=CARTESIAN_POINT('Ctrl Pts',(76.1660818369471,19.6420421935941,80.9801680411753));
#10056=CARTESIAN_POINT('Origin',(-2.23517435671283E-7,20.,-2.23517417907715E-7));
#10057=CARTESIAN_POINT('',(24.9855800831221,20.,27.2895728788475));
#10058=CARTESIAN_POINT('Ctrl Pts',(24.9855800831195,20.,27.2895728788492));
#10059=CARTESIAN_POINT('Ctrl Pts',(24.9804121620165,20.,27.2889152901328));
#10060=CARTESIAN_POINT('Ctrl Pts',(24.9752444353798,20.,27.2882561018619));
#10061=CARTESIAN_POINT('Ctrl Pts',(23.3137031602915,20.,27.0757920727243));
#10062=CARTESIAN_POINT('Ctrl Pts',(21.7686202929838,20.,26.7112873515785));
#10063=CARTESIAN_POINT('Ctrl Pts',(19.5644444026524,20.,26.3736128191968));
#10064=CARTESIAN_POINT('Ctrl Pts',(18.9382262303804,20.,26.2958682637221));
#10065=CARTESIAN_POINT('Ctrl Pts',(18.2964021877282,20.,26.2534124826639));
#10066=CARTESIAN_POINT('',(10.4455743054622,20.,12.7820414777629));
#10067=CARTESIAN_POINT('',(43.986848719308,20.,40.5978625007276));
#10068=CARTESIAN_POINT('Origin',(-2.23517435671283E-7,20.,-2.23517417907715E-7));
#10069=CARTESIAN_POINT('',(27.2895726654098,20.,-24.9855803162415));
#10070=CARTESIAN_POINT('Ctrl Pts',(27.2895726654115,20.,-24.9855803162389));
#10071=CARTESIAN_POINT('Ctrl Pts',(27.2889150760448,20.,-24.9804123896914));
#10072=CARTESIAN_POINT('Ctrl Pts',(27.2882558892262,20.,-24.9752446740716));
#10073=CARTESIAN_POINT('Ctrl Pts',(27.075791803691,20.,-23.3137028540368));
#10074=CARTESIAN_POINT('Ctrl Pts',(26.7112871774719,20.,-21.7686206172561));
#10075=CARTESIAN_POINT('Ctrl Pts',(26.3736126479715,20.,-19.5644446446356));
#10076=CARTESIAN_POINT('Ctrl Pts',(26.2958680964343,20.,-18.9382264682553));
#10077=CARTESIAN_POINT('Ctrl Pts',(26.2534123201146,20.,-18.2964024209695));
#10078=CARTESIAN_POINT('',(12.782041670674,20.,-10.44557494584));
#10079=CARTESIAN_POINT('',(24.4327866704687,20.,-27.7855886299961));
#10080=CARTESIAN_POINT('',(40.5978625007276,20.,-43.9868491663429));
#10081=CARTESIAN_POINT('Ctrl Pts',(17.7456521126177,20.,-26.6287782501929));
#10082=CARTESIAN_POINT('Ctrl Pts',(18.3778934586226,20.,-26.6823844602108));
#10083=CARTESIAN_POINT('Ctrl Pts',(18.9955615579334,20.,-26.7696302893731));
#10084=CARTESIAN_POINT('Ctrl Pts',(21.2016843942143,20.,-27.1449695550583));
#10085=CARTESIAN_POINT('Ctrl Pts',(22.7556973584664,20.,-27.5387881347528));
#10086=CARTESIAN_POINT('Ctrl Pts',(24.4222677297008,20.,-27.7840455844749));
#10087=CARTESIAN_POINT('Ctrl Pts',(24.4275270784235,20.,-27.7848179173176));
#10088=CARTESIAN_POINT('Ctrl Pts',(24.4327866704687,20.,-27.7855886299961));
#10089=CARTESIAN_POINT('Origin',(2.23517417907715E-7,0.,27.5000006332994));
#10090=CARTESIAN_POINT('Origin',(2.23517417907715E-7,20.,27.5000006332994));
#10091=CARTESIAN_POINT('Origin',(27.499999050051,0.,-3.35276126861572E-7));
#10092=CARTESIAN_POINT('Origin',(27.499999050051,20.,-3.35276126861572E-7));
#10093=CARTESIAN_POINT('Origin',(-27.4999997206032,0.,-3.35276126861572E-7));
#10094=CARTESIAN_POINT('Origin',(-27.5000004097819,20.,0.));
#10095=CARTESIAN_POINT('Origin',(94.8359187645993,0.,-71.4461664511481));
#10096=CARTESIAN_POINT('',(87.7569501102359,0.,-78.5093245826457));
#10097=CARTESIAN_POINT('Origin',(12.782041670674,15.,-10.44557494584));
#10098=CARTESIAN_POINT('',(29.006526950057,15.,-19.6273915664713));
#10099=CARTESIAN_POINT('Ctrl Pts',(29.0065269500571,15.,-19.6273915664713));
#10100=CARTESIAN_POINT('Ctrl Pts',(29.0065269500571,15.375745281967,-19.6273915664713));
#10101=CARTESIAN_POINT('Ctrl Pts',(29.0020072452561,16.5155142228709,-19.8053236743164));
#10102=CARTESIAN_POINT('Ctrl Pts',(28.952166128491,18.2297350652545,-20.9436480349679));
#10103=CARTESIAN_POINT('Ctrl Pts',(28.5135412709639,19.6501359415667,-23.0156281314324));
#10104=CARTESIAN_POINT('Ctrl Pts',(27.7654926776619,20.0000000000005,-24.3952089795968));
#10105=CARTESIAN_POINT('Ctrl Pts',(27.2895726654096,20.,-24.9855803162414));
#10106=CARTESIAN_POINT('',(16.3215259978557,15.,-6.91399588009116));
#10107=CARTESIAN_POINT('Origin',(40.5978625007276,15.,-43.9868491663429));
#10108=CARTESIAN_POINT('',(18.9056892504244,15.,-29.3251054313265));
#10109=CARTESIAN_POINT('',(37.0583781735459,15.,-47.5184282320917));
#10110=CARTESIAN_POINT('Ctrl Pts',(24.4327866704687,20.,-27.7855886299961));
#10111=CARTESIAN_POINT('Ctrl Pts',(24.3442247339251,20.,-27.8507070361026));
#10112=CARTESIAN_POINT('Ctrl Pts',(24.2535782842402,19.9963779224281,-27.9137200233176));
#10113=CARTESIAN_POINT('Ctrl Pts',(24.1612587912046,19.989209043948,-27.9745164914656));
#10114=CARTESIAN_POINT('Ctrl Pts',(24.0666629850406,19.9818634031,-28.0368120124577));
#10115=CARTESIAN_POINT('Ctrl Pts',(23.9703111281306,19.9707938904247,-28.0967802209448));
#10116=CARTESIAN_POINT('Ctrl Pts',(23.8726655023472,19.9561247856212,-28.1543286872287));
#10117=CARTESIAN_POINT('Ctrl Pts',(23.8360576210471,19.9506252576791,-28.17590392325));
#10118=CARTESIAN_POINT('Ctrl Pts',(23.7992680483464,19.9446202201609,-28.1971393329951));
#10119=CARTESIAN_POINT('Ctrl Pts',(23.762321593707,19.9381177312043,-28.2180310517296));
#10120=CARTESIAN_POINT('Ctrl Pts',(23.6569864894972,19.919579001073,-28.2775937727403));
#10121=CARTESIAN_POINT('Ctrl Pts',(23.549862844737,19.896903757367,-28.3346503719416));
#10122=CARTESIAN_POINT('Ctrl Pts',(23.4414439016341,19.8701819917945,-28.3890773810619));
#10123=CARTESIAN_POINT('Ctrl Pts',(23.3313985693927,19.8430593738612,-28.4443208480258));
#10124=CARTESIAN_POINT('Ctrl Pts',(23.2200194014843,19.8117679741156,-28.4968551120957));
#10125=CARTESIAN_POINT('Ctrl Pts',(23.107839730631,19.7764456022491,-28.546578935668));
#10126=CARTESIAN_POINT('Ctrl Pts',(22.9937299084863,19.7405154774701,-28.5971583019741));
#10127=CARTESIAN_POINT('Ctrl Pts',(22.8787925045372,19.7004145509527,-28.6448295445353));
#10128=CARTESIAN_POINT('Ctrl Pts',(22.7635967970585,19.6563317856144,-28.6895167970161));
#10129=CARTESIAN_POINT('Ctrl Pts',(22.6743781911243,19.6221898635299,-28.7241268919287));
#10130=CARTESIAN_POINT('Ctrl Pts',(22.5850049081545,19.5856603801838,-28.7569476736384));
#10131=CARTESIAN_POINT('Ctrl Pts',(22.4957404425664,19.546848142404,-28.7879569262707));
#10132=CARTESIAN_POINT('Ctrl Pts',(22.4629736286077,19.532601114023,-28.7993396686118));
#10133=CARTESIAN_POINT('Ctrl Pts',(22.4301695310934,19.5180228183797,-28.8105003163303));
#10134=CARTESIAN_POINT('Ctrl Pts',(22.3973408986476,19.5031157204011,-28.8214357191995));
#10135=CARTESIAN_POINT('Ctrl Pts',(22.2845366894627,19.451892648545,-28.859011438347));
#10136=CARTESIAN_POINT('Ctrl Pts',(22.1714419142502,19.3967841840521,-28.8939251579844));
#10137=CARTESIAN_POINT('Ctrl Pts',(22.0586715477365,19.337969889662,-28.9262913824524));
#10138=CARTESIAN_POINT('Ctrl Pts',(21.9411121279859,19.2766579108568,-28.9600321131568));
#10139=CARTESIAN_POINT('Ctrl Pts',(21.8239061624982,19.2113186397805,-28.9910044897018));
#10140=CARTESIAN_POINT('Ctrl Pts',(21.707755369425,19.142201091795,-29.0193724830635));
#10141=CARTESIAN_POINT('Ctrl Pts',(21.5904484055054,19.0723955442545,-29.0480228528605));
#10142=CARTESIAN_POINT('Ctrl Pts',(21.4742187827371,18.9987364007312,-29.0740170834464));
#10143=CARTESIAN_POINT('Ctrl Pts',(21.3597792335737,18.921523477644,-29.0975545362911));
#10144=CARTESIAN_POINT('Ctrl Pts',(21.2468861758009,18.8453539798559,-29.1207739131871));
#10145=CARTESIAN_POINT('Ctrl Pts',(21.135736074299,18.765726544068,-29.1416029244782));
#10146=CARTESIAN_POINT('Ctrl Pts',(21.0269885148719,18.6829653150109,-29.1602562021939));
#10147=CARTESIAN_POINT('Ctrl Pts',(20.9262295272592,18.6062837076508,-29.1775392142284));
#10148=CARTESIAN_POINT('Ctrl Pts',(20.8275333971875,18.5269124061236,-29.1929548987808));
#10149=CARTESIAN_POINT('Ctrl Pts',(20.7313952062937,18.4451328074084,-29.2066870807844));
#10150=CARTESIAN_POINT('Ctrl Pts',(20.6205615137312,18.3508525342139,-29.2225183381052));
#10151=CARTESIAN_POINT('Ctrl Pts',(20.5123163815088,18.252669172169,-29.2362443204862));
#10152=CARTESIAN_POINT('Ctrl Pts',(20.407492676964,18.1508619799272,-29.248085104856));
#10153=CARTESIAN_POINT('Ctrl Pts',(20.4002476417884,18.1438254351673,-29.2489034970283));
#10154=CARTESIAN_POINT('Ctrl Pts',(20.3930189457063,18.1367715954669,-29.2497128947408));
#10155=CARTESIAN_POINT('Ctrl Pts',(20.3858068609838,18.1297005602153,-29.2505133755385));
#10156=CARTESIAN_POINT('Ctrl Pts',(20.2819731735082,18.0278975874689,-29.2620380422847));
#10157=CARTESIAN_POINT('Ctrl Pts',(20.1815848851188,17.9225271613296,-29.271712498857));
#10158=CARTESIAN_POINT('Ctrl Pts',(20.085476103807,17.8140554892915,-29.2798446425946));
#10159=CARTESIAN_POINT('Ctrl Pts',(19.9922644557534,17.7088536213686,-29.2877316484398));
#10160=CARTESIAN_POINT('Ctrl Pts',(19.9030790416901,17.6007353441804,-29.294168501459));
#10161=CARTESIAN_POINT('Ctrl Pts',(19.8186478059212,17.4901557475991,-29.2994525858956));
#10162=CARTESIAN_POINT('Ctrl Pts',(19.7427402091477,17.3907395617264,-29.3042032228736));
#10163=CARTESIAN_POINT('Ctrl Pts',(19.6706753995003,17.2893345691833,-29.3080225440815));
#10164=CARTESIAN_POINT('Ctrl Pts',(19.602950192973,17.1862865235856,-29.3111330714571));
#10165=CARTESIAN_POINT('Ctrl Pts',(19.5475925943953,17.1020565502136,-29.3136755712833));
#10166=CARTESIAN_POINT('Ctrl Pts',(19.4951338306219,17.0167290940357,-29.3157446440897));
#10167=CARTESIAN_POINT('Ctrl Pts',(19.4457620997806,16.9304573254458,-29.3174334286866));
#10168=CARTESIAN_POINT('Ctrl Pts',(19.425686410325,16.8953772258529,-29.3181201276244));
#10169=CARTESIAN_POINT('Ctrl Pts',(19.4061209352893,16.8601410398785,-29.3187439557436));
#10170=CARTESIAN_POINT('Ctrl Pts',(19.387077459598,16.824759246588,-29.3193111854712));
#10171=CARTESIAN_POINT('Ctrl Pts',(19.3787267602605,16.8092440789486,-29.3195599197351));
#10172=CARTESIAN_POINT('Ctrl Pts',(19.3704773909496,16.7937027562036,-29.3197977439672));
#10173=CARTESIAN_POINT('Ctrl Pts',(19.362327228543,16.7781302628669,-29.3200252721977));
#10174=CARTESIAN_POINT('Ctrl Pts',(19.2886910388764,16.637433793801,-29.3220809750289));
#10175=CARTESIAN_POINT('Ctrl Pts',(19.2229135989215,16.4937223708713,-29.3233016984567));
#10176=CARTESIAN_POINT('Ctrl Pts',(19.1658942734038,16.3474663206835,-29.3240571347875));
#10177=CARTESIAN_POINT('Ctrl Pts',(19.1374348907077,16.274467265256,-29.3244341868035));
#10178=CARTESIAN_POINT('Ctrl Pts',(19.111156694844,16.2008347053487,-29.3246955390759));
#10179=CARTESIAN_POINT('Ctrl Pts',(19.0871672126388,16.1266293111094,-29.3248881556574));
#10180=CARTESIAN_POINT('Ctrl Pts',(19.0417860426552,15.9862541424884,-29.3252525305844));
#10181=CARTESIAN_POINT('Ctrl Pts',(19.004598329985,15.8438280195144,-29.3253708900008));
#10182=CARTESIAN_POINT('Ctrl Pts',(18.9759778308692,15.7004537830736,-29.3253774876946));
#10183=CARTESIAN_POINT('Ctrl Pts',(18.9479048914929,15.5598225442036,-29.3253839591631));
#10184=CARTESIAN_POINT('Ctrl Pts',(18.9280746396337,15.4182801054649,-29.3252830370232));
#10185=CARTESIAN_POINT('Ctrl Pts',(18.9167910532305,15.2768744686544,-29.325202320969));
#10186=CARTESIAN_POINT('Ctrl Pts',(18.909414142108,15.184427193674,-29.3251495509421));
#10187=CARTESIAN_POINT('Ctrl Pts',(18.9056892504244,15.0920385049522,-29.3251054313265));
#10188=CARTESIAN_POINT('Ctrl Pts',(18.9056892504244,15.,-29.3251054313265));
#10189=CARTESIAN_POINT('Origin',(70.7674253397638,0.,-95.46090409824));
#10190=CARTESIAN_POINT('',(77.8463939941272,0.,-88.3977459667423));
#10191=CARTESIAN_POINT('Ctrl Pts',(18.9056892504244,15.,-29.3251054313265));
#10192=CARTESIAN_POINT('Ctrl Pts',(18.9056892504244,15.3767511739934,-29.3251054313265));
#10193=CARTESIAN_POINT('Ctrl Pts',(19.0304900204818,16.1398347276915,-29.326583077647));
#10194=CARTESIAN_POINT('Ctrl Pts',(19.5577543285103,17.205227558746,-29.3186300151901));
#10195=CARTESIAN_POINT('Ctrl Pts',(20.6223403215833,18.4742230522018,-29.2480503820505));
#10196=CARTESIAN_POINT('Ctrl Pts',(22.3972683779557,19.6513631396826,-28.9320971186723));
#10197=CARTESIAN_POINT('Ctrl Pts',(23.8181120066589,20.,-28.2375506798733));
#10198=CARTESIAN_POINT('Ctrl Pts',(24.4327866704687,20.,-27.7855886299961));
#10199=CARTESIAN_POINT('Ctrl Pts',(18.3532973233174,15.,-28.7714770027803));
#10200=CARTESIAN_POINT('Ctrl Pts',(18.3532973233174,15.4014767527112,-28.7714770027803));
#10201=CARTESIAN_POINT('Ctrl Pts',(18.4819447470038,16.2150859591678,-28.7600533782012));
#10202=CARTESIAN_POINT('Ctrl Pts',(19.0213677847136,17.3330745574003,-28.6996616878216));
#10203=CARTESIAN_POINT('Ctrl Pts',(20.099033972232,18.6284683542235,-28.5339577340284));
#10204=CARTESIAN_POINT('Ctrl Pts',(21.8467488543675,19.7356601191866,-28.102080744293));
#10205=CARTESIAN_POINT('Ctrl Pts',(23.1695212984087,20.0099777289437,-27.4218517707606));
#10206=CARTESIAN_POINT('Ctrl Pts',(23.7412743901924,20.,-26.9991832145397));
#10207=CARTESIAN_POINT('Ctrl Pts',(17.0614868739735,15.,-27.8524205058449));
#10208=CARTESIAN_POINT('Ctrl Pts',(17.0614868739735,15.4709533109078,-27.8524205058449));
#10209=CARTESIAN_POINT('Ctrl Pts',(17.1965156318525,16.4256141121354,-27.8164910600616));
#10210=CARTESIAN_POINT('Ctrl Pts',(17.7577097985244,17.7175933651093,-27.6541835656637));
#10211=CARTESIAN_POINT('Ctrl Pts',(18.8653140768866,19.1726425051126,-27.2952927112926));
#10212=CARTESIAN_POINT('Ctrl Pts',(20.6007849847655,20.299930966603,-26.5913925773044));
#10213=CARTESIAN_POINT('Ctrl Pts',(21.8234370958209,20.5031044328935,-25.845129594831));
#10214=CARTESIAN_POINT('Ctrl Pts',(22.3611045539703,20.4791564175749,-25.4296188490002));
#10215=CARTESIAN_POINT('Ctrl Pts',(14.3961354382273,15.,-27.0729546649299));
#10216=CARTESIAN_POINT('Ctrl Pts',(14.3961354382273,15.6487041736957,-27.0729546649299));
#10217=CARTESIAN_POINT('Ctrl Pts',(14.5421847700572,16.9633515866928,-27.0066316012906));
#10218=CARTESIAN_POINT('Ctrl Pts',(15.151592031378,18.7579638500717,-26.7140718868799));
#10219=CARTESIAN_POINT('Ctrl Pts',(16.3631486154183,20.8112136814478,-26.08690866031));
#10220=CARTESIAN_POINT('Ctrl Pts',(18.2935546262735,22.4874699137299,-24.917075657709));
#10221=CARTESIAN_POINT('Ctrl Pts',(19.7425611667941,22.8455181815945,-23.7941879357123));
#10222=CARTESIAN_POINT('Ctrl Pts',(20.4158775334633,22.8204615660865,-23.217457030836));
#10223=CARTESIAN_POINT('Ctrl Pts',(12.3976783236466,15.,-27.3436238465011));
#10224=CARTESIAN_POINT('Ctrl Pts',(12.3976783236466,15.8082911162304,-27.3436238465011));
#10225=CARTESIAN_POINT('Ctrl Pts',(12.557261721365,17.4459550785675,-27.2724580851248));
#10226=CARTESIAN_POINT('Ctrl Pts',(13.2310029162433,19.7166563029009,-26.9532343920129));
#10227=CARTESIAN_POINT('Ctrl Pts',(14.6019839295826,22.3896360010013,-26.2506261026598));
#10228=CARTESIAN_POINT('Ctrl Pts',(16.9149362057376,24.7823606366591,-24.8698230738889));
#10229=CARTESIAN_POINT('Ctrl Pts',(18.8840131802616,25.4387594566562,-23.3436544837284));
#10230=CARTESIAN_POINT('Ctrl Pts',(19.8103675706503,25.4292036732051,-22.5288556459428));
#10231=CARTESIAN_POINT('Ctrl Pts',(11.3111442100298,15.,-27.7859319919255));
#10232=CARTESIAN_POINT('Ctrl Pts',(11.3111442100298,15.904202817584,-27.7859319919255));
#10233=CARTESIAN_POINT('Ctrl Pts',(11.4824866093933,17.7356033464596,-27.7171341800293));
#10234=CARTESIAN_POINT('Ctrl Pts',(12.2144393447565,20.2925461409905,-27.4069245708164));
#10235=CARTESIAN_POINT('Ctrl Pts',(13.7232512823187,23.3381353252843,-26.7055057274251));
#10236=CARTESIAN_POINT('Ctrl Pts',(16.3513505866903,26.1632715352383,-25.263014459548));
#10237=CARTESIAN_POINT('Ctrl Pts',(18.7058148917473,27.,-23.5001253328767));
#10238=CARTESIAN_POINT('Ctrl Pts',(19.8103675706503,27.,-22.5288556459428));
#10239=CARTESIAN_POINT('',(11.3111442100298,15.,-27.7859319919255));
#10240=CARTESIAN_POINT('Origin',(13.9504111923701,15.,-34.2693161233748));
#10241=CARTESIAN_POINT('Ctrl Pts',(11.3111442100298,15.,-27.7859319919255));
#10242=CARTESIAN_POINT('Ctrl Pts',(11.3111442100298,15.904202817584,-27.7859319919255));
#10243=CARTESIAN_POINT('Ctrl Pts',(11.4394726192635,17.2758464820441,-27.7344052607008));
#10244=CARTESIAN_POINT('Ctrl Pts',(11.7454090728445,18.5763787393825,-27.6054640736456));
#10245=CARTESIAN_POINT('Ctrl Pts',(11.8651801358175,18.9991275671953,-27.5538674197376));
#10246=CARTESIAN_POINT('Origin',(9.24999985471368,0.,-25.));
#10247=CARTESIAN_POINT('',(9.24999985471368,6.5,-25.));
#10248=CARTESIAN_POINT('',(9.24999985471368,6.5,-26.1911755669452));
#10249=CARTESIAN_POINT('',(9.24999985471368,0.5,-28.5383514360553));
#10250=CARTESIAN_POINT('',(9.24999985471368,0.,-28.5383514360553));
#10251=CARTESIAN_POINT('',(9.24999985471368,0.5,-25.));
#10252=CARTESIAN_POINT('',(9.24999985471368,0.5,-12.5000001117587));
#10253=CARTESIAN_POINT('',(9.24999985471368,0.,-25.));
#10254=CARTESIAN_POINT('Origin',(8.99999985471368,6.75,-26.1911755669452));
#10255=CARTESIAN_POINT('',(10.6025634177855,5.1474364369282,-25.));
#10256=CARTESIAN_POINT('Origin',(4.49999985471368,6.75,-26.1911755669452));
#10257=CARTESIAN_POINT('',(4.61654576168655,6.86654590697287,-25.));
#10258=CARTESIAN_POINT('Origin',(-2.23517417907715E-7,2.24999992176892,
-27.5000006332994));
#10259=CARTESIAN_POINT('',(3.85256341778549,6.10256356307181,-25.));
#10260=CARTESIAN_POINT('Origin',(0.,0.,0.));
#10261=CARTESIAN_POINT('',(20.3960780543709,20.,-22.));
#10262=CARTESIAN_POINT('',(19.2613602842582,20.,-23.));
#10263=CARTESIAN_POINT('Origin',(0.,20.,0.));
#10264=CARTESIAN_POINT('',(19.2613602842582,19.,-23.));
#10265=CARTESIAN_POINT('Origin',(0.,42.,0.));
#10266=CARTESIAN_POINT('',(19.2613602842582,0.,-23.));
#10267=CARTESIAN_POINT('Origin',(16.7752613553144,19.5,-22.5));
#10268=CARTESIAN_POINT('',(16.7752613553144,19.,-23.));
#10269=CARTESIAN_POINT('',(8.38763067765722,20.,-22.));
#10270=CARTESIAN_POINT('Origin',(0.,0.,0.));
#10271=CARTESIAN_POINT('',(23.,20.,-19.2613602842582));
#10272=CARTESIAN_POINT('',(22.,20.,-20.396078054371));
#10273=CARTESIAN_POINT('Origin',(0.,20.,0.));
#10274=CARTESIAN_POINT('',(23.,19.,-19.2613602842582));
#10275=CARTESIAN_POINT('',(23.,0.,-19.2613602842582));
#10276=CARTESIAN_POINT('Origin',(0.,42.,0.));
#10277=CARTESIAN_POINT('Origin',(22.5,19.5,-18.3976208386213));
#10278=CARTESIAN_POINT('',(23.,19.,-18.3976208386213));
#10279=CARTESIAN_POINT('',(22.,20.,-9.19881041931067));
#10280=CARTESIAN_POINT('Origin',(0.,20.,-2.22044604925031E-15));
#10281=CARTESIAN_POINT('',(21.,20.,-23.));
#10282=CARTESIAN_POINT('',(8.87764045228235,20.,-23.));
#10283=CARTESIAN_POINT('',(23.,20.,-21.));
#10284=CARTESIAN_POINT('Origin',(21.,20.,-21.));
#10285=CARTESIAN_POINT('',(23.,20.,-10.5));
#10286=CARTESIAN_POINT('Origin',(0.,0.,0.));
#10287=CARTESIAN_POINT('',(22.,20.,20.3960780543712));
#10288=CARTESIAN_POINT('',(23.,20.,19.2613602842582));
#10289=CARTESIAN_POINT('Origin',(0.,20.,0.));
#10290=CARTESIAN_POINT('',(23.,19.,19.2613602842582));
#10291=CARTESIAN_POINT('Origin',(0.,42.,0.));
#10292=CARTESIAN_POINT('',(23.,0.,19.2613602842582));
#10293=CARTESIAN_POINT('Origin',(-2.23517435671283E-7,20.,-2.23517417907715E-7));
#10294=CARTESIAN_POINT('',(23.,20.,-15.0748134316813));
#10295=CARTESIAN_POINT('',(23.,20.,-10.5000001117587));
#10296=CARTESIAN_POINT('',(26.9988635972813,20.,-5.22602759803262));
#10297=CARTESIAN_POINT('Origin',(0.,20.,0.));
#10298=CARTESIAN_POINT('',(26.9988636822346,20.,5.22602715914417));
#10299=CARTESIAN_POINT('Origin',(27.5000001862645,20.,-2.23517417907715E-7));
#10300=CARTESIAN_POINT('',(23.,20.,15.0748134316813));
#10301=CARTESIAN_POINT('Origin',(0.,20.,0.));
#10302=CARTESIAN_POINT('',(23.,20.,8.87764034052364));
#10303=CARTESIAN_POINT('Origin',(22.5,19.5,16.775261179145));
#10304=CARTESIAN_POINT('',(23.,19.,16.775261179145));
#10305=CARTESIAN_POINT('',(22.,20.,8.38763058957252));
#10306=CARTESIAN_POINT('Origin',(0.,20.,-2.22044604925031E-15));
#10307=CARTESIAN_POINT('',(23.,20.,21.));
#10308=CARTESIAN_POINT('',(23.,20.,8.87764045228235));
#10309=CARTESIAN_POINT('',(21.,20.,23.));
#10310=CARTESIAN_POINT('Origin',(21.,20.,21.));
#10311=CARTESIAN_POINT('',(19.2613602842582,20.,23.));
#10312=CARTESIAN_POINT('',(10.5,20.,23.));
#10313=CARTESIAN_POINT('',(20.3960780543712,20.,22.));
#10314=CARTESIAN_POINT('Origin',(0.,20.,0.));
#10315=CARTESIAN_POINT('',(9.19881036343127,20.,22.));
#10316=CARTESIAN_POINT('Origin',(0.,0.,0.));
#10317=CARTESIAN_POINT('',(19.2613602842582,19.,23.));
#10318=CARTESIAN_POINT('',(19.2613602842582,0.,23.));
#10319=CARTESIAN_POINT('Origin',(0.,42.,0.));
#10320=CARTESIAN_POINT('Origin',(18.3976207268625,19.5,22.5));
#10321=CARTESIAN_POINT('',(18.3976207268625,19.,23.));
#10322=CARTESIAN_POINT('Origin',(0.,0.,0.));
#10323=CARTESIAN_POINT('',(-20.3960780543712,20.,22.));
#10324=CARTESIAN_POINT('',(-19.2613602842582,20.,23.));
#10325=CARTESIAN_POINT('Origin',(0.,20.,0.));
#10326=CARTESIAN_POINT('',(-19.2613602842582,19.,23.));
#10327=CARTESIAN_POINT('Origin',(0.,42.,0.));
#10328=CARTESIAN_POINT('',(-19.2613602842582,0.,23.));
#10329=CARTESIAN_POINT('Origin',(-2.23517435671283E-7,20.,-2.23517417907715E-7));
#10330=CARTESIAN_POINT('',(15.0748134316813,20.,23.));
#10331=CARTESIAN_POINT('',(10.4999998882413,20.,23.));
#10332=CARTESIAN_POINT('',(5.22602715914417,20.,26.9988636822346));
#10333=CARTESIAN_POINT('Origin',(0.,20.,0.));
#10334=CARTESIAN_POINT('',(-5.22602759803262,20.,26.9988635972813));
#10335=CARTESIAN_POINT('Origin',(-2.23517417907715E-7,20.,27.5000001862645));
#10336=CARTESIAN_POINT('',(-15.0748134316813,20.,23.));
#10337=CARTESIAN_POINT('Origin',(0.,20.,0.));
#10338=CARTESIAN_POINT('',(-8.87764056404107,20.,23.));
#10339=CARTESIAN_POINT('Origin',(-16.7752612909036,19.5,22.5));
#10340=CARTESIAN_POINT('',(-16.7752612909036,19.,23.));
#10341=CARTESIAN_POINT('',(-8.38763064545181,20.,22.));
#10342=CARTESIAN_POINT('Origin',(0.,20.,-2.22044604925031E-15));
#10343=CARTESIAN_POINT('',(-23.,20.,19.2613602842582));
#10344=CARTESIAN_POINT('',(-22.,20.,20.3960780543712));
#10345=CARTESIAN_POINT('Origin',(0.,20.,0.));
#10346=CARTESIAN_POINT('',(-22.,20.,9.19881045151608));
#10347=CARTESIAN_POINT('',(-21.,20.,23.));
#10348=CARTESIAN_POINT('',(-8.87764045228235,20.,23.));
#10349=CARTESIAN_POINT('',(-23.,20.,21.));
#10350=CARTESIAN_POINT('Origin',(-21.,20.,21.));
#10351=CARTESIAN_POINT('',(-23.,20.,10.5));
#10352=CARTESIAN_POINT('Origin',(0.,0.,0.));
#10353=CARTESIAN_POINT('',(-23.,19.,19.2613602842582));
#10354=CARTESIAN_POINT('',(-23.,0.,19.2613602842582));
#10355=CARTESIAN_POINT('Origin',(0.,42.,0.));
#10356=CARTESIAN_POINT('Origin',(-22.5,19.5,18.3976209030322));
#10357=CARTESIAN_POINT('',(-23.,19.,18.3976209030322));
#10358=CARTESIAN_POINT('Origin',(0.,0.,0.));
#10359=CARTESIAN_POINT('',(-22.,20.,-20.396078054371));
#10360=CARTESIAN_POINT('',(-23.,20.,-19.2613602842582));
#10361=CARTESIAN_POINT('Origin',(0.,20.,0.));
#10362=CARTESIAN_POINT('',(-23.,19.,-19.2613602842582));
#10363=CARTESIAN_POINT('Origin',(0.,42.,0.));
#10364=CARTESIAN_POINT('',(-23.,0.,-19.2613602842582));
#10365=CARTESIAN_POINT('Origin',(-2.23517435671283E-7,20.,-2.23517417907715E-7));
#10366=CARTESIAN_POINT('',(-23.,20.,15.0748134316813));
#10367=CARTESIAN_POINT('',(-23.,20.,10.4999998882413));
#10368=CARTESIAN_POINT('',(-26.998863690381,20.,5.22602711705806));
#10369=CARTESIAN_POINT('Origin',(0.,20.,0.));
#10370=CARTESIAN_POINT('',(-26.9988636054277,20.,-5.22602755594651));
#10371=CARTESIAN_POINT('Origin',(-27.5000006332994,20.,-2.23517417907715E-7));
#10372=CARTESIAN_POINT('',(-23.,20.,-15.0748134316813));
#10373=CARTESIAN_POINT('Origin',(0.,20.,0.));
#10374=CARTESIAN_POINT('',(-23.,20.,-8.87764056404105));
#10375=CARTESIAN_POINT('Origin',(-22.5,19.5,-16.7752614670732));
#10376=CARTESIAN_POINT('',(-23.,19.,-16.7752614670732));
#10377=CARTESIAN_POINT('',(-22.,20.,-8.38763073353658));
#10378=CARTESIAN_POINT('Origin',(0.,0.,0.));
#10379=CARTESIAN_POINT('',(-19.2613602842582,20.,-23.));
#10380=CARTESIAN_POINT('',(-20.396078054371,20.,-22.));
#10381=CARTESIAN_POINT('Origin',(0.,20.,0.));
#10382=CARTESIAN_POINT('',(-19.2613602842582,19.,-23.));
#10383=CARTESIAN_POINT('',(-19.2613602842582,0.,-23.));
#10384=CARTESIAN_POINT('Origin',(0.,42.,0.));
#10385=CARTESIAN_POINT('Origin',(-18.3976210147908,19.5,-22.5));
#10386=CARTESIAN_POINT('',(-18.3976210147908,19.,-23.));
#10387=CARTESIAN_POINT('',(-9.1988105073954,20.,-22.));
#10388=CARTESIAN_POINT('Origin',(0.,20.,-2.22044604925031E-15));
#10389=CARTESIAN_POINT('',(-23.,20.,-21.));
#10390=CARTESIAN_POINT('',(-23.,20.,-8.87764045228235));
#10391=CARTESIAN_POINT('',(-21.,20.,-23.));
#10392=CARTESIAN_POINT('Origin',(-21.,20.,-21.));
#10393=CARTESIAN_POINT('',(-10.5,20.,-23.));
#10394=CARTESIAN_POINT('Origin',(-2.23517417907715E-7,0.,-27.5000006332994));
#10395=CARTESIAN_POINT('',(4.61654576173242,20.,-25.0000000000157));
#10396=CARTESIAN_POINT('',(4.61654576168655,0.,-25.));
#10397=CARTESIAN_POINT('',(-4.61654620876725,20.,-25.0000000000157));
#10398=CARTESIAN_POINT('Origin',(-2.23517417907715E-7,20.,-27.5000006332994));
#10399=CARTESIAN_POINT('',(-4.61654620872138,6.86654611186383,-25.));
#10400=CARTESIAN_POINT('',(-4.61654620872138,0.,-25.));
#10401=CARTESIAN_POINT('Origin',(-2.23517417907715E-7,2.25000012665989,
-27.5000006332994));
#10402=CARTESIAN_POINT('Origin',(-4.50000009685755,6.75,-27.9603512457304));
#10403=CARTESIAN_POINT('',(-4.75000009685755,7.,-25.));
#10404=CARTESIAN_POINT('',(-4.55160988199057,6.80160978513302,-25.));
#10405=CARTESIAN_POINT('',(-4.75000009685755,7.,-27.9603512457304));
#10406=CARTESIAN_POINT('Origin',(6.49999985471368,7.,-27.3823511338905));
#10407=CARTESIAN_POINT('',(-8.75000009685755,7.,-25.));
#10408=CARTESIAN_POINT('',(-8.97821966712358,7.,-25.));
#10409=CARTESIAN_POINT('',(-8.75000009685755,7.,-27.9603512381036));
#10410=CARTESIAN_POINT('Origin',(-9.00000009685755,6.75,-27.9603512381036));
#10411=CARTESIAN_POINT('',(-9.25000009685755,6.5,-25.));
#10412=CARTESIAN_POINT('',(-11.3016098819906,4.44839021486698,-25.));
#10413=CARTESIAN_POINT('',(-9.25000009685755,6.5,-27.9603512381036));
#10414=CARTESIAN_POINT('Origin',(-2.23517435671283E-7,20.,-2.23517417907715E-7));
#10415=CARTESIAN_POINT('',(-15.0748134316813,20.,-23.));
#10416=CARTESIAN_POINT('',(-10.5000001117587,20.,-23.));
#10417=CARTESIAN_POINT('',(-11.4564392373896,20.,-25.));
#10418=CARTESIAN_POINT('Origin',(0.,20.,0.));
#10419=CARTESIAN_POINT('',(-8.66025500107057,20.,-25.));
#10420=CARTESIAN_POINT('',(11.4564392373896,20.,-25.));
#10421=CARTESIAN_POINT('',(10.441557650555,20.,-25.));
#10422=CARTESIAN_POINT('',(15.0748134316813,20.,-23.));
#10423=CARTESIAN_POINT('Origin',(0.,20.,0.));
#10424=CARTESIAN_POINT('',(8.87764034052363,20.,-23.));
#10425=CARTESIAN_POINT('Origin',(-9.25000009685755,0.,-28.5383513575703));
#10426=CARTESIAN_POINT('',(-9.25000009685755,0.5,-25.));
#10427=CARTESIAN_POINT('',(-9.25000009685755,0.,-25.));
#10428=CARTESIAN_POINT('',(-9.25000009685755,0.5,-28.5383513575703));
#10429=CARTESIAN_POINT('',(-9.25000009685755,0.5,-14.2691757905439));
#10430=CARTESIAN_POINT('',(-9.25000009685755,0.,-28.5383513575703));
#10431=CARTESIAN_POINT('Ctrl Pts',(-22.0710447526593,20.,-24.3815470184549));
#10432=CARTESIAN_POINT('Ctrl Pts',(-21.2158984980719,20.,-25.2386074747578));
#10433=CARTESIAN_POINT('Ctrl Pts',(-19.8726645113665,19.2421457316944,-26.5848482229239));
#10434=CARTESIAN_POINT('Ctrl Pts',(-18.7724513057909,17.1754783233433,-27.6875242002115));
#10435=CARTESIAN_POINT('Ctrl Pts',(-18.5394656869105,15.7274611855718,-27.9210313456366));
#10436=CARTESIAN_POINT('Ctrl Pts',(-18.5394656869105,15.,-27.9210313456366));
#10437=CARTESIAN_POINT('Ctrl Pts',(-21.4020689259818,20.7381722985178,-23.6149903105794));
#10438=CARTESIAN_POINT('Ctrl Pts',(-20.4813376324467,20.7399079967121,-24.5048223043851));
#10439=CARTESIAN_POINT('Ctrl Pts',(-18.9986192772248,19.9178682040176,-25.8720438109091));
#10440=CARTESIAN_POINT('Ctrl Pts',(-17.7213721331094,17.5531403055441,-27.0046181842396));
#10441=CARTESIAN_POINT('Ctrl Pts',(-17.4432637426336,15.8531738975238,-27.2458298866295));
#10442=CARTESIAN_POINT('Ctrl Pts',(-17.4432637426336,15.,-27.2458298866295));
#10443=CARTESIAN_POINT('Ctrl Pts',(-20.4860844279153,22.5197030597331,-22.5279155798171));
#10444=CARTESIAN_POINT('Ctrl Pts',(-19.3651394459783,22.5449220568548,-23.5601377481027));
#10445=CARTESIAN_POINT('Ctrl Pts',(-17.4427649068403,21.6053968881563,-25.0935784353531));
#10446=CARTESIAN_POINT('Ctrl Pts',(-15.5981761226428,18.4854073042634,-26.3516946132546));
#10447=CARTESIAN_POINT('Ctrl Pts',(-15.1930928704887,16.1644046355445,-26.6096255514932));
#10448=CARTESIAN_POINT('Ctrl Pts',(-15.1930928704887,15.,-26.6096255514932));
#10449=CARTESIAN_POINT('Ctrl Pts',(-20.2357597050278,24.7189337019709,-22.1475729220989));
#10450=CARTESIAN_POINT('Ctrl Pts',(-18.8222856965294,24.785917761149,-23.4387433378109));
#10451=CARTESIAN_POINT('Ctrl Pts',(-16.2429859508981,23.7245976782551,-25.3324679723616));
#10452=CARTESIAN_POINT('Ctrl Pts',(-13.5332297851068,19.6503353656049,-26.8058790487548));
#10453=CARTESIAN_POINT('Ctrl Pts',(-12.9396262846025,16.5523882224738,-27.0831764515044));
#10454=CARTESIAN_POINT('Ctrl Pts',(-12.9396262846025,15.,-27.0831764515044));
#10455=CARTESIAN_POINT('Ctrl Pts',(-20.2585784453494,25.6611720873897,-22.1266807129678));
#10456=CARTESIAN_POINT('Ctrl Pts',(-18.7132028710168,25.7460227733513,-23.5415839560827));
#10457=CARTESIAN_POINT('Ctrl Pts',(-15.8384479142199,24.632421830791,-25.6115155917466));
#10458=CARTESIAN_POINT('Ctrl Pts',(-12.7350660752837,20.1494123842455,-27.1857182285805));
#10459=CARTESIAN_POINT('Ctrl Pts',(-12.0554238930826,16.7185700899908,-27.4711986407236));
#10460=CARTESIAN_POINT('Ctrl Pts',(-12.0554238930826,15.,-27.4711986407236));
#10461=CARTESIAN_POINT('',(-12.0554238930826,15.,-27.4711986407236));
#10462=CARTESIAN_POINT('Ctrl Pts',(-12.671061555777,18.9999854052644,-27.1929468392474));
#10463=CARTESIAN_POINT('Ctrl Pts',(-12.2718874742744,17.7412385335029,-27.3802741601793));
#10464=CARTESIAN_POINT('Ctrl Pts',(-12.0554238930826,16.3716221936842,-27.4711986407236));
#10465=CARTESIAN_POINT('Ctrl Pts',(-12.0554238930826,15.,-27.4711986407236));
#10466=CARTESIAN_POINT('',(-18.5394656869105,15.,-27.9210313456366));
#10467=CARTESIAN_POINT('Origin',(-14.8683561348019,15.,-33.8811449902257));
#10468=CARTESIAN_POINT('Origin',(-22.0710447526593,15.,-24.3815470184549));
#10469=CARTESIAN_POINT('Origin',(-71.4461664511481,0.,-94.8359192116341));
#10470=CARTESIAN_POINT('',(-78.5093245826154,6.48924863989734,-87.7569505572405));
#10471=CARTESIAN_POINT('',(-78.5093245818804,3.51075133924967,-87.7569505565071));
#10472=CARTESIAN_POINT('Ctrl Pts',(-78.5099830561559,6.48908582374371,-87.7555009947371));
#10473=CARTESIAN_POINT('Ctrl Pts',(-78.5805566836522,5.50379972949214,-87.8249696872051));
#10474=CARTESIAN_POINT('Ctrl Pts',(-78.5797524725416,4.49608696223119,-87.8271840118101));
#10475=CARTESIAN_POINT('Ctrl Pts',(-78.5093246281493,3.5107513355506,-87.7569504020309));
#10476=CARTESIAN_POINT('',(-78.5093245826458,0.,-87.7569505572708));
#10477=CARTESIAN_POINT('Origin',(-10.445574752497,15.,-12.7820419247978));
#10478=CARTESIAN_POINT('',(-76.7607709404109,15.,-86.0123022222483));
#10479=CARTESIAN_POINT('',(-6.91399568674824,15.,-16.3215262519794));
#10480=CARTESIAN_POINT('Ctrl Pts',(-76.1660822825227,19.6420421939342,-80.9801684876147));
#10481=CARTESIAN_POINT('Ctrl Pts',(-76.3072601084617,19.5600387058581,-81.410479289511));
#10482=CARTESIAN_POINT('Ctrl Pts',(-76.3750197890767,19.4394279814981,-81.8470689092946));
#10483=CARTESIAN_POINT('Ctrl Pts',(-76.4410753905042,19.0439095899432,-82.8279694901005));
#10484=CARTESIAN_POINT('Ctrl Pts',(-76.4124584628383,18.7329959950945,-83.3689454557638));
#10485=CARTESIAN_POINT('Ctrl Pts',(-76.3466490485347,17.8257723124773,-84.4325625713778));
#10486=CARTESIAN_POINT('Ctrl Pts',(-76.3133339872874,17.2544686421194,-84.8786224303778));
#10487=CARTESIAN_POINT('Ctrl Pts',(-76.4205832250818,16.0668716223194,-85.5588435332182));
#10488=CARTESIAN_POINT('Ctrl Pts',(-76.5342216693621,15.5180189084531,-85.7862589376793));
#10489=CARTESIAN_POINT('Ctrl Pts',(-76.7607709404109,14.9999999999999,-86.0123022222484));
#10490=CARTESIAN_POINT('Ctrl Pts',(-85.8853498597186,2.75010822373715,-87.3225959125348));
#10491=CARTESIAN_POINT('Ctrl Pts',(-86.1275606687187,4.8923295912914,-87.5399442698551));
#10492=CARTESIAN_POINT('Ctrl Pts',(-85.9128987121119,9.31886677039982,-87.3398942266666));
#10493=CARTESIAN_POINT('Ctrl Pts',(-83.9118914676871,14.1836100713853,-85.5871836040548));
#10494=CARTESIAN_POINT('Ctrl Pts',(-80.6756327139873,17.8801355653851,-83.2295747935668));
#10495=CARTESIAN_POINT('Ctrl Pts',(-78.0514955264901,19.2027016996085,-81.7495512240564));
#10496=CARTESIAN_POINT('Ctrl Pts',(-76.1660822825227,19.6420421939342,-80.9801684876147));
#10497=CARTESIAN_POINT('Ctrl Pts',(-85.382950787374,2.73768213327586,-87.9415699970714));
#10498=CARTESIAN_POINT('Ctrl Pts',(-85.6230475832119,4.88959754510069,-88.1683610389345));
#10499=CARTESIAN_POINT('Ctrl Pts',(-85.4058808697738,9.35550819035616,-87.9521891554921));
#10500=CARTESIAN_POINT('Ctrl Pts',(-83.4398098817079,14.1779049892077,-86.1528813992932));
#10501=CARTESIAN_POINT('Ctrl Pts',(-80.3101576070576,17.8133015899217,-83.8192490521509));
#10502=CARTESIAN_POINT('Ctrl Pts',(-77.7878584982268,19.127147208548,-82.3926486181526));
#10503=CARTESIAN_POINT('Ctrl Pts',(-75.9735712392421,19.5867855692643,-81.661457395302));
#10504=CARTESIAN_POINT('Ctrl Pts',(-84.0816200557139,2.77139681590738,-88.9331496215641));
#10505=CARTESIAN_POINT('Ctrl Pts',(-84.3041638375546,4.88796365024717,-89.1684055581081));
#10506=CARTESIAN_POINT('Ctrl Pts',(-84.0981183490695,9.30871968410151,-88.9320479700389));
#10507=CARTESIAN_POINT('Ctrl Pts',(-82.2924905529995,13.9596163782237,-87.1132810014152));
#10508=CARTESIAN_POINT('Ctrl Pts',(-79.4569220389716,17.4263513909614,-84.897787703415));
#10509=CARTESIAN_POINT('Ctrl Pts',(-77.1780901874411,18.6980929224866,-83.6130891203881));
#10510=CARTESIAN_POINT('Ctrl Pts',(-75.5354612090801,19.1755476451863,-82.9813269992404));
#10511=CARTESIAN_POINT('Ctrl Pts',(-81.2628546269655,3.02055264434627,-89.4461224182084));
#10512=CARTESIAN_POINT('Ctrl Pts',(-81.4254896097374,4.89938211082732,-89.6493840229395));
#10513=CARTESIAN_POINT('Ctrl Pts',(-81.2784012720322,8.83181996175215,-89.437241681033));
#10514=CARTESIAN_POINT('Ctrl Pts',(-79.9452378566022,12.9345566823947,-87.8956880994117));
#10515=CARTESIAN_POINT('Ctrl Pts',(-77.7802563579939,15.9839517056841,-86.1275957277658));
#10516=CARTESIAN_POINT('Ctrl Pts',(-76.0029032275719,17.107583122134,-85.1737686292466));
#10517=CARTESIAN_POINT('Ctrl Pts',(-74.7160125863378,17.5376785067663,-84.7484093661884));
#10518=CARTESIAN_POINT('Ctrl Pts',(-79.34557709669,3.31972239353867,-88.5911547034341));
#10519=CARTESIAN_POINT('Ctrl Pts',(-79.4635074024587,4.917597016696,-88.7334803017512));
#10520=CARTESIAN_POINT('Ctrl Pts',(-79.3621421846545,8.23793898342459,-88.5899491062729));
#10521=CARTESIAN_POINT('Ctrl Pts',(-78.3708976956096,11.8036619260507,-87.4950220199013));
#10522=CARTESIAN_POINT('Ctrl Pts',(-76.6777429672789,14.4873303500749,-86.2114727738505));
#10523=CARTESIAN_POINT('Ctrl Pts',(-75.2530874718932,15.4596689653527,-85.5205419247366));
#10524=CARTESIAN_POINT('Ctrl Pts',(-74.2182599189069,15.804418435242,-85.2253971761208));
#10525=CARTESIAN_POINT('Ctrl Pts',(-78.5085585326444,3.5000721491581,-87.756186300908));
#10526=CARTESIAN_POINT('Ctrl Pts',(-78.6113828995928,4.92821972752761,-87.8587588137525));
#10527=CARTESIAN_POINT('Ctrl Pts',(-78.5244358842343,7.87924451359985,-87.7593322827527));
#10528=CARTESIAN_POINT('Ctrl Pts',(-77.6575430318007,11.1224067142569,-86.9527276074607));
#10529=CARTESIAN_POINT('Ctrl Pts',(-76.1714189699103,13.5867570435901,-85.9637321197511));
#10530=CARTESIAN_POINT('Ctrl Pts',(-74.921128377542,14.468467799739,-85.4117952920397));
#10531=CARTESIAN_POINT('Ctrl Pts',(-74.0095217190847,14.7613614626228,-85.1700405774725));
#10532=CARTESIAN_POINT('Ctrl Pts',(-76.7607709404115,14.9999999999986,-86.0123022222489));
#10533=CARTESIAN_POINT('Ctrl Pts',(-77.0574240830613,14.3216842568791,-86.3082928049237));
#10534=CARTESIAN_POINT('Ctrl Pts',(-77.3093270112203,13.6046700220323,-86.5596331204763));
#10535=CARTESIAN_POINT('Ctrl Pts',(-77.7529911821549,12.0659984933921,-87.002306389648));
#10536=CARTESIAN_POINT('Ctrl Pts',(-77.9395916918438,11.2353123983858,-87.1884901364199));
#10537=CARTESIAN_POINT('Ctrl Pts',(-78.2460010152177,9.49331885657932,-87.4942151098764));
#10538=CARTESIAN_POINT('Ctrl Pts',(-78.3618251225073,8.56670691654646,-87.6097805298083));
#10539=CARTESIAN_POINT('Ctrl Pts',(-78.4647033170449,7.29607910652776,-87.7124289510376));
#10540=CARTESIAN_POINT('Ctrl Pts',(-78.4870220208542,6.95099365612239,-87.7346978071368));
#10541=CARTESIAN_POINT('Ctrl Pts',(-78.5057512551179,6.56680561767157,-87.7533852105914));
#10542=CARTESIAN_POINT('Ctrl Pts',(-78.5075723384055,6.52803011100116,-87.7552022265805));
#10543=CARTESIAN_POINT('Ctrl Pts',(-78.5093245826458,6.48924863933146,-87.7569505572708));
#10544=CARTESIAN_POINT('Ctrl Pts',(-78.5093246279477,3.51075133556878,-87.7569504018297));
#10545=CARTESIAN_POINT('Ctrl Pts',(-78.5091628516113,3.50717151501207,-87.7567891206082));
#10546=CARTESIAN_POINT('Ctrl Pts',(-78.5090005043292,3.50359174452447,-87.7566272027751));
#10547=CARTESIAN_POINT('Ctrl Pts',(-78.5088375862385,3.5000120248911,-87.7564646474904));
#10548=CARTESIAN_POINT('Origin',(-43.9868491663429,15.,-40.5978629477624));
#10549=CARTESIAN_POINT('',(-86.6491923245076,15.,-76.1017461061396));
#10550=CARTESIAN_POINT('Ctrl Pts',(-81.6157414781821,19.6420421939342,-75.5183105049935));
#10551=CARTESIAN_POINT('Ctrl Pts',(-82.1247011234303,19.545121605929,-75.6840321320086));
#10552=CARTESIAN_POINT('Ctrl Pts',(-82.6494848760264,19.3932482476105,-75.7490652724254));
#10553=CARTESIAN_POINT('Ctrl Pts',(-83.6314219030553,18.9447023718232,-75.7799836414916));
#10554=CARTESIAN_POINT('Ctrl Pts',(-84.0658914337558,18.6739664252758,-75.7551927988091));
#10555=CARTESIAN_POINT('Ctrl Pts',(-85.0160709890364,17.8795851844521,-75.6948426782577));
#10556=CARTESIAN_POINT('Ctrl Pts',(-85.4599061060067,17.3286846739943,-75.6590902796082));
#10557=CARTESIAN_POINT('Ctrl Pts',(-86.1003989765951,16.245209712753,-75.7411406991549));
#10558=CARTESIAN_POINT('Ctrl Pts',(-86.3086956315132,15.7824262133535,-75.8212594312732));
#10559=CARTESIAN_POINT('Ctrl Pts',(-86.5508901719801,15.2262666504111,-76.0089831167748));
#10560=CARTESIAN_POINT('Ctrl Pts',(-86.6001648763994,15.1121042898777,-76.0528281583877));
#10561=CARTESIAN_POINT('Ctrl Pts',(-86.6491923245076,15.,-76.1017461061396));
#10562=CARTESIAN_POINT('',(-29.3251053019116,15.,-18.9056895683334));
#10563=CARTESIAN_POINT('',(-47.5184282320917,15.,-37.0583786205807));
#10564=CARTESIAN_POINT('Ctrl Pts',(-27.7855884206113,20.,-24.4327869085864));
#10565=CARTESIAN_POINT('Ctrl Pts',(-27.8507068282953,20.,-24.3442249736433));
#10566=CARTESIAN_POINT('Ctrl Pts',(-27.9137198170938,19.9963779224283,-24.2535785255582));
#10567=CARTESIAN_POINT('Ctrl Pts',(-27.9745162868261,19.989209043949,-24.1612590341186));
#10568=CARTESIAN_POINT('Ctrl Pts',(-28.0368118094064,19.9818634031059,-24.0666632296433));
#10569=CARTESIAN_POINT('Ctrl Pts',(-28.0967800194851,19.9707938904401,-23.9703113744201));
#10570=CARTESIAN_POINT('Ctrl Pts',(-28.1543284873585,19.9561247856509,-23.8726657503171));
#10571=CARTESIAN_POINT('Ctrl Pts',(-28.1759037224461,19.950625258104,-23.8360578722425));
#10572=CARTESIAN_POINT('Ctrl Pts',(-28.1971391313053,19.9446202210533,-23.7992683027921));
#10573=CARTESIAN_POINT('Ctrl Pts',(-28.2180308492023,19.9381177326349,-23.7623218514224));
#10574=CARTESIAN_POINT('Ctrl Pts',(-28.2775935719846,19.9195790027435,-23.656986749179));
#10575=CARTESIAN_POINT('Ctrl Pts',(-28.3346501729723,19.8969037592865,-23.549863106369));
#10576=CARTESIAN_POINT('Ctrl Pts',(-28.3890771838862,19.8701819939697,-23.4414441651938));
#10577=CARTESIAN_POINT('Ctrl Pts',(-28.4443206526552,19.8430593763035,-23.3313988349393));
#10578=CARTESIAN_POINT('Ctrl Pts',(-28.4968549185391,19.811767976834,-23.2200196689954));
#10579=CARTESIAN_POINT('Ctrl Pts',(-28.5465787439266,19.7764456052496,-23.1078400000766));
#10580=CARTESIAN_POINT('Ctrl Pts',(-28.5971581120666,19.7405154807665,-22.9937301799279));
#10581=CARTESIAN_POINT('Ctrl Pts',(-28.6448293564645,19.7004145545533,-22.8787927779446));
#10582=CARTESIAN_POINT('Ctrl Pts',(-28.6895166107763,19.6563317895241,-22.7635970723937));
#10583=CARTESIAN_POINT('Ctrl Pts',(-28.7241267083782,19.622189866425,-22.6743784646757));
#10584=CARTESIAN_POINT('Ctrl Pts',(-28.7569474926425,19.5856603818917,-22.5850051798881));
#10585=CARTESIAN_POINT('Ctrl Pts',(-28.7879567476885,19.5468481427626,-22.4957407124741));
#10586=CARTESIAN_POINT('Ctrl Pts',(-28.799339490657,19.53260111421,-22.4629738985897));
#10587=CARTESIAN_POINT('Ctrl Pts',(-28.8105001389963,19.5180228183867,-22.4301698011475));
#10588=CARTESIAN_POINT('Ctrl Pts',(-28.8214355424797,19.5031157202196,-22.3973411687716));
#10589=CARTESIAN_POINT('Ctrl Pts',(-28.8590112631959,19.4518926484541,-22.2845369614531));
#10590=CARTESIAN_POINT('Ctrl Pts',(-28.8939249843987,19.396784184064,-22.1714421880918));
#10591=CARTESIAN_POINT('Ctrl Pts',(-28.9262912104217,19.33796988979,-22.0586718234063));
#10592=CARTESIAN_POINT('Ctrl Pts',(-28.9600319427437,19.2766579111119,-21.9411124055732));
#10593=CARTESIAN_POINT('Ctrl Pts',(-28.9910043208953,19.2113186401778,-21.8239064419778));
#10594=CARTESIAN_POINT('Ctrl Pts',(-29.0193723158444,19.1422010923506,-21.707755650763));
#10595=CARTESIAN_POINT('Ctrl Pts',(-29.0480226872575,19.0723955449384,-21.5904486886673));
#10596=CARTESIAN_POINT('Ctrl Pts',(-29.0740169194374,18.9987364015563,-21.4742190676892));
#10597=CARTESIAN_POINT('Ctrl Pts',(-29.097554373846,18.9215234786246,-21.3597795202746));
#10598=CARTESIAN_POINT('Ctrl Pts',(-29.1207737523148,18.8453539808904,-21.2468864640797));
#10599=CARTESIAN_POINT('Ctrl Pts',(-29.1416027651432,18.7657265451613,-21.13573636412));
#10600=CARTESIAN_POINT('Ctrl Pts',(-29.1602560443541,18.6829653161703,-21.0269888061946));
#10601=CARTESIAN_POINT('Ctrl Pts',(-29.177539057453,18.6062837102945,-20.9262298218434));
#10602=CARTESIAN_POINT('Ctrl Pts',(-29.192954743103,18.5269124103579,-20.8275336949218));
#10603=CARTESIAN_POINT('Ctrl Pts',(-29.2066869262223,18.4451328133254,-20.7313955070361));
#10604=CARTESIAN_POINT('Ctrl Pts',(-29.2225181851259,18.350852540305,-20.6205618158655));
#10605=CARTESIAN_POINT('Ctrl Pts',(-29.2362441690417,18.2526691784387,-20.5123166849848));
#10606=CARTESIAN_POINT('Ctrl Pts',(-29.2480849548901,18.1508619863817,-20.4074929817248));
#10607=CARTESIAN_POINT('Ctrl Pts',(-29.2489033474592,18.1438254391013,-20.4002479440296));
#10608=CARTESIAN_POINT('Ctrl Pts',(-29.2497127455619,18.1367715968678,-20.3930192454393));
#10609=CARTESIAN_POINT('Ctrl Pts',(-29.2505132267429,18.1297005590708,-20.3858071582204));
#10610=CARTESIAN_POINT('Ctrl Pts',(-29.2620378948682,18.0278975862611,-20.2819734721163));
#10611=CARTESIAN_POINT('Ctrl Pts',(-29.2717123527666,17.9225271600676,-20.1815851850666));
#10612=CARTESIAN_POINT('Ctrl Pts',(-29.2798444977691,17.8140554879874,-20.08547640505));
#10613=CARTESIAN_POINT('Ctrl Pts',(-29.287731504851,17.7088536198915,-19.9922647581355));
#10614=CARTESIAN_POINT('Ctrl Pts',(-29.2941683590457,17.6007353425345,-19.9030793451794));
#10615=CARTESIAN_POINT('Ctrl Pts',(-29.2994524445907,17.490155745793,-19.8186481104767));
#10616=CARTESIAN_POINT('Ctrl Pts',(-29.3042030825518,17.3907395600532,-19.7427405148734));
#10617=CARTESIAN_POINT('Ctrl Pts',(-29.3080224046938,17.2893345676608,-19.6706757063417));
#10618=CARTESIAN_POINT('Ctrl Pts',(-29.3111329329484,17.1862865222322,-19.6029505008649));
#10619=CARTESIAN_POINT('Ctrl Pts',(-29.3136754334971,17.1020565488681,-19.5475929030604));
#10620=CARTESIAN_POINT('Ctrl Pts',(-29.3157445069877,17.0167290927067,-19.4951341400256));
#10621=CARTESIAN_POINT('Ctrl Pts',(-29.3174332922283,16.9304573241429,-19.4457624098842));
#10622=CARTESIAN_POINT('Ctrl Pts',(-29.3181199914538,16.8953772232352,-19.4256867199549));
#10623=CARTESIAN_POINT('Ctrl Pts',(-29.3187438198493,16.8601410359359,-19.4061212444775));
#10624=CARTESIAN_POINT('Ctrl Pts',(-29.3193110498423,16.8247592413115,-19.3870777683777));
#10625=CARTESIAN_POINT('Ctrl Pts',(-29.3195597841917,16.8092440750156,-19.3787270698991));
#10626=CARTESIAN_POINT('Ctrl Pts',(-29.3197976085098,16.7937027536213,-19.3704777014295));
#10627=CARTESIAN_POINT('Ctrl Pts',(-29.3200251368269,16.7781302616353,-19.3623275398427));
#10628=CARTESIAN_POINT('Ctrl Pts',(-29.3220808406217,16.6374337923774,-19.2886913510961));
#10629=CARTESIAN_POINT('Ctrl Pts',(-29.3233015649074,16.4937223692646,-19.2229139119857));
#10630=CARTESIAN_POINT('Ctrl Pts',(-29.324057001981,16.347466318907,-19.165894587224));
#10631=CARTESIAN_POINT('Ctrl Pts',(-29.3244340543661,16.274467263735,-19.1374352050379));
#10632=CARTESIAN_POINT('Ctrl Pts',(-29.3246954069799,16.2008347040924,-19.1111570096418));
#10633=CARTESIAN_POINT('Ctrl Pts',(-29.3248880238736,16.1266293101268,-19.087167527859));
#10634=CARTESIAN_POINT('Ctrl Pts',(-29.3252523993935,15.9862541411367,-19.0417863583874));
#10635=CARTESIAN_POINT('Ctrl Pts',(-29.3253707592947,15.8438280177996,-19.0045986461704));
#10636=CARTESIAN_POINT('Ctrl Pts',(-29.3253773573614,15.700453781005,-18.975978147442));
#10637=CARTESIAN_POINT('Ctrl Pts',(-29.3253838291957,15.55982254172,-18.947905208432));
#10638=CARTESIAN_POINT('Ctrl Pts',(-29.3252829073139,15.4182801025743,-18.9280749568838));
#10639=CARTESIAN_POINT('Ctrl Pts',(-29.3252021914072,15.2768744653691,-18.9167913707302));
#10640=CARTESIAN_POINT('Ctrl Pts',(-29.3251494214775,15.1844271914842,-18.9094144598789));
#10641=CARTESIAN_POINT('Ctrl Pts',(-29.3251053019115,15.0920385038613,-18.9056895683334));
#10642=CARTESIAN_POINT('Ctrl Pts',(-29.3251053019115,15.,-18.9056895683334));
#10643=CARTESIAN_POINT('Origin',(-95.4609040982401,0.,-70.7674257867987));
#10644=CARTESIAN_POINT('',(-88.3977459667424,3.51075136066856,-77.8463944411621));
#10645=CARTESIAN_POINT('',(-88.3977459667121,6.48924863989719,-77.8463944411318));
#10646=CARTESIAN_POINT('Ctrl Pts',(-88.3977458162449,3.51075133996122,-77.846394469752));
#10647=CARTESIAN_POINT('Ctrl Pts',(-88.4681374362415,4.49608382805653,-77.9166617764787));
#10648=CARTESIAN_POINT('Ctrl Pts',(-88.4660240749827,5.50336125263575,-77.9170094073669));
#10649=CARTESIAN_POINT('Ctrl Pts',(-88.3963804716669,6.48864824455968,-77.8465224328035));
#10650=CARTESIAN_POINT('',(-88.3977459667424,0.,-77.8463944411621));
#10651=CARTESIAN_POINT('Ctrl Pts',(-81.6157414781821,19.6420421939342,-75.5183105049935));
#10652=CARTESIAN_POINT('Ctrl Pts',(-82.0025397233693,19.422371947228,-76.4601546200814));
#10653=CARTESIAN_POINT('Ctrl Pts',(-83.321182972132,18.4512981616137,-79.1986075745433));
#10654=CARTESIAN_POINT('Ctrl Pts',(-85.8879222972519,15.1652741334795,-82.86236726405));
#10655=CARTESIAN_POINT('Ctrl Pts',(-87.9971750282776,9.31612228972211,-85.2476173037564));
#10656=CARTESIAN_POINT('Ctrl Pts',(-88.1977741749355,4.89232961531827,-85.4650967003881));
#10657=CARTESIAN_POINT('Ctrl Pts',(-87.9798847886317,2.75010822373696,-85.2233724729342));
#10658=CARTESIAN_POINT('Ctrl Pts',(-82.2965982388851,19.5867855692643,-75.3242766189635));
#10659=CARTESIAN_POINT('Ctrl Pts',(-82.6642212581843,19.3569663893838,-76.2306005275781));
#10660=CARTESIAN_POINT('Ctrl Pts',(-83.9257049331193,18.3721894004431,-78.86365523011));
#10661=CARTESIAN_POINT('Ctrl Pts',(-86.4422505674041,15.1498012736753,-82.3953031634055));
#10662=CARTESIAN_POINT('Ctrl Pts',(-88.608591094026,9.35342855932855,-84.7394201590141));
#10663=CARTESIAN_POINT('Ctrl Pts',(-88.8250613101488,4.88959756923628,-84.9591797711789));
#10664=CARTESIAN_POINT('Ctrl Pts',(-88.5977339896161,2.73768213327566,-84.7195906649422));
#10665=CARTESIAN_POINT('Ctrl Pts',(-83.6154849671274,19.1755476515169,-74.8832165270118));
#10666=CARTESIAN_POINT('Ctrl Pts',(-83.9332016507841,18.9368202906633,-75.7038226690032));
#10667=CARTESIAN_POINT('Ctrl Pts',(-85.0463541151697,17.9555677589877,-78.0854087550826));
#10668=CARTESIAN_POINT('Ctrl Pts',(-87.3948065306347,14.895238464002,-81.2772609814933));
#10669=CARTESIAN_POINT('Ctrl Pts',(-89.5858473673342,9.30761365165239,-83.4296409364163));
#10670=CARTESIAN_POINT('Ctrl Pts',(-89.8221544010927,4.88796367232293,-83.6380632718728));
#10671=CARTESIAN_POINT('Ctrl Pts',(-89.586401454504,2.77139681424381,-83.4160460629848));
#10672=CARTESIAN_POINT('Ctrl Pts',(-85.3807306884489,17.5376785156752,-74.0598188521952));
#10673=CARTESIAN_POINT('Ctrl Pts',(-85.5948484957177,17.3226308238061,-74.7027870232523));
#10674=CARTESIAN_POINT('Ctrl Pts',(-86.3858639658613,16.4487252698299,-76.5670257837666));
#10675=CARTESIAN_POINT('Ctrl Pts',(-88.227040492303,13.759491964597,-79.0223392908209));
#10676=CARTESIAN_POINT('Ctrl Pts',(-90.0849296078193,8.83106719937016,-80.609013124442));
#10677=CARTESIAN_POINT('Ctrl Pts',(-90.2966951267072,4.89938212950803,-80.7583207866327));
#10678=CARTESIAN_POINT('Ctrl Pts',(-90.0930703850459,3.02055264195413,-80.5961406901888));
#10679=CARTESIAN_POINT('Ctrl Pts',(-85.8566043326828,15.804418435242,-73.5610009159828));
#10680=CARTESIAN_POINT('Ctrl Pts',(-86.0053332461179,15.6320437006557,-74.0780834344154));
#10681=CARTESIAN_POINT('Ctrl Pts',(-86.5686454746416,14.8994625669594,-75.576540553415));
#10682=CARTESIAN_POINT('Ctrl Pts',(-87.9132684559135,12.5221409170352,-77.5168230959915));
#10683=CARTESIAN_POINT('Ctrl Pts',(-89.2332654126786,8.23650814412013,-78.6949424923817));
#10684=CARTESIAN_POINT('Ctrl Pts',(-89.3764067712964,4.91759703461755,-78.7983914110904));
#10685=CARTESIAN_POINT('Ctrl Pts',(-89.2338178415732,3.31972239353853,-78.6807796308906));
#10686=CARTESIAN_POINT('Ctrl Pts',(-85.8007811454459,14.7613614626228,-73.352387012214));
#10687=CARTESIAN_POINT('Ctrl Pts',(-85.9226773511212,14.6149146314853,-73.8079189260875));
#10688=CARTESIAN_POINT('Ctrl Pts',(-86.3783237684231,13.9675321077425,-75.1250905234651));
#10689=CARTESIAN_POINT('Ctrl Pts',(-87.4282780645423,11.7768494223197,-76.828285356133));
#10690=CARTESIAN_POINT('Ctrl Pts',(-88.4005784939541,7.87741485981473,-77.8595616504262));
#10691=CARTESIAN_POINT('Ctrl Pts',(-88.4997821665851,4.92821974354552,-77.9482248665625));
#10692=CARTESIAN_POINT('Ctrl Pts',(-88.396979999445,3.50007214915797,-77.8456301019102));
#10693=CARTESIAN_POINT('Ctrl Pts',(-88.3972589692794,3.50001202489107,-77.8459085324388));
#10694=CARTESIAN_POINT('Ctrl Pts',(-88.3974218887538,3.50359175157974,-77.8460710869772));
#10695=CARTESIAN_POINT('Ctrl Pts',(-88.3975841708009,3.50717152352508,-77.8462330661155));
#10696=CARTESIAN_POINT('Ctrl Pts',(-88.397745816245,3.5107513399614,-77.846394469752));
#10697=CARTESIAN_POINT('Ctrl Pts',(-88.3977459667424,6.48924863933133,-77.8463944411621));
#10698=CARTESIAN_POINT('Ctrl Pts',(-88.3959937223371,6.52803011465369,-77.8446461103071));
#10699=CARTESIAN_POINT('Ctrl Pts',(-88.3941726394138,6.56680561393796,-77.8428290946815));
#10700=CARTESIAN_POINT('Ctrl Pts',(-88.3754434042909,6.95099366912631,-77.8241416903697));
#10701=CARTESIAN_POINT('Ctrl Pts',(-88.3531247006947,7.29607911308895,-77.801872834483));
#10702=CARTESIAN_POINT('Ctrl Pts',(-88.2502465058723,8.56670692282702,-77.6992244129696));
#10703=CARTESIAN_POINT('Ctrl Pts',(-88.1344223985771,9.49331886148075,-77.5836589930321));
#10704=CARTESIAN_POINT('Ctrl Pts',(-87.8280130752894,11.2353124014304,-77.2779340196615));
#10705=CARTESIAN_POINT('Ctrl Pts',(-87.6414125656202,12.0659984958824,-77.0917502729092));
#10706=CARTESIAN_POINT('Ctrl Pts',(-87.1977483948702,13.6046700233039,-76.6490770039218));
#10707=CARTESIAN_POINT('Ctrl Pts',(-86.945845466895,14.3216842574804,-76.3977366885526));
#10708=CARTESIAN_POINT('Ctrl Pts',(-86.6491923245082,14.9999999999986,-76.1017461061403));
#10709=CARTESIAN_POINT('Ctrl Pts',(-29.3251053019115,15.,-18.9056895683334));
#10710=CARTESIAN_POINT('Ctrl Pts',(-29.3251053019115,15.3767511736292,-18.9056895683334));
#10711=CARTESIAN_POINT('Ctrl Pts',(-29.3265829465993,16.1398347265784,-19.0304903364846));
#10712=CARTESIAN_POINT('Ctrl Pts',(-29.318629877277,17.2052275572928,-19.5577546369579));
#10713=CARTESIAN_POINT('Ctrl Pts',(-29.2480502302187,18.4742230510935,-20.6223406155119));
#10714=CARTESIAN_POINT('Ctrl Pts',(-28.9320969427911,19.6513631397567,-22.3972686489097));
#10715=CARTESIAN_POINT('Ctrl Pts',(-28.2375504814058,20.,-23.8181122559279));
#10716=CARTESIAN_POINT('Ctrl Pts',(-27.7855884206113,20.,-24.4327869085864));
#10717=CARTESIAN_POINT('Ctrl Pts',(-28.7714768689874,15.,-18.3532976368581));
#10718=CARTESIAN_POINT('Ctrl Pts',(-28.7714768689874,15.4014767518749,-18.3532976368581));
#10719=CARTESIAN_POINT('Ctrl Pts',(-28.760053242969,16.2150859566313,-18.4819450585166));
#10720=CARTESIAN_POINT('Ctrl Pts',(-28.6996615465625,17.3330745533497,-19.0213680881312));
#10721=CARTESIAN_POINT('Ctrl Pts',(-28.5339575805612,18.6284683494603,-20.0990342601303));
#10722=CARTESIAN_POINT('Ctrl Pts',(-28.1020805701385,19.7356601155283,-21.8467491176273));
#10723=CARTESIAN_POINT('Ctrl Pts',(-27.4218515772295,20.0099777275858,-23.169521540087));
#10724=CARTESIAN_POINT('Ctrl Pts',(-26.999183011081,20.,-23.7412746215707));
#10725=CARTESIAN_POINT('Ctrl Pts',(-27.8524203663201,15.,-17.0614871758062));
#10726=CARTESIAN_POINT('Ctrl Pts',(-27.8524203663201,15.470953309429,-17.0614871758062));
#10727=CARTESIAN_POINT('Ctrl Pts',(-27.8164909194013,16.4256141076578,-17.1965159314991));
#10728=CARTESIAN_POINT('Ctrl Pts',(-27.6541834202844,17.7175933575364,-17.7577100893701));
#10729=CARTESIAN_POINT('Ctrl Pts',(-27.295292556414,19.1726424953935,-18.8653143509337));
#10730=CARTESIAN_POINT('Ctrl Pts',(-26.5913924072264,20.2999309577867,-20.6007852320843));
#10731=CARTESIAN_POINT('Ctrl Pts',(-25.845129411152,20.5031044296345,-21.8234373223708));
#10732=CARTESIAN_POINT('Ctrl Pts',(-25.4296186573693,20.4791564175749,-22.3611047718977));
#10733=CARTESIAN_POINT('Ctrl Pts',(-27.0729545296125,15.,-14.3961357152748));
#10734=CARTESIAN_POINT('Ctrl Pts',(-27.0729545296125,15.6487041720495,-14.3961357152748));
#10735=CARTESIAN_POINT('Ctrl Pts',(-27.0066314650747,16.9633515817032,-14.5421850449381));
#10736=CARTESIAN_POINT('Ctrl Pts',(-26.7140717468801,18.7579638417976,-15.1515922975813));
#10737=CARTESIAN_POINT('Ctrl Pts',(-26.0869085126743,20.8112136710908,-16.3631488652359));
#10738=CARTESIAN_POINT('Ctrl Pts',(-24.917075498271,22.487469904606,-18.293554850513));
#10739=CARTESIAN_POINT('Ctrl Pts',(-23.7941877667914,22.8455181781846,-19.7425613727737));
#10740=CARTESIAN_POINT('Ctrl Pts',(-23.2174568558755,22.8204615660865,-20.4158777324329));
#10741=CARTESIAN_POINT('Ctrl Pts',(-27.3436237279929,15.,-12.3976785858996));
#10742=CARTESIAN_POINT('Ctrl Pts',(-27.3436237279929,15.8082911150634,-12.3976785858996));
#10743=CARTESIAN_POINT('Ctrl Pts',(-27.27245796561,17.4459550750199,-12.557261981716));
#10744=CARTESIAN_POINT('Ctrl Pts',(-26.9532342681404,19.7166562976011,-13.2310031691347));
#10745=CARTESIAN_POINT('Ctrl Pts',(-26.2506259696993,22.3896359954241,-14.6019841685425));
#10746=CARTESIAN_POINT('Ctrl Pts',(-24.8698229251933,24.7823606333045,-16.9149364236609));
#10747=CARTESIAN_POINT('Ctrl Pts',(-23.3436543210714,25.4387594553558,-18.8840133812154));
#10748=CARTESIAN_POINT('Ctrl Pts',(-22.5288554761713,25.4292036732051,-19.8103677637187));
#10749=CARTESIAN_POINT('Ctrl Pts',(-27.7859318869945,15.,-11.3111444677938));
#10750=CARTESIAN_POINT('Ctrl Pts',(-27.7859318869945,15.9042028167102,-11.3111444677938));
#10751=CARTESIAN_POINT('Ctrl Pts',(-27.7171340739315,17.7356033437881,-11.4824868654543));
#10752=CARTESIAN_POINT('Ctrl Pts',(-27.4069244595524,20.2925461375028,-12.2144395942905));
#10753=CARTESIAN_POINT('Ctrl Pts',(-26.705505605234,23.3381353226243,-13.7232515197213));
#10754=CARTESIAN_POINT('Ctrl Pts',(-25.2630143172779,26.1632715354161,-16.3513508060458));
#10755=CARTESIAN_POINT('Ctrl Pts',(-23.5001251718105,27.,-18.7058150940043));
#10756=CARTESIAN_POINT('Ctrl Pts',(-22.5288554761713,27.,-19.8103677637187));
#10757=CARTESIAN_POINT('',(-27.7859318869945,15.,-11.3111444677938));
#10758=CARTESIAN_POINT('Origin',(-34.2693159939599,15.,-13.950411510279));
#10759=CARTESIAN_POINT('Ctrl Pts',(-27.7859318869945,15.,-11.3111444677938));
#10760=CARTESIAN_POINT('Ctrl Pts',(-27.7859318869945,15.9042028167102,-11.3111444677938));
#10761=CARTESIAN_POINT('Ctrl Pts',(-27.7275661079508,17.4579021822129,-11.4565056657364));
#10762=CARTESIAN_POINT('Ctrl Pts',(-27.5698719273994,18.9203604205102,-11.8297509521481));
#10763=CARTESIAN_POINT('Ctrl Pts',(-27.4878705616161,19.5008522239729,-12.0171993616852));
#10764=CARTESIAN_POINT('Origin',(0.,20.,-2.22044604925031E-15));
#10765=CARTESIAN_POINT('Ctrl Pts',(-28.5007233432722,15.,10.304072566742));
#10766=CARTESIAN_POINT('Ctrl Pts',(-28.5007233432722,16.0515894918404,10.304072566742));
#10767=CARTESIAN_POINT('Ctrl Pts',(-28.4370299894468,18.180191789443,10.4949349946243));
#10768=CARTESIAN_POINT('Ctrl Pts',(-28.14359506637,21.1794924711601,11.3217029068087));
#10769=CARTESIAN_POINT('Ctrl Pts',(-27.443962258483,24.8005389667805,13.0581778682522));
#10770=CARTESIAN_POINT('Ctrl Pts',(-25.8918470290792,28.2991957483332,16.2030027254944));
#10771=CARTESIAN_POINT('Ctrl Pts',(-23.6939076794584,29.4087014546512,19.1798399765428));
#10772=CARTESIAN_POINT('Ctrl Pts',(-22.4446847930704,29.418745063787,20.5497338557707));
#10773=CARTESIAN_POINT('Ctrl Pts',(-27.8917505862729,15.,11.0635081327609));
#10774=CARTESIAN_POINT('Ctrl Pts',(-27.8917505862729,15.9756537387662,11.0635081327609));
#10775=CARTESIAN_POINT('Ctrl Pts',(-27.822323372039,17.9508207032176,11.2405504666721));
#10776=CARTESIAN_POINT('Ctrl Pts',(-27.5059699931064,20.7250869254513,12.0011810748187));
#10777=CARTESIAN_POINT('Ctrl Pts',(-26.7771106503228,24.0568862780777,13.5868581022423));
#10778=CARTESIAN_POINT('Ctrl Pts',(-25.238830836804,27.2290780433092,16.4092645375325));
#10779=CARTESIAN_POINT('Ctrl Pts',(-23.2325823290123,28.2098422499606,19.0332474747862));
#10780=CARTESIAN_POINT('Ctrl Pts',(-22.1178624403479,28.2153301502124,20.2505043308964));
#10781=CARTESIAN_POINT('Ctrl Pts',(-27.2210824299273,15.,12.3956998542088));
#10782=CARTESIAN_POINT('Ctrl Pts',(-27.2210824299273,15.8552709198824,12.3956998542088));
#10783=CARTESIAN_POINT('Ctrl Pts',(-27.1465559670269,17.5868804958498,12.5560719013577));
#10784=CARTESIAN_POINT('Ctrl Pts',(-26.8142787075229,20.0003898501139,13.2387882115169));
#10785=CARTESIAN_POINT('Ctrl Pts',(-26.0758862036348,22.860144245725,14.6391090250733));
#10786=CARTESIAN_POINT('Ctrl Pts',(-24.6083440867635,25.4788913080856,17.0425081542093));
#10787=CARTESIAN_POINT('Ctrl Pts',(-22.9147459945164,26.2302154726089,19.1576575337848));
#10788=CARTESIAN_POINT('Ctrl Pts',(-22.0060372695525,26.2265638321116,20.1481202912252));
#10789=CARTESIAN_POINT('Ctrl Pts',(-26.844177086575,15.,14.8138036322479));
#10790=CARTESIAN_POINT('Ctrl Pts',(-26.844177086575,15.6636355400644,14.8138036322479));
#10791=CARTESIAN_POINT('Ctrl Pts',(-26.7764379666183,17.0080141821718,14.9565532544508));
#10792=CARTESIAN_POINT('Ctrl Pts',(-26.4770447125683,18.8525042030492,15.5538483908987));
#10793=CARTESIAN_POINT('Ctrl Pts',(-25.83201372704,20.9785895528003,16.7483191293514));
#10794=CARTESIAN_POINT('Ctrl Pts',(-24.6208961377772,22.7633503731711,18.6740499189893));
#10795=CARTESIAN_POINT('Ctrl Pts',(-23.4137483210533,23.1826866864254,20.1695622709519));
#10796=CARTESIAN_POINT('Ctrl Pts',(-22.7881587704649,23.1669863449804,20.8642091485536));
#10797=CARTESIAN_POINT('Ctrl Pts',(-27.2356083146244,15.,17.2691421299426));
#10798=CARTESIAN_POINT('Ctrl Pts',(-27.2356083146244,15.4939651799353,17.2691421299426));
#10799=CARTESIAN_POINT('Ctrl Pts',(-27.1891130679485,16.4948002188375,17.4010143760294));
#10800=CARTESIAN_POINT('Ctrl Pts',(-26.9832466890033,17.8486556720543,17.9488772966886));
#10801=CARTESIAN_POINT('Ctrl Pts',(-26.5389574786549,19.3685689193679,19.0279992074619));
#10802=CARTESIAN_POINT('Ctrl Pts',(-25.7067809329335,20.5350313040628,20.7046832892129));
#10803=CARTESIAN_POINT('Ctrl Pts',(-24.8907452923651,20.742975230826,21.8708041321688));
#10804=CARTESIAN_POINT('Ctrl Pts',(-24.4525133358068,20.7232271877503,22.3880462473897));
#10805=CARTESIAN_POINT('Ctrl Pts',(-28.3189694265094,15.,18.938294085051));
#10806=CARTESIAN_POINT('Ctrl Pts',(-28.3189694265094,15.4047654200204,18.938294085051));
#10807=CARTESIAN_POINT('Ctrl Pts',(-28.3013480179066,16.2249565477185,19.0631931298241));
#10808=CARTESIAN_POINT('Ctrl Pts',(-28.2164341204835,17.3500684912614,19.5873161379088));
#10809=CARTESIAN_POINT('Ctrl Pts',(-28.0029088117722,18.6477085028376,20.6329042959259));
#10810=CARTESIAN_POINT('Ctrl Pts',(-27.5029783681715,19.7433284868936,22.3189516392846));
#10811=CARTESIAN_POINT('Ctrl Pts',(-26.7811030964008,20.008774427666,23.57948295906));
#10812=CARTESIAN_POINT('Ctrl Pts',(-26.3437286946439,20.,24.1195908267116));
#10813=CARTESIAN_POINT('Ctrl Pts',(-29.0065272200459,15.,19.6273909419942));
#10814=CARTESIAN_POINT('Ctrl Pts',(-29.0065272200459,15.3757452826181,19.6273909419942));
#10815=CARTESIAN_POINT('Ctrl Pts',(-29.0043137396801,16.1364632194634,19.7480755728175));
#10816=CARTESIAN_POINT('Ctrl Pts',(-28.9813663215516,17.2002792017217,20.2587509438639));
#10817=CARTESIAN_POINT('Ctrl Pts',(-28.87968436163,18.4681879060195,21.291198278293));
#10818=CARTESIAN_POINT('Ctrl Pts',(-28.5131508963266,19.6493672373039,23.0143470361902));
#10819=CARTESIAN_POINT('Ctrl Pts',(-27.7654930836611,20.0000000000005,24.3952084902032));
#10820=CARTESIAN_POINT('Ctrl Pts',(-27.2895730927627,20.,24.9855798494807));
#10821=CARTESIAN_POINT('',(-29.0065272200459,15.,19.6273909419942));
#10822=CARTESIAN_POINT('Origin',(-33.9618052781003,15.,14.6831802499459));
#10823=CARTESIAN_POINT('',(-27.289573092763,20.,24.9855798494809));
#10824=CARTESIAN_POINT('Ctrl Pts',(-29.0065272200459,15.,19.6273909419942));
#10825=CARTESIAN_POINT('Ctrl Pts',(-29.0065272200459,15.3757452826181,19.6273909419942));
#10826=CARTESIAN_POINT('Ctrl Pts',(-29.0043137396801,16.1364632194634,19.7480755728175));
#10827=CARTESIAN_POINT('Ctrl Pts',(-28.9813663215516,17.2002792017217,20.2587509438639));
#10828=CARTESIAN_POINT('Ctrl Pts',(-28.87968436163,18.4681879060195,21.291198278293));
#10829=CARTESIAN_POINT('Ctrl Pts',(-28.5131508963266,19.6493672373039,23.0143470361902));
#10830=CARTESIAN_POINT('Ctrl Pts',(-27.7654930836611,20.0000000000005,24.3952084902032));
#10831=CARTESIAN_POINT('Ctrl Pts',(-27.2895730927627,20.,24.9855798494807));
#10832=CARTESIAN_POINT('Ctrl Pts',(-27.2895730927647,20.,24.9855798494783));
#10833=CARTESIAN_POINT('Ctrl Pts',(-27.2889155036591,20.,24.9804119256515));
#10834=CARTESIAN_POINT('Ctrl Pts',(-27.2882563160259,20.,24.9752442043306));
#10835=CARTESIAN_POINT('Ctrl Pts',(-27.0757922384954,20.,23.3137026592182));
#10836=CARTESIAN_POINT('Ctrl Pts',(-26.711287545173,20.,21.7686200926485));
#10837=CARTESIAN_POINT('Ctrl Pts',(-26.373612990806,20.,19.5644441601322));
#10838=CARTESIAN_POINT('Ctrl Pts',(-26.2958684313854,20.,18.9382259919815));
#10839=CARTESIAN_POINT('Ctrl Pts',(-26.253412645578,20.,18.2964019539773));
#10840=CARTESIAN_POINT('Origin',(0.,20.,-2.22044604925031E-15));
#10841=CARTESIAN_POINT('Ctrl Pts',(10.304072596931,15.,28.5007234345754));
#10842=CARTESIAN_POINT('Ctrl Pts',(10.304072596931,16.0515895135854,28.5007234345754));
#10843=CARTESIAN_POINT('Ctrl Pts',(10.4959304297931,18.1798294913083,28.4367974062842));
#10844=CARTESIAN_POINT('Ctrl Pts',(11.5962291427086,22.1826944610387,28.0460085533812));
#10845=CARTESIAN_POINT('Ctrl Pts',(13.6556738970755,25.6023154798036,27.1918540925919));
#10846=CARTESIAN_POINT('Ctrl Pts',(16.9495352690233,28.5799411582403,25.3433995182774));
#10847=CARTESIAN_POINT('Ctrl Pts',(19.1798402237325,29.4087018051944,23.6939076488393));
#10848=CARTESIAN_POINT('Ctrl Pts',(20.5497341349484,29.4187454137414,22.444684712173));
#10849=CARTESIAN_POINT('Ctrl Pts',(11.0635081583544,15.,27.8917506167383));
#10850=CARTESIAN_POINT('Ctrl Pts',(11.0635081583544,15.9756537590546,27.8917506167383));
#10851=CARTESIAN_POINT('Ctrl Pts',(11.2410649177979,17.9501174291451,27.8219794699072));
#10852=CARTESIAN_POINT('Ctrl Pts',(12.2544549878826,21.6537074280106,27.400838578427));
#10853=CARTESIAN_POINT('Ctrl Pts',(14.1279575815671,24.7869562775284,26.5175550455482));
#10854=CARTESIAN_POINT('Ctrl Pts',(17.0659722857417,27.4762107137938,24.737569236395));
#10855=CARTESIAN_POINT('Ctrl Pts',(19.0332476701825,28.2098425897354,23.2325822397543));
#10856=CARTESIAN_POINT('Ctrl Pts',(20.2505045556949,28.2153304904447,22.1178623056749));
#10857=CARTESIAN_POINT('Ctrl Pts',(12.3956998992686,15.,27.2210823767182));
#10858=CARTESIAN_POINT('Ctrl Pts',(12.3956998992686,15.8552709365194,27.2210823767182));
#10859=CARTESIAN_POINT('Ctrl Pts',(12.5559958819721,17.585488232981,27.1461188702727));
#10860=CARTESIAN_POINT('Ctrl Pts',(13.4672065933998,20.8097887749743,26.7040649183206));
#10861=CARTESIAN_POINT('Ctrl Pts',(15.1088742000828,23.4695597436118,25.8153425185052));
#10862=CARTESIAN_POINT('Ctrl Pts',(17.5708127485159,25.6660546997773,24.1844271872792));
#10863=CARTESIAN_POINT('Ctrl Pts',(19.1576576718287,26.2302157588417,22.9147458261633));
#10864=CARTESIAN_POINT('Ctrl Pts',(20.1481204508809,26.2265641203237,22.0060370656519));
#10865=CARTESIAN_POINT('Ctrl Pts',(14.8138037513974,15.,26.8441769394187));
#10866=CARTESIAN_POINT('Ctrl Pts',(14.8138037513974,15.6636355495071,26.8441769394187));
#10867=CARTESIAN_POINT('Ctrl Pts',(14.9558769624081,17.0057130066466,26.7759103262345));
#10868=CARTESIAN_POINT('Ctrl Pts',(15.7548310352815,19.4734125913005,26.3779325919611));
#10869=CARTESIAN_POINT('Ctrl Pts',(17.1396267142307,21.4051419250467,25.6063427866283));
#10870=CARTESIAN_POINT('Ctrl Pts',(19.0457581103768,22.8637761037373,24.3177585335907));
#10871=CARTESIAN_POINT('Ctrl Pts',(20.169562380588,23.1826868483062,23.4137480755042));
#10872=CARTESIAN_POINT('Ctrl Pts',(20.8642092642953,23.1669865103008,22.7881585051564));
#10873=CARTESIAN_POINT('Ctrl Pts',(17.2691423484146,15.,27.2356081274073));
#10874=CARTESIAN_POINT('Ctrl Pts',(17.2691423484146,15.4939651824835,27.2356081274073));
#10875=CARTESIAN_POINT('Ctrl Pts',(17.4002451299054,16.492335769611,27.1887407585018));
#10876=CARTESIAN_POINT('Ctrl Pts',(18.1335305873595,18.3059278649906,26.9151244348423));
#10877=CARTESIAN_POINT('Ctrl Pts',(19.3775642504565,19.6551061514267,26.3831965755136));
#10878=CARTESIAN_POINT('Ctrl Pts',(20.9941014055958,20.5814742227537,25.501696250195));
#10879=CARTESIAN_POINT('Ctrl Pts',(21.8708042775279,20.7429752685482,24.8907450305357));
#10880=CARTESIAN_POINT('Ctrl Pts',(22.3880463848589,20.7232272288772,24.4525130656195));
#10881=CARTESIAN_POINT('Ctrl Pts',(18.9382943732345,15.,28.3189692670145));
#10882=CARTESIAN_POINT('Ctrl Pts',(18.9382943732345,15.4047654199092,28.3189692670145));
#10883=CARTESIAN_POINT('Ctrl Pts',(19.0628924506435,16.2235958577736,28.3011262516808));
#10884=CARTESIAN_POINT('Ctrl Pts',(19.763166517052,17.7286911162848,28.1885034938392));
#10885=CARTESIAN_POINT('Ctrl Pts',(20.9770709889719,18.9088960198075,27.9231047591331));
#10886=CARTESIAN_POINT('Ctrl Pts',(22.6332585305227,19.8071401105869,27.322455556396));
#10887=CARTESIAN_POINT('Ctrl Pts',(23.5794831722813,20.0087744262466,26.781102872137));
#10888=CARTESIAN_POINT('Ctrl Pts',(24.1195910282711,20.,26.3437284619472));
#10889=CARTESIAN_POINT('Ctrl Pts',(19.6273912545819,15.,29.0065270849006));
#10890=CARTESIAN_POINT('Ctrl Pts',(19.6273912545819,15.3757452822922,29.0065270849006));
#10891=CARTESIAN_POINT('Ctrl Pts',(19.7481044843412,16.1359985346622,29.0040491164873));
#10892=CARTESIAN_POINT('Ctrl Pts',(20.4294576344787,17.5567496249936,28.9742400457288));
#10893=CARTESIAN_POINT('Ctrl Pts',(21.6358833789757,18.7417109098331,28.8348572553629));
#10894=CARTESIAN_POINT('Ctrl Pts',(23.3596691912314,19.7371806417578,28.3262066194728));
#10895=CARTESIAN_POINT('Ctrl Pts',(24.3952087351736,20.0000000000005,27.7654928804346));
#10896=CARTESIAN_POINT('Ctrl Pts',(24.985580083122,20.,27.2895728788473));
#10897=CARTESIAN_POINT('',(19.6273912545818,15.,29.0065270849006));
#10898=CARTESIAN_POINT('Origin',(14.6831805625335,15.,33.9618051429549));
#10899=CARTESIAN_POINT('Ctrl Pts',(19.6273912545819,15.,29.0065270849006));
#10900=CARTESIAN_POINT('Ctrl Pts',(19.6273912545819,15.3757452822922,29.0065270849006));
#10901=CARTESIAN_POINT('Ctrl Pts',(19.7481044843412,16.1359985346622,29.0040491164873));
#10902=CARTESIAN_POINT('Ctrl Pts',(20.4294576344787,17.5567496249936,28.9742400457288));
#10903=CARTESIAN_POINT('Ctrl Pts',(21.6358833789757,18.7417109098331,28.8348572553629));
#10904=CARTESIAN_POINT('Ctrl Pts',(23.3596691912314,19.7371806417578,28.3262066194728));
#10905=CARTESIAN_POINT('Ctrl Pts',(24.3952087351736,20.0000000000005,27.7654928804346));
#10906=CARTESIAN_POINT('Ctrl Pts',(24.985580083122,20.,27.2895728788473));
#10907=CARTESIAN_POINT('Origin',(71.4461660041133,0.,94.8359187645993));
#10908=CARTESIAN_POINT('',(78.5093241355806,6.48924863989723,87.7569501102057));
#10909=CARTESIAN_POINT('',(78.5093241348455,3.51075133924977,87.7569501094723));
#10910=CARTESIAN_POINT('Ctrl Pts',(78.5099826091212,6.48908582374454,87.7555005477028));
#10911=CARTESIAN_POINT('Ctrl Pts',(78.5805562366174,5.50379972949259,87.8249692401705));
#10912=CARTESIAN_POINT('Ctrl Pts',(78.5797520255067,4.49608696223122,87.8271835647753));
#10913=CARTESIAN_POINT('Ctrl Pts',(78.5093241811144,3.51075133555069,87.7569499549961));
#10914=CARTESIAN_POINT('',(78.5093241356109,0.,87.7569501102359));
#10915=CARTESIAN_POINT('Origin',(10.4455743054622,15.,12.7820414777629));
#10916=CARTESIAN_POINT('',(76.7607704933761,15.,86.0123017752136));
#10917=CARTESIAN_POINT('Ctrl Pts',(76.1660818354878,19.6420421939342,80.9801680405799));
#10918=CARTESIAN_POINT('Ctrl Pts',(76.3072596614269,19.5600387058581,81.4104788424762));
#10919=CARTESIAN_POINT('Ctrl Pts',(76.3750193420418,19.4394279814981,81.8470684622598));
#10920=CARTESIAN_POINT('Ctrl Pts',(76.4410749434693,19.0439095899432,82.8279690430656));
#10921=CARTESIAN_POINT('Ctrl Pts',(76.4124580158035,18.7329959950946,83.368945008729));
#10922=CARTESIAN_POINT('Ctrl Pts',(76.3466486014998,17.8257723124772,84.4325621243431));
#10923=CARTESIAN_POINT('Ctrl Pts',(76.3133335402526,17.2544686421192,84.8786219833431));
#10924=CARTESIAN_POINT('Ctrl Pts',(76.420582778047,16.0668716223195,85.5588430861833));
#10925=CARTESIAN_POINT('Ctrl Pts',(76.5342212223271,15.5180189084532,85.7862584906445));
#10926=CARTESIAN_POINT('Ctrl Pts',(76.7607704933761,14.9999999999999,86.0123017752136));
#10927=CARTESIAN_POINT('',(6.91399523971339,15.,16.3215258049446));
#10928=CARTESIAN_POINT('Ctrl Pts',(85.8853494126838,2.75010822373741,87.3225954655));
#10929=CARTESIAN_POINT('Ctrl Pts',(86.1275602216838,4.89232959129166,87.5399438228203));
#10930=CARTESIAN_POINT('Ctrl Pts',(85.9128982650789,9.318866770403,87.3398937796325));
#10931=CARTESIAN_POINT('Ctrl Pts',(83.9118910206538,14.1836100713884,85.5871831570198));
#10932=CARTESIAN_POINT('Ctrl Pts',(80.6756322669549,17.8801355653898,83.229574346531));
#10933=CARTESIAN_POINT('Ctrl Pts',(78.0514950794552,19.2027016996085,81.7495507770216));
#10934=CARTESIAN_POINT('Ctrl Pts',(76.1660818354878,19.6420421939342,80.9801680405799));
#10935=CARTESIAN_POINT('Ctrl Pts',(85.3829503403391,2.73768213327612,87.9415695500366));
#10936=CARTESIAN_POINT('Ctrl Pts',(85.623047136177,4.88959754510096,88.1683605918997));
#10937=CARTESIAN_POINT('Ctrl Pts',(85.4058804227414,9.35550819035884,87.9521887084592));
#10938=CARTESIAN_POINT('Ctrl Pts',(83.4398094346748,14.1779049892105,86.1528809522587));
#10939=CARTESIAN_POINT('Ctrl Pts',(80.3101571600254,17.8133015899257,83.8192486051157));
#10940=CARTESIAN_POINT('Ctrl Pts',(77.7878580511919,19.127147208548,82.3926481711178));
#10941=CARTESIAN_POINT('Ctrl Pts',(75.9735707922072,19.5867855692643,81.6614569482672));
#10942=CARTESIAN_POINT('Ctrl Pts',(84.0816196086787,2.77139681590756,88.9331491745303));
#10943=CARTESIAN_POINT('Ctrl Pts',(84.3041633905194,4.88796365024735,89.1684051110744));
#10944=CARTESIAN_POINT('Ctrl Pts',(84.0981179020376,9.30871968410393,88.9320475230091));
#10945=CARTESIAN_POINT('Ctrl Pts',(82.2924901059664,13.9596163782263,87.1132805543824));
#10946=CARTESIAN_POINT('Ctrl Pts',(79.4569215919394,17.426351390965,84.8977872563818));
#10947=CARTESIAN_POINT('Ctrl Pts',(77.1780897404061,18.6980929224869,83.6130886733539));
#10948=CARTESIAN_POINT('Ctrl Pts',(75.5354607620451,19.1755476451865,82.9813265522062));
#10949=CARTESIAN_POINT('Ctrl Pts',(81.2628541799298,3.02055264434638,89.4461219711756));
#10950=CARTESIAN_POINT('Ctrl Pts',(81.4254891627016,4.89938211082743,89.6493835759066));
#10951=CARTESIAN_POINT('Ctrl Pts',(81.2784008249985,8.83181996175464,89.4372412340047));
#10952=CARTESIAN_POINT('Ctrl Pts',(79.9452374095682,12.9345566823973,87.8956876523796));
#10953=CARTESIAN_POINT('Ctrl Pts',(77.7802559109609,15.9839517056874,86.1275952807332));
#10954=CARTESIAN_POINT('Ctrl Pts',(76.0029027805369,17.1075831221345,85.1737681822131));
#10955=CARTESIAN_POINT('Ctrl Pts',(74.7160121393027,17.5376785067667,84.7484089191548));
#10956=CARTESIAN_POINT('Ctrl Pts',(79.3455766496551,3.31972239353886,88.5911542563993));
#10957=CARTESIAN_POINT('Ctrl Pts',(79.4635069554238,4.91759701669619,88.7334798547164));
#10958=CARTESIAN_POINT('Ctrl Pts',(79.3621417376208,8.2379389834263,88.5899486592406));
#10959=CARTESIAN_POINT('Ctrl Pts',(78.3708972485757,11.8036619260525,87.4950215728675));
#10960=CARTESIAN_POINT('Ctrl Pts',(76.6777425202456,14.4873303500776,86.2114723268167));
#10961=CARTESIAN_POINT('Ctrl Pts',(75.2530870248583,15.4596689653526,85.5205414777018));
#10962=CARTESIAN_POINT('Ctrl Pts',(74.218259471872,15.804418435242,85.225396729086));
#10963=CARTESIAN_POINT('Ctrl Pts',(78.5085580856095,3.50007214915827,87.7561858538732));
#10964=CARTESIAN_POINT('Ctrl Pts',(78.6113824525579,4.92821972752778,87.8587583667177));
#10965=CARTESIAN_POINT('Ctrl Pts',(78.5244354371997,7.87924451360197,87.7593318357189));
#10966=CARTESIAN_POINT('Ctrl Pts',(77.6575425847665,11.1224067142589,86.9527271604259));
#10967=CARTESIAN_POINT('Ctrl Pts',(76.1714185228766,13.5867570435931,85.9637316727159));
#10968=CARTESIAN_POINT('Ctrl Pts',(74.9211279305072,14.468467799739,85.4117948450049));
#10969=CARTESIAN_POINT('Ctrl Pts',(74.0095212720498,14.7613614626228,85.1700401304377));
#10970=CARTESIAN_POINT('Ctrl Pts',(76.7607704933766,14.9999999999986,86.0123017752142));
#10971=CARTESIAN_POINT('Ctrl Pts',(77.0574236360265,14.321684256879,86.3082923578889));
#10972=CARTESIAN_POINT('Ctrl Pts',(77.3093265641856,13.604670022032,86.5596326734416));
#10973=CARTESIAN_POINT('Ctrl Pts',(77.7529907351202,12.0659984933915,87.0023059426133));
#10974=CARTESIAN_POINT('Ctrl Pts',(77.9395912448091,11.2353123983843,87.1884896893853));
#10975=CARTESIAN_POINT('Ctrl Pts',(78.2460005681647,9.49331885668157,87.4942146628236));
#10976=CARTESIAN_POINT('Ctrl Pts',(78.361824675446,8.56670691675987,87.6097800827471));
#10977=CARTESIAN_POINT('Ctrl Pts',(78.4647028699685,7.29607910708635,87.7124285039614));
#10978=CARTESIAN_POINT('Ctrl Pts',(78.4870215736761,6.95099365894438,87.7346973599592));
#10979=CARTESIAN_POINT('Ctrl Pts',(78.5057508081412,6.56680561656941,87.7533847636147));
#10980=CARTESIAN_POINT('Ctrl Pts',(78.507571891328,6.52803011194336,87.7552017795032));
#10981=CARTESIAN_POINT('Ctrl Pts',(78.5093241356109,6.48924863933136,87.756950110236));
#10982=CARTESIAN_POINT('Ctrl Pts',(78.5093241809128,3.51075133556887,87.756949954795));
#10983=CARTESIAN_POINT('Ctrl Pts',(78.5091624045722,3.50717151491901,87.7567886735692));
#10984=CARTESIAN_POINT('Ctrl Pts',(78.5090000572909,3.50359174444061,87.756626755737));
#10985=CARTESIAN_POINT('Ctrl Pts',(78.5088371392042,3.50001202489113,87.7564642004563));
#10986=CARTESIAN_POINT('Origin',(43.986848719308,15.,40.5978625007276));
#10987=CARTESIAN_POINT('',(86.6491918774726,15.,76.1017456591048));
#10988=CARTESIAN_POINT('Ctrl Pts',(81.6157410311472,19.6420421939342,75.5183100579587));
#10989=CARTESIAN_POINT('Ctrl Pts',(82.1247006763956,19.545121605929,75.6840316849738));
#10990=CARTESIAN_POINT('Ctrl Pts',(82.6494844289917,19.3932482476104,75.7490648253906));
#10991=CARTESIAN_POINT('Ctrl Pts',(83.6314214560205,18.9447023718231,75.7799831944568));
#10992=CARTESIAN_POINT('Ctrl Pts',(84.0658909867209,18.6739664252757,75.7551923517743));
#10993=CARTESIAN_POINT('Ctrl Pts',(85.0160705420015,17.879585184452,75.6948422312228));
#10994=CARTESIAN_POINT('Ctrl Pts',(85.4599056589718,17.3286846739941,75.6590898325734));
#10995=CARTESIAN_POINT('Ctrl Pts',(86.1003985295605,16.2452097127525,75.7411402521201));
#10996=CARTESIAN_POINT('Ctrl Pts',(86.3086951844785,15.782426213353,75.8212589842385));
#10997=CARTESIAN_POINT('Ctrl Pts',(86.5508897249451,15.2262666504111,76.0089826697399));
#10998=CARTESIAN_POINT('Ctrl Pts',(86.6001644293644,15.1121042898778,76.0528277113528));
#10999=CARTESIAN_POINT('Ctrl Pts',(86.6491918774726,15.,76.1017456591048));
#11000=CARTESIAN_POINT('',(47.5184277850568,15.,37.0583781735459));
#11001=CARTESIAN_POINT('Origin',(95.4609036512051,0.,70.7674253397639));
#11002=CARTESIAN_POINT('',(88.3977455197075,3.5107513606681,77.8463939941272));
#11003=CARTESIAN_POINT('',(88.3977455196772,6.48924863989741,77.846393994097));
#11004=CARTESIAN_POINT('Ctrl Pts',(88.39774536921,3.51075133996075,77.8463940227172));
#11005=CARTESIAN_POINT('Ctrl Pts',(88.4681369892066,4.49608382805629,77.9166613294438));
#11006=CARTESIAN_POINT('Ctrl Pts',(88.4660236279482,5.50336125263579,77.9170089603319));
#11007=CARTESIAN_POINT('Ctrl Pts',(88.3963800246327,6.48864824455997,77.8465219857684));
#11008=CARTESIAN_POINT('',(88.3977455197075,0.,77.8463939941272));
#11009=CARTESIAN_POINT('Ctrl Pts',(81.6157410311472,19.6420421939342,75.5183100579587));
#11010=CARTESIAN_POINT('Ctrl Pts',(82.0025392763344,19.422371947228,76.4601541730466));
#11011=CARTESIAN_POINT('Ctrl Pts',(83.3211825250974,18.4512981616137,79.1986071275086));
#11012=CARTESIAN_POINT('Ctrl Pts',(85.8879218502177,15.1652741334794,82.8623668170152));
#11013=CARTESIAN_POINT('Ctrl Pts',(87.9971745812443,9.31612228972205,85.2476168567221));
#11014=CARTESIAN_POINT('Ctrl Pts',(88.1977737279005,4.89232961531779,85.4650962533533));
#11015=CARTESIAN_POINT('Ctrl Pts',(87.9798843415967,2.75010822373643,85.2233720258993));
#11016=CARTESIAN_POINT('Ctrl Pts',(82.2965977918501,19.5867855692643,75.3242761719287));
#11017=CARTESIAN_POINT('Ctrl Pts',(82.6642208111494,19.3569663893839,76.2306000805433));
#11018=CARTESIAN_POINT('Ctrl Pts',(83.9257044860854,18.372189400443,78.8636547830755));
#11019=CARTESIAN_POINT('Ctrl Pts',(86.4422501203706,15.1498012736749,82.395302716371));
#11020=CARTESIAN_POINT('Ctrl Pts',(88.608590646994,9.35342855932814,84.7394197119806));
#11021=CARTESIAN_POINT('Ctrl Pts',(88.8250608631139,4.8895975692358,84.9591793241441));
#11022=CARTESIAN_POINT('Ctrl Pts',(88.5977335425811,2.73768213327514,84.7195902179073));
#11023=CARTESIAN_POINT('Ctrl Pts',(83.615484520093,19.1755476515172,74.8832160799769));
#11024=CARTESIAN_POINT('Ctrl Pts',(83.9332012037498,18.9368202906636,75.7038222219683));
#11025=CARTESIAN_POINT('Ctrl Pts',(85.0463536681376,17.9555677589877,78.0854083080483));
#11026=CARTESIAN_POINT('Ctrl Pts',(87.3948060836034,14.8952384640018,81.2772605344591));
#11027=CARTESIAN_POINT('Ctrl Pts',(89.5858469203056,9.30761365165194,83.4296404893835));
#11028=CARTESIAN_POINT('Ctrl Pts',(89.8221539540588,4.88796367232237,83.6380628248377));
#11029=CARTESIAN_POINT('Ctrl Pts',(89.5864010074701,2.77139681424322,83.4160456159496));
#11030=CARTESIAN_POINT('Ctrl Pts',(85.3807302414152,17.5376785156756,74.0598184051602));
#11031=CARTESIAN_POINT('Ctrl Pts',(85.594848048684,17.3226308238065,74.7027865762172));
#11032=CARTESIAN_POINT('Ctrl Pts',(86.3858635188298,16.4487252698302,76.5670253367317));
#11033=CARTESIAN_POINT('Ctrl Pts',(88.2270400452725,13.7594919645971,79.0223388437857));
#11034=CARTESIAN_POINT('Ctrl Pts',(90.0849291607922,8.83106719937009,80.6090126774074));
#11035=CARTESIAN_POINT('Ctrl Pts',(90.2966946796741,4.8993821295075,80.758320339597));
#11036=CARTESIAN_POINT('Ctrl Pts',(90.0930699380128,3.02055264195355,80.5961402431531));
#11037=CARTESIAN_POINT('Ctrl Pts',(85.8566038856478,15.804418435242,73.5610004689479));
#11038=CARTESIAN_POINT('Ctrl Pts',(86.005332799083,15.6320437006557,74.0780829873805));
#11039=CARTESIAN_POINT('Ctrl Pts',(86.5686450276085,14.8994625669592,75.5765401063801));
#11040=CARTESIAN_POINT('Ctrl Pts',(87.9132680088808,12.5221409170348,77.5168226489565));
#11041=CARTESIAN_POINT('Ctrl Pts',(89.2332649656471,8.23650814411955,78.694942045347));
#11042=CARTESIAN_POINT('Ctrl Pts',(89.3764063242615,4.91759703461719,78.7983909640556));
#11043=CARTESIAN_POINT('Ctrl Pts',(89.2338173945382,3.31972239353813,78.6807791838558));
#11044=CARTESIAN_POINT('Ctrl Pts',(85.800780698411,14.7613614626228,73.3523865651792));
#11045=CARTESIAN_POINT('Ctrl Pts',(85.9226769040863,14.6149146314853,73.8079184790527));
#11046=CARTESIAN_POINT('Ctrl Pts',(86.3783233213887,13.9675321077425,75.12509007643));
#11047=CARTESIAN_POINT('Ctrl Pts',(87.4282776175082,11.7768494223196,76.8282849090978));
#11048=CARTESIAN_POINT('Ctrl Pts',(88.4005780469209,7.87741485981468,77.8595612033909));
#11049=CARTESIAN_POINT('Ctrl Pts',(88.4997817195503,4.9282197435452,77.9482244195276));
#11050=CARTESIAN_POINT('Ctrl Pts',(88.3969795524101,3.50007214915762,77.8456296548753));
#11051=CARTESIAN_POINT('Ctrl Pts',(88.3972585222431,3.50001202489101,77.8459080854025));
#11052=CARTESIAN_POINT('Ctrl Pts',(88.3974214417267,3.50359175177162,77.8460706399502));
#11053=CARTESIAN_POINT('Ctrl Pts',(88.3975837237757,3.50717152374092,77.8462326190904));
#11054=CARTESIAN_POINT('Ctrl Pts',(88.39774536921,3.51075133996109,77.8463940227172));
#11055=CARTESIAN_POINT('Ctrl Pts',(88.3977455197075,6.48924863933163,77.8463939941272));
#11056=CARTESIAN_POINT('Ctrl Pts',(88.3959932753358,6.52803011391124,77.8446456633058));
#11057=CARTESIAN_POINT('Ctrl Pts',(88.394172192335,6.56680561476436,77.842828647603));
#11058=CARTESIAN_POINT('Ctrl Pts',(88.3754429573595,6.95099366710039,77.8241412434381));
#11059=CARTESIAN_POINT('Ctrl Pts',(88.3531242536885,7.29607911269657,77.8018723874768));
#11060=CARTESIAN_POINT('Ctrl Pts',(88.2502460588579,8.56670692265519,77.6992239659552));
#11061=CARTESIAN_POINT('Ctrl Pts',(88.1344219515556,9.49331886140366,77.5836585460107));
#11062=CARTESIAN_POINT('Ctrl Pts',(87.8280126282543,11.2353124014309,77.2779335726266));
#11063=CARTESIAN_POINT('Ctrl Pts',(87.6414121185851,12.0659984958829,77.0917498258742));
#11064=CARTESIAN_POINT('Ctrl Pts',(87.1977479478352,13.6046700233043,76.6490765568868));
#11065=CARTESIAN_POINT('Ctrl Pts',(86.9458450198599,14.3216842574806,76.3977362415176));
#11066=CARTESIAN_POINT('Ctrl Pts',(86.6491918774732,14.9999999999986,76.1017456591054));
#11067=CARTESIAN_POINT('Origin',(0.,20.,-2.22044604925031E-15));
#11068=CARTESIAN_POINT('Ctrl Pts',(28.5007232666314,15.,-10.3040729500994));
#11069=CARTESIAN_POINT('Ctrl Pts',(28.5007232666314,16.0515895029882,-10.3040729500994));
#11070=CARTESIAN_POINT('Ctrl Pts',(28.4042642962856,19.2409346113494,-10.5881305895159));
#11071=CARTESIAN_POINT('Ctrl Pts',(27.7539483825622,24.094179325357,-12.426102833528));
#11072=CARTESIAN_POINT('Ctrl Pts',(25.8919980355093,28.3013849995279,-16.2041857684713));
#11073=CARTESIAN_POINT('Ctrl Pts',(23.6939074221464,29.4087016449794,-19.1798404078397));
#11074=CARTESIAN_POINT('Ctrl Pts',(22.4446844924334,29.4187452510085,-20.5497342862171));
#11075=CARTESIAN_POINT('Ctrl Pts',(27.891750457687,15.,-11.0635085121945));
#11076=CARTESIAN_POINT('Ctrl Pts',(27.891750457687,15.975718084536,-11.0635085121945));
#11077=CARTESIAN_POINT('Ctrl Pts',(27.7868805916507,18.9348606791027,-11.3257980454919));
#11078=CARTESIAN_POINT('Ctrl Pts',(27.0850073089818,23.4161097608174,-13.0185760623806));
#11079=CARTESIAN_POINT('Ctrl Pts',(25.2393993347774,27.2313255262056,-16.4104414849569));
#11080=CARTESIAN_POINT('Ctrl Pts',(23.2329938314502,28.2097773923744,-19.032691797868));
#11081=CARTESIAN_POINT('Ctrl Pts',(22.1178621146891,28.2153303322327,-20.2505047281575));
#11082=CARTESIAN_POINT('Ctrl Pts',(26.9953236953821,15.,-12.8400668123909));
#11083=CARTESIAN_POINT('Ctrl Pts',(26.9953236953821,15.815019196816,-12.8400668123909));
#11084=CARTESIAN_POINT('Ctrl Pts',(26.881812707234,18.2876231622578,-13.0680583018397));
#11085=CARTESIAN_POINT('Ctrl Pts',(26.1288183449954,21.9689016571158,-14.5337783628797));
#11086=CARTESIAN_POINT('Ctrl Pts',(24.3927091576169,24.8939088011186,-17.2544997706292));
#11087=CARTESIAN_POINT('Ctrl Pts',(22.8041896491613,25.5660258484911,-19.1967043099798));
#11088=CARTESIAN_POINT('Ctrl Pts',(21.9649450618566,25.5592021779934,-20.1104980907441));
#11089=CARTESIAN_POINT('Ctrl Pts',(26.8718196062459,15.,-15.3233415135476));
#11090=CARTESIAN_POINT('Ctrl Pts',(26.8718196062459,15.6266946892601,-15.3233415135476));
#11091=CARTESIAN_POINT('Ctrl Pts',(26.7763620732071,17.5287970356448,-15.5283849997103));
#11092=CARTESIAN_POINT('Ctrl Pts',(26.1423846923788,20.2904211419098,-16.8408252001887));
#11093=CARTESIAN_POINT('Ctrl Pts',(24.7740698992015,22.2540934846838,-19.0813494376718));
#11094=CARTESIAN_POINT('Ctrl Pts',(23.6594257080393,22.6147066292215,-20.4845161356414));
#11095=CARTESIAN_POINT('Ctrl Pts',(23.0812440514041,22.5972091283207,-21.1325506674622));
#11096=CARTESIAN_POINT('Ctrl Pts',(27.5081141996017,15.,-17.6864778246481));
#11097=CARTESIAN_POINT('Ctrl Pts',(27.5081141996017,15.4717460133867,-17.6864778246481));
#11098=CARTESIAN_POINT('Ctrl Pts',(27.4498791442536,16.9036767510329,-17.8764038216301));
#11099=CARTESIAN_POINT('Ctrl Pts',(27.0580821856122,18.9571388730065,-19.0892942967867));
#11100=CARTESIAN_POINT('Ctrl Pts',(26.1594334626487,20.3397646655842,-21.1113356523153));
#11101=CARTESIAN_POINT('Ctrl Pts',(25.3671354064656,20.5618335287419,-22.3003120104248));
#11102=CARTESIAN_POINT('Ctrl Pts',(24.9286094793687,20.5449102981367,-22.8239475185506));
#11103=CARTESIAN_POINT('Ctrl Pts',(28.3189691357302,15.,-18.9382946886912));
#11104=CARTESIAN_POINT('Ctrl Pts',(28.3189691357302,15.4046974207178,-18.9382946886912));
#11105=CARTESIAN_POINT('Ctrl Pts',(28.2925591450038,16.6337905561849,-19.1216797891679));
#11106=CARTESIAN_POINT('Ctrl Pts',(28.1028062309549,18.4272420013193,-20.2927879149096));
#11107=CARTESIAN_POINT('Ctrl Pts',(27.5023774587356,19.7438171911466,-22.3208558478125));
#11108=CARTESIAN_POINT('Ctrl Pts',(26.7806752685206,20.0088429346338,-23.5800519937685));
#11109=CARTESIAN_POINT('Ctrl Pts',(26.3437282680884,20.,-24.1195912644634));
#11110=CARTESIAN_POINT('Ctrl Pts',(29.0065269500571,15.,-19.6273915664713));
#11111=CARTESIAN_POINT('Ctrl Pts',(29.0065269500571,15.375745281967,-19.6273915664713));
#11112=CARTESIAN_POINT('Ctrl Pts',(29.0020072452561,16.5155142228709,-19.8053236743164));
#11113=CARTESIAN_POINT('Ctrl Pts',(28.952166128491,18.2297350652545,-20.9436480349679));
#11114=CARTESIAN_POINT('Ctrl Pts',(28.5135412709639,19.6501359415667,-23.0156281314324));
#11115=CARTESIAN_POINT('Ctrl Pts',(27.7654926776619,20.0000000000005,-24.3952089795968));
#11116=CARTESIAN_POINT('Ctrl Pts',(27.2895726654096,20.,-24.9855803162414));
#11117=CARTESIAN_POINT('Origin',(33.9618050081114,15.,-14.683180874423));
#11118=CARTESIAN_POINT('Origin',(-70.7674257867987,0.,95.4609036512052));
#11119=CARTESIAN_POINT('',(-77.8463944411621,3.51075136066831,88.3977455197076));
#11120=CARTESIAN_POINT('',(-77.8463944411318,6.48924863989735,88.3977455196772));
#11121=CARTESIAN_POINT('Ctrl Pts',(-77.8463944697521,3.51075133996184,88.3977453692101));
#11122=CARTESIAN_POINT('Ctrl Pts',(-77.9166617762813,4.49608382532422,88.468136989009));
#11123=CARTESIAN_POINT('Ctrl Pts',(-77.917009407568,5.50336125465826,88.4660236281689));
#11124=CARTESIAN_POINT('Ctrl Pts',(-77.8465224323853,6.48864825364519,88.3963800242673));
#11125=CARTESIAN_POINT('',(-77.846394441162,0.,88.3977455197076));
#11126=CARTESIAN_POINT('Origin',(-94.8359192116342,0.,71.4461660041133));
#11127=CARTESIAN_POINT('',(-87.7569505572405,6.48924863989728,78.5093241355806));
#11128=CARTESIAN_POINT('',(-87.7569505565073,3.51075133925505,78.5093241348457));
#11129=CARTESIAN_POINT('Ctrl Pts',(-87.7572892272803,6.48899559140033,78.5089546371112));
#11130=CARTESIAN_POINT('Ctrl Pts',(-87.7770927554768,6.21443240886358,78.5284632368901));
#11131=CARTESIAN_POINT('Ctrl Pts',(-87.7915749711237,5.93811973877731,78.5424954147943));
#11132=CARTESIAN_POINT('Ctrl Pts',(-87.8003554976706,5.66096480663328,78.5511629191813));
#11133=CARTESIAN_POINT('Ctrl Pts',(-87.8230698108862,4.94399368829321,78.5735848557691));
#11134=CARTESIAN_POINT('Ctrl Pts',(-87.8076282302217,4.22138612413167,78.5601062180129));
#11135=CARTESIAN_POINT('Ctrl Pts',(-87.7569505874915,3.51075136087013,78.5093240985729));
#11136=CARTESIAN_POINT('',(-87.7569505572708,0.,78.5093241356109));
#11137=CARTESIAN_POINT('Origin',(-2.23517435671283E-7,20.,-2.23517417907715E-7));
#11138=CARTESIAN_POINT('',(-77.2077236033201,20.,75.0154696196354));
#11139=CARTESIAN_POINT('',(-12.7820421483152,20.,10.44557452948));
#11140=CARTESIAN_POINT('',(-74.3761361415748,20.,77.8407328722345));
#11141=CARTESIAN_POINT('Origin',(-96.2263189593966,20.,96.9082316811439));
#11142=CARTESIAN_POINT('',(-40.5978629477624,20.,43.9868487193081));
#11143=CARTESIAN_POINT('Origin',(-40.5978629477624,15.,43.9868487193081));
#11144=CARTESIAN_POINT('',(-75.518310506473,19.6420421938398,81.615741031862));
#11145=CARTESIAN_POINT('',(-76.1017461061396,15.,86.6491918774727));
#11146=CARTESIAN_POINT('Ctrl Pts',(-75.5183105049935,19.6420421939342,81.6157410311472));
#11147=CARTESIAN_POINT('Ctrl Pts',(-75.6840321322067,19.5451216058131,82.124700677004));
#11148=CARTESIAN_POINT('Ctrl Pts',(-75.7490652725829,19.3932482472465,82.6494844302524));
#11149=CARTESIAN_POINT('Ctrl Pts',(-75.7799836414606,18.944702370531,83.6314214584281));
#11150=CARTESIAN_POINT('Ctrl Pts',(-75.7551927986504,18.6739664234025,84.0658909895386));
#11151=CARTESIAN_POINT('Ctrl Pts',(-75.69484267806,17.879585181551,85.0160705446679));
#11152=CARTESIAN_POINT('Ctrl Pts',(-75.6590902795758,17.3286846709047,85.4599056611809));
#11153=CARTESIAN_POINT('Ctrl Pts',(-75.7411406995629,16.2452097100082,86.1003985308954));
#11154=CARTESIAN_POINT('Ctrl Pts',(-75.8212594318408,15.7824262109958,86.3086951855242));
#11155=CARTESIAN_POINT('Ctrl Pts',(-76.0089831172734,15.2262666491123,86.5508897255057));
#11156=CARTESIAN_POINT('Ctrl Pts',(-76.0528281586666,15.1121042892384,86.6001644296441));
#11157=CARTESIAN_POINT('Ctrl Pts',(-76.1017461061396,15.,86.6491918774727));
#11158=CARTESIAN_POINT('',(-37.0583786205807,15.,47.5184277850569));
#11159=CARTESIAN_POINT('Ctrl Pts',(-74.3761361415748,20.,77.8407328722345));
#11160=CARTESIAN_POINT('Ctrl Pts',(-74.3779956711167,20.,77.8472379582897));
#11161=CARTESIAN_POINT('Ctrl Pts',(-74.3798555277613,19.9999967758442,77.8537429516822));
#11162=CARTESIAN_POINT('Ctrl Pts',(-74.7422522975317,19.9987408731847,79.121010728397));
#11163=CARTESIAN_POINT('Ctrl Pts',(-75.1176193305151,19.8763823035985,80.3851494561121));
#11164=CARTESIAN_POINT('Ctrl Pts',(-75.5183105053486,19.6420421937265,81.6157410322377));
#11165=CARTESIAN_POINT('Origin',(-12.7820421483152,15.,10.44557452948));
#11166=CARTESIAN_POINT('',(-80.9801684883261,19.6420421938398,76.166081836969));
#11167=CARTESIAN_POINT('Ctrl Pts',(-77.2077236033201,20.,75.0154696196354));
#11168=CARTESIAN_POINT('Ctrl Pts',(-77.2142245154113,20.,75.0173436895676));
#11169=CARTESIAN_POINT('Ctrl Pts',(-77.220725333806,19.9999967758443,75.0192180863057));
#11170=CARTESIAN_POINT('Ctrl Pts',(-78.4856466734651,19.9987423933828,75.3840054010285));
#11171=CARTESIAN_POINT('Ctrl Pts',(-79.7494828461467,19.8765715501812,75.7623143201942));
#11172=CARTESIAN_POINT('Ctrl Pts',(-80.980168488677,19.6420421937317,76.1660818358364));
#11173=CARTESIAN_POINT('',(-86.0123022222484,15.,76.760770493376));
#11174=CARTESIAN_POINT('',(-16.3215264754969,15.,6.91399546373116));
#11175=CARTESIAN_POINT('Ctrl Pts',(-80.9801684876147,19.6420421939342,76.1660818354879));
#11176=CARTESIAN_POINT('Ctrl Pts',(-81.4104792895118,19.5600387058579,76.3072596614272));
#11177=CARTESIAN_POINT('Ctrl Pts',(-81.8470689092963,19.4394279814977,76.3750193420421));
#11178=CARTESIAN_POINT('Ctrl Pts',(-82.8279694901031,19.0439095899418,76.4410749434693));
#11179=CARTESIAN_POINT('Ctrl Pts',(-83.3689454557666,18.7329959950928,76.4124580158033));
#11180=CARTESIAN_POINT('Ctrl Pts',(-84.4325625713758,17.8257723124784,76.3466486014999));
#11181=CARTESIAN_POINT('Ctrl Pts',(-84.8786224303728,17.2544686421257,76.3133335402531));
#11182=CARTESIAN_POINT('Ctrl Pts',(-85.5588435332183,16.0668716223215,76.4205827780458));
#11183=CARTESIAN_POINT('Ctrl Pts',(-85.7862589376811,15.5180189084492,76.5342212223289));
#11184=CARTESIAN_POINT('Ctrl Pts',(-86.0123022222484,14.9999999999999,76.7607704933761));
#11185=CARTESIAN_POINT('Origin',(-96.9082321281788,0.,-96.2263189593966));
#11186=CARTESIAN_POINT('',(-93.4082321281788,0.,-96.2263189593966));
#11187=CARTESIAN_POINT('',(-93.4082321281788,0.,-96.2263189593966));
#11188=CARTESIAN_POINT('Origin',(-96.9082321281788,0.,-96.2263189593966));
#11189=CARTESIAN_POINT('Origin',(96.9082316811439,0.,96.2263185123618));
#11190=CARTESIAN_POINT('',(100.408231681144,0.,96.2263185123618));
#11191=CARTESIAN_POINT('',(100.408231681144,0.,96.2263185123618));
#11192=CARTESIAN_POINT('Origin',(96.9082316811439,0.,96.2263185123618));
#11193=CARTESIAN_POINT('Origin',(96.2263185123618,0.,-96.9082321281788));
#11194=CARTESIAN_POINT('',(99.7263185123618,0.,-96.9082321281788));
#11195=CARTESIAN_POINT('',(99.7263185123618,0.,-96.9082321281788));
#11196=CARTESIAN_POINT('Origin',(96.2263185123618,0.,-96.9082321281788));
#11197=CARTESIAN_POINT('Origin',(27.921031284424,0.,-18.5394660735963));
#11198=CARTESIAN_POINT('',(29.006526950057,0.,-19.6273915664713));
#11199=CARTESIAN_POINT('',(29.006526950057,0.,-19.6273915664713));
#11200=CARTESIAN_POINT('',(87.7569501102359,0.,-78.5093245826457));
#11201=CARTESIAN_POINT('',(27.921031284424,0.,-18.5394660735963));
#11202=CARTESIAN_POINT('',(87.7569501102359,0.,-78.5093245826457));
#11203=CARTESIAN_POINT('Origin',(94.8359187645993,0.,-71.4461664511481));
#11204=CARTESIAN_POINT('',(95.3811735676434,0.,-81.4312902460621));
#11205=CARTESIAN_POINT('Origin',(94.8359187645993,0.,-71.4461664511481));
#11206=CARTESIAN_POINT('',(95.3811735676434,0.,-81.4312902460621));
#11207=CARTESIAN_POINT('Origin',(96.2263185123618,0.,-96.9082321281788));
#11208=CARTESIAN_POINT('',(80.7513050152924,0.,-96.0284837178238));
#11209=CARTESIAN_POINT('Origin',(96.2263185123618,0.,-96.9082321281788));
#11210=CARTESIAN_POINT('',(80.7513050152924,0.,-96.0284837178238));
#11211=CARTESIAN_POINT('Origin',(70.7674253397638,0.,-95.46090409824));
#11212=CARTESIAN_POINT('',(77.8463939941272,0.,-88.3977459667423));
#11213=CARTESIAN_POINT('Origin',(70.7674253397638,0.,-95.46090409824));
#11214=CARTESIAN_POINT('',(77.8463939941272,0.,-88.3977459667423));
#11215=CARTESIAN_POINT('Origin',(79.305291751913,0.,-89.8599093935008));
#11216=CARTESIAN_POINT('',(18.9056892504244,0.,-29.3251054313265));
#11217=CARTESIAN_POINT('',(79.305291751913,0.,-89.8599093935008));
#11218=CARTESIAN_POINT('',(18.9056892504244,0.,-29.3251054313265));
#11219=CARTESIAN_POINT('Origin',(13.9504111923701,0.,-34.2693161233748));
#11220=CARTESIAN_POINT('',(11.3111442100298,0.,-27.7859319919255));
#11221=CARTESIAN_POINT('Origin',(13.9504111923701,0.,-34.2693161233748));
#11222=CARTESIAN_POINT('',(11.3111442100298,0.,-27.7859319919255));
#11223=CARTESIAN_POINT('Origin',(0.,0.,0.));
#11224=CARTESIAN_POINT('',(9.74999985471368,0.,-28.3714205289951));
#11225=CARTESIAN_POINT('Origin',(0.,0.,0.));
#11226=CARTESIAN_POINT('Origin',(0.,9.74999985471367,0.));
#11227=CARTESIAN_POINT('Origin',(9.49999985471368,0.25,-12.5000001117587));
#11228=CARTESIAN_POINT('',(9.74999985471368,0.,-25.));
#11229=CARTESIAN_POINT('',(9.74999985471368,0.,-12.5000001117587));
#11230=CARTESIAN_POINT('',(9.35256341778548,0.397436436928196,-25.));
#11231=CARTESIAN_POINT('Origin',(8.6602541070009,0.,-25.));
#11232=CARTESIAN_POINT('',(11.4564392373896,0.,-25.));
#11233=CARTESIAN_POINT('',(11.4564392373896,0.,-25.));
#11234=CARTESIAN_POINT('',(10.441557650555,0.,-25.));
#11235=CARTESIAN_POINT('Origin',(0.,0.,0.));
#11236=CARTESIAN_POINT('',(15.0748134316813,0.,-23.));
#11237=CARTESIAN_POINT('Origin',(0.,0.,0.));
#11238=CARTESIAN_POINT('',(15.0748134316813,0.,-23.));
#11239=CARTESIAN_POINT('Origin',(17.7552809045647,0.,-23.));
#11240=CARTESIAN_POINT('',(21.,0.,-23.));
#11241=CARTESIAN_POINT('',(8.87764034052363,0.,-23.));
#11242=CARTESIAN_POINT('',(21.,0.,-23.));
#11243=CARTESIAN_POINT('Origin',(21.,0.,-21.));
#11244=CARTESIAN_POINT('',(23.,0.,-21.));
#11245=CARTESIAN_POINT('Origin',(21.,0.,-21.));
#11246=CARTESIAN_POINT('',(23.,0.,-21.));
#11247=CARTESIAN_POINT('Origin',(23.,0.,-21.));
#11248=CARTESIAN_POINT('',(23.,0.,-15.0748134316813));
#11249=CARTESIAN_POINT('',(23.,0.,-10.5000001117587));
#11250=CARTESIAN_POINT('',(23.,0.,-15.0748134316813));
#11251=CARTESIAN_POINT('Origin',(0.,0.,0.));
#11252=CARTESIAN_POINT('',(26.9988635972813,0.,-5.22602759803262));
#11253=CARTESIAN_POINT('',(26.9988635972813,0.,-5.22602759803262));
#11254=CARTESIAN_POINT('Origin',(0.,0.,0.));
#11255=CARTESIAN_POINT('Origin',(27.5000001862645,0.,-2.23517417907715E-7));
#11256=CARTESIAN_POINT('',(26.9988636822346,0.,5.22602715914417));
#11257=CARTESIAN_POINT('',(26.9988636822346,0.,5.22602715914417));
#11258=CARTESIAN_POINT('Origin',(27.5000001862645,0.,-2.23517417907715E-7));
#11259=CARTESIAN_POINT('Origin',(0.,0.,0.));
#11260=CARTESIAN_POINT('',(23.,0.,15.0748134316813));
#11261=CARTESIAN_POINT('Origin',(0.,0.,0.));
#11262=CARTESIAN_POINT('',(23.,0.,15.0748134316813));
#11263=CARTESIAN_POINT('Origin',(23.,0.,17.7552809045647));
#11264=CARTESIAN_POINT('',(23.,0.,21.));
#11265=CARTESIAN_POINT('',(23.,0.,8.87764034052364));
#11266=CARTESIAN_POINT('',(23.,0.,21.));
#11267=CARTESIAN_POINT('Origin',(21.,0.,21.));
#11268=CARTESIAN_POINT('',(21.,0.,23.));
#11269=CARTESIAN_POINT('Origin',(21.,0.,21.));
#11270=CARTESIAN_POINT('',(21.,0.,23.));
#11271=CARTESIAN_POINT('Origin',(21.,0.,23.));
#11272=CARTESIAN_POINT('',(15.0748134316813,0.,23.));
#11273=CARTESIAN_POINT('',(10.4999998882413,0.,23.));
#11274=CARTESIAN_POINT('',(15.0748134316813,0.,23.));
#11275=CARTESIAN_POINT('Origin',(0.,0.,0.));
#11276=CARTESIAN_POINT('',(5.22602715914417,0.,26.9988636822346));
#11277=CARTESIAN_POINT('',(5.22602715914417,0.,26.9988636822346));
#11278=CARTESIAN_POINT('Origin',(0.,0.,0.));
#11279=CARTESIAN_POINT('Origin',(-2.23517417907715E-7,0.,27.5000001862645));
#11280=CARTESIAN_POINT('',(-5.22602759803262,0.,26.9988635972813));
#11281=CARTESIAN_POINT('Origin',(-2.23517417907715E-7,0.,27.5000001862645));
#11282=CARTESIAN_POINT('',(-5.22602759803262,0.,26.9988635972813));
#11283=CARTESIAN_POINT('Origin',(0.,0.,0.));
#11284=CARTESIAN_POINT('',(-15.0748134316813,0.,23.));
#11285=CARTESIAN_POINT('Origin',(0.,0.,0.));
#11286=CARTESIAN_POINT('',(-15.0748134316813,0.,23.));
#11287=CARTESIAN_POINT('Origin',(-17.7552809045647,0.,23.));
#11288=CARTESIAN_POINT('',(-21.,0.,23.));
#11289=CARTESIAN_POINT('',(-8.87764056404107,0.,23.));
#11290=CARTESIAN_POINT('',(-21.,0.,23.));
#11291=CARTESIAN_POINT('Origin',(-21.,0.,21.));
#11292=CARTESIAN_POINT('',(-23.,0.,21.));
#11293=CARTESIAN_POINT('Origin',(-21.,0.,21.));
#11294=CARTESIAN_POINT('',(-23.,0.,21.));
#11295=CARTESIAN_POINT('Origin',(-23.,0.,21.));
#11296=CARTESIAN_POINT('',(-23.,0.,15.0748134316813));
#11297=CARTESIAN_POINT('',(-23.,0.,10.4999998882413));
#11298=CARTESIAN_POINT('',(-23.,0.,15.0748134316813));
#11299=CARTESIAN_POINT('Origin',(0.,0.,0.));
#11300=CARTESIAN_POINT('',(-26.998863690381,0.,5.22602711705806));
#11301=CARTESIAN_POINT('',(-26.998863690381,0.,5.22602711705806));
#11302=CARTESIAN_POINT('Origin',(0.,0.,0.));
#11303=CARTESIAN_POINT('Origin',(-27.5000006332994,0.,-2.23517417907715E-7));
#11304=CARTESIAN_POINT('',(-26.9988636054277,0.,-5.22602755594651));
#11305=CARTESIAN_POINT('',(-26.9988636054277,0.,-5.22602755594651));
#11306=CARTESIAN_POINT('Origin',(-27.5000006332994,0.,-2.23517417907715E-7));
#11307=CARTESIAN_POINT('Origin',(0.,0.,0.));
#11308=CARTESIAN_POINT('',(-23.,0.,-15.0748134316813));
#11309=CARTESIAN_POINT('Origin',(0.,0.,0.));
#11310=CARTESIAN_POINT('',(-23.,0.,-15.0748134316813));
#11311=CARTESIAN_POINT('Origin',(-23.,0.,-17.7552809045647));
#11312=CARTESIAN_POINT('',(-23.,0.,-21.));
#11313=CARTESIAN_POINT('',(-23.,0.,-8.87764056404105));
#11314=CARTESIAN_POINT('',(-23.,0.,-21.));
#11315=CARTESIAN_POINT('Origin',(-21.,0.,-21.));
#11316=CARTESIAN_POINT('',(-21.,0.,-23.));
#11317=CARTESIAN_POINT('Origin',(-21.,0.,-21.));
#11318=CARTESIAN_POINT('',(-21.,0.,-23.));
#11319=CARTESIAN_POINT('Origin',(-21.,0.,-23.));
#11320=CARTESIAN_POINT('',(-15.0748134316813,0.,-23.));
#11321=CARTESIAN_POINT('',(-10.5000001117587,0.,-23.));
#11322=CARTESIAN_POINT('',(-15.0748134316813,0.,-23.));
#11323=CARTESIAN_POINT('Origin',(0.,0.,0.));
#11324=CARTESIAN_POINT('',(-11.4564392373896,0.,-25.));
#11325=CARTESIAN_POINT('Origin',(0.,0.,0.));
#11326=CARTESIAN_POINT('',(-11.4564392373896,0.,-25.));
#11327=CARTESIAN_POINT('Origin',(-11.4564392373896,0.,-25.));
#11328=CARTESIAN_POINT('',(-9.75000009685755,0.,-25.));
#11329=CARTESIAN_POINT('',(-8.66025500107057,0.,-25.));
#11330=CARTESIAN_POINT('',(-10.0516098819906,-0.301609785133014,-25.));
#11331=CARTESIAN_POINT('Origin',(-9.50000009685755,0.25,-14.2691757905439));
#11332=CARTESIAN_POINT('',(-9.75000009685755,0.,-28.371420445781));
#11333=CARTESIAN_POINT('Origin',(0.,9.75000009685754,0.));
#11334=CARTESIAN_POINT('',(-9.75000009685755,0.,-14.2691757905439));
#11335=CARTESIAN_POINT('Origin',(0.,0.,0.));
#11336=CARTESIAN_POINT('',(-12.0554238930826,0.,-27.4711986407236));
#11337=CARTESIAN_POINT('Origin',(0.,0.,0.));
#11338=CARTESIAN_POINT('',(-12.0554238930826,0.,-27.4711986407236));
#11339=CARTESIAN_POINT('Origin',(-14.8683561348019,0.,-33.8811449902257));
#11340=CARTESIAN_POINT('',(-18.5394656869105,0.,-27.9210313456366));
#11341=CARTESIAN_POINT('Origin',(-14.8683561348019,0.,-33.8811449902257));
#11342=CARTESIAN_POINT('',(-18.5394656869105,0.,-27.9210313456366));
#11343=CARTESIAN_POINT('Origin',(-18.5394656869105,0.,-27.9210313456366));
#11344=CARTESIAN_POINT('',(-78.5093245826457,0.,-87.7569505572708));
#11345=CARTESIAN_POINT('',(-18.5394656869105,0.,-27.9210313456366));
#11346=CARTESIAN_POINT('',(-78.5093245826458,0.,-87.7569505572708));
#11347=CARTESIAN_POINT('Origin',(-71.4461664511481,0.,-94.8359192116341));
#11348=CARTESIAN_POINT('',(-81.4312902460621,0.,-95.3811740146782));
#11349=CARTESIAN_POINT('Origin',(-71.4461664511481,0.,-94.8359192116341));
#11350=CARTESIAN_POINT('',(-81.4312902460621,0.,-95.3811740146782));
#11351=CARTESIAN_POINT('Origin',(-96.9082321281788,0.,-96.2263189593966));
#11352=CARTESIAN_POINT('',(-96.0284837178239,0.,-80.7513054623273));
#11353=CARTESIAN_POINT('Origin',(-96.9082321281788,0.,-96.2263189593966));
#11354=CARTESIAN_POINT('',(-96.0284837178239,0.,-80.7513054623273));
#11355=CARTESIAN_POINT('Origin',(-95.4609040982401,0.,-70.7674257867987));
#11356=CARTESIAN_POINT('',(-88.3977459667424,0.,-77.8463944411621));
#11357=CARTESIAN_POINT('Origin',(-95.4609040982401,0.,-70.7674257867987));
#11358=CARTESIAN_POINT('',(-88.3977459667424,0.,-77.8463944411621));
#11359=CARTESIAN_POINT('Origin',(-89.8599093935008,0.,-79.3052921989479));
#11360=CARTESIAN_POINT('',(-29.3251053019116,0.,-18.9056895683334));
#11361=CARTESIAN_POINT('',(-89.8599093935008,0.,-79.3052921989479));
#11362=CARTESIAN_POINT('',(-29.3251053019116,0.,-18.9056895683334));
#11363=CARTESIAN_POINT('Origin',(-34.2693159939599,0.,-13.950411510279));
#11364=CARTESIAN_POINT('',(-27.7859318869945,0.,-11.3111444677938));
#11365=CARTESIAN_POINT('Origin',(-34.2693159939599,0.,-13.950411510279));
#11366=CARTESIAN_POINT('',(-27.7859318869945,0.,-11.3111444677938));
#11367=CARTESIAN_POINT('Origin',(0.,0.,0.));
#11368=CARTESIAN_POINT('Origin',(0.,0.,0.));
#11369=CARTESIAN_POINT('Origin',(-33.9618052781003,0.,14.6831802499459));
#11370=CARTESIAN_POINT('',(-29.0065272200459,0.,19.6273909419942));
#11371=CARTESIAN_POINT('Origin',(-33.9618052781003,0.,14.6831802499459));
#11372=CARTESIAN_POINT('',(-29.0065272200459,0.,19.6273909419942));
#11373=CARTESIAN_POINT('Origin',(-13.9504118274779,0.,34.269315864834));
#11374=CARTESIAN_POINT('',(-10.2567439340648,0.,28.3231559701483));
#11375=CARTESIAN_POINT('',(-10.2567439340648,0.,28.3231559701483));
#11376=CARTESIAN_POINT('',(-18.9056898855323,0.,29.3251051727857));
#11377=CARTESIAN_POINT('',(-18.9056898855323,0.,29.3251051727857));
#11378=CARTESIAN_POINT('Origin',(-13.9504118274779,0.,34.269315864834));
#11379=CARTESIAN_POINT('Origin',(-10.7929785167329,0.,33.2943180548475));
#11380=CARTESIAN_POINT('Origin',(-10.7929785167329,0.,33.2943180548475));
#11381=CARTESIAN_POINT('Origin',(14.6831805625335,0.,33.9618051429549));
#11382=CARTESIAN_POINT('',(19.6273912545818,0.,29.0065270849006));
#11383=CARTESIAN_POINT('Origin',(14.6831805625335,0.,33.9618051429549));
#11384=CARTESIAN_POINT('',(19.6273912545818,0.,29.0065270849006));
#11385=CARTESIAN_POINT('Origin',(18.5394652398756,0.,27.9210308986018));
#11386=CARTESIAN_POINT('',(78.5093241356109,0.,87.7569501102359));
#11387=CARTESIAN_POINT('',(18.5394652398756,0.,27.9210308986018));
#11388=CARTESIAN_POINT('',(78.5093241356109,0.,87.7569501102359));
#11389=CARTESIAN_POINT('Origin',(71.4461660041133,0.,94.8359187645993));
#11390=CARTESIAN_POINT('',(81.4312897990272,0.,95.3811735676434));
#11391=CARTESIAN_POINT('Origin',(71.4461660041133,0.,94.8359187645993));
#11392=CARTESIAN_POINT('',(81.4312897990272,0.,95.3811735676434));
#11393=CARTESIAN_POINT('Origin',(96.9082316811439,0.,96.2263185123618));
#11394=CARTESIAN_POINT('',(96.028483270789,0.,80.7513050152924));
#11395=CARTESIAN_POINT('Origin',(96.9082316811439,0.,96.2263185123618));
#11396=CARTESIAN_POINT('',(96.028483270789,0.,80.7513050152924));
#11397=CARTESIAN_POINT('Origin',(95.4609036512051,0.,70.7674253397639));
#11398=CARTESIAN_POINT('',(88.3977455197075,0.,77.8463939941272));
#11399=CARTESIAN_POINT('Origin',(95.4609036512051,0.,70.7674253397639));
#11400=CARTESIAN_POINT('',(88.3977455197075,0.,77.8463939941272));
#11401=CARTESIAN_POINT('Origin',(89.8599089464659,0.,79.305291751913));
#11402=CARTESIAN_POINT('',(29.3251053022006,0.,18.9056895676233));
#11403=CARTESIAN_POINT('',(89.8599089464659,0.,79.305291751913));
#11404=CARTESIAN_POINT('',(29.3251053022006,0.,18.9056895676234));
#11405=CARTESIAN_POINT('Origin',(34.2693159942489,0.,13.950411509569));
#11406=CARTESIAN_POINT('',(28.3231561261194,0.,10.256743573405));
#11407=CARTESIAN_POINT('',(28.3231561261194,0.,10.256743573405));
#11408=CARTESIAN_POINT('Origin',(34.2693159942489,0.,13.950411509569));
#11409=CARTESIAN_POINT('Origin',(33.2943182302961,0.,10.7929779755067));
#11410=CARTESIAN_POINT('Origin',(33.2943182302961,0.,10.7929779755067));
#11411=CARTESIAN_POINT('Origin',(33.9618050081114,0.,-14.683180874423));
#11412=CARTESIAN_POINT('Origin',(33.9618050081114,0.,-14.683180874423));
#11413=CARTESIAN_POINT('Origin',(-96.2263189593966,0.,96.9082316811439));
#11414=CARTESIAN_POINT('',(-92.7263189593966,0.,96.9082316811439));
#11415=CARTESIAN_POINT('',(-92.7263189593966,0.,96.9082316811439));
#11416=CARTESIAN_POINT('Origin',(-96.2263189593966,0.,96.9082316811439));
#11417=CARTESIAN_POINT('Ctrl Pts',(-75.5183105049935,19.6420421939342,81.6157410311473));
#11418=CARTESIAN_POINT('Ctrl Pts',(-76.4601546220393,19.4223719467713,82.0025392771385));
#11419=CARTESIAN_POINT('Ctrl Pts',(-79.1986075822653,18.4512981594401,83.3211825292514));
#11420=CARTESIAN_POINT('Ctrl Pts',(-82.8623672750941,15.1652741250541,85.8879218588276));
#11421=CARTESIAN_POINT('Ctrl Pts',(-85.2476173133422,9.31612226262992,87.9971745901473));
#11422=CARTESIAN_POINT('Ctrl Pts',(-85.465096697677,4.89232959129071,88.1977737254567));
#11423=CARTESIAN_POINT('Ctrl Pts',(-85.2233724729342,2.7501082237364,87.9798843415968));
#11424=CARTESIAN_POINT('Ctrl Pts',(-75.3242766189635,19.5867855692643,82.2965977918502));
#11425=CARTESIAN_POINT('Ctrl Pts',(-76.2306005294621,19.3569663889061,82.6642208119137));
#11426=CARTESIAN_POINT('Ctrl Pts',(-78.8636552375367,18.3721893982547,83.9257044900843));
#11427=CARTESIAN_POINT('Ctrl Pts',(-82.3953031740759,15.1498012656522,86.4422501288898));
#11428=CARTESIAN_POINT('Ctrl Pts',(-84.7394201685554,9.3534285322878,88.6085906563494));
#11429=CARTESIAN_POINT('Ctrl Pts',(-84.9591797684917,4.8895975451,88.8250608605643));
#11430=CARTESIAN_POINT('Ctrl Pts',(-84.7195906649421,2.7376821332751,88.5977335425811));
#11431=CARTESIAN_POINT('Ctrl Pts',(-74.8832165270117,19.175547651517,83.6154845200927));
#11432=CARTESIAN_POINT('Ctrl Pts',(-75.7038226707089,18.9368202901672,83.93320120441));
#11433=CARTESIAN_POINT('Ctrl Pts',(-78.0854087618002,17.9555677568278,85.0463536717249));
#11434=CARTESIAN_POINT('Ctrl Pts',(-81.2772609911392,14.895238456732,87.3948060916918));
#11435=CARTESIAN_POINT('Ctrl Pts',(-83.4296409452893,9.30761362531331,89.5858469301125));
#11436=CARTESIAN_POINT('Ctrl Pts',(-83.6380632693825,4.88796364858306,89.8221539514141));
#11437=CARTESIAN_POINT('Ctrl Pts',(-83.4160460629845,2.77139681424322,89.5864010074696));
#11438=CARTESIAN_POINT('Ctrl Pts',(-74.0598188521951,17.5376785156754,85.3807302414147));
#11439=CARTESIAN_POINT('Ctrl Pts',(-74.7027870245887,17.3226308233593,85.5948480491286));
#11440=CARTESIAN_POINT('Ctrl Pts',(-76.5670257890154,16.4487252679103,86.385863521466));
#11441=CARTESIAN_POINT('Ctrl Pts',(-79.022339298159,13.7594919583075,88.2270400517586));
#11442=CARTESIAN_POINT('Ctrl Pts',(-80.6090131308675,8.83106717606864,90.0849291693364));
#11443=CARTESIAN_POINT('Ctrl Pts',(-80.7583207848133,4.89938210843468,90.2966946773893));
#11444=CARTESIAN_POINT('Ctrl Pts',(-80.5961406901883,3.02055264195359,90.0930699380119));
#11445=CARTESIAN_POINT('Ctrl Pts',(-73.5610009159828,15.804418435242,85.8566038856479));
#11446=CARTESIAN_POINT('Ctrl Pts',(-74.0780834354902,15.6320437002973,86.0053327993922));
#11447=CARTESIAN_POINT('Ctrl Pts',(-75.576540557622,14.899462565333,86.5686450295054));
#11448=CARTESIAN_POINT('Ctrl Pts',(-77.5168231017272,12.52214091117,87.9132680136273));
#11449=CARTESIAN_POINT('Ctrl Pts',(-78.6949424969785,8.23650812408843,89.2332649716065));
#11450=CARTESIAN_POINT('Ctrl Pts',(-78.7983914097713,4.91759701669548,89.3764063226623));
#11451=CARTESIAN_POINT('Ctrl Pts',(-78.6807796308906,3.31972239353811,89.2338173945383));
#11452=CARTESIAN_POINT('Ctrl Pts',(-73.352387012214,14.7613614626228,85.8007806984111));
#11453=CARTESIAN_POINT('Ctrl Pts',(-73.8079189270344,14.6149146311809,85.9226769043397));
#11454=CARTESIAN_POINT('Ctrl Pts',(-75.125090527158,13.9675321062934,86.3783233229049));
#11455=CARTESIAN_POINT('Ctrl Pts',(-76.8282853611727,11.7768494167028,87.428277621177));
#11456=CARTESIAN_POINT('Ctrl Pts',(-77.8595616544317,7.87741484175326,88.4005780511876));
#11457=CARTESIAN_POINT('Ctrl Pts',(-77.9482248654118,4.92821972752715,88.4997817183973));
#11458=CARTESIAN_POINT('Ctrl Pts',(-77.8456301019102,3.5000721491576,88.3969795524101));
#11459=CARTESIAN_POINT('Ctrl Pts',(-77.8459085324373,3.500012024891,88.3972585222431));
#11460=CARTESIAN_POINT('Ctrl Pts',(-77.846071086992,3.50359175190166,88.3974214417338));
#11461=CARTESIAN_POINT('Ctrl Pts',(-77.8462330661309,3.50717152386712,88.3975837237814));
#11462=CARTESIAN_POINT('Ctrl Pts',(-77.8463944697521,3.51075133996202,88.3977453692101));
#11463=CARTESIAN_POINT('Ctrl Pts',(-77.8463944411621,6.48924863933157,88.3977455197075));
#11464=CARTESIAN_POINT('Ctrl Pts',(-77.8446461104661,6.52803011112685,88.3959932754616));
#11465=CARTESIAN_POINT('Ctrl Pts',(-77.8428290944836,6.56680561766396,88.3941721921806));
#11466=CARTESIAN_POINT('Ctrl Pts',(-77.8241416908593,6.95099365955211,88.3754429577468));
#11467=CARTESIAN_POINT('Ctrl Pts',(-77.8018728345258,7.29607911277034,88.3531242537027));
#11468=CARTESIAN_POINT('Ctrl Pts',(-77.699224412808,8.56670692422891,88.2502460586755));
#11469=CARTESIAN_POINT('Ctrl Pts',(-77.5836589928593,9.49331886265048,88.134421951369));
#11470=CARTESIAN_POINT('Ctrl Pts',(-77.2779340194857,11.2353124022604,87.8280126280782));
#11471=CARTESIAN_POINT('Ctrl Pts',(-77.0917502727294,12.0659984966016,87.641412118405));
#11472=CARTESIAN_POINT('Ctrl Pts',(-76.6490770037826,13.6046700237011,87.1977479476958));
#11473=CARTESIAN_POINT('Ctrl Pts',(-76.3977366884706,14.3216842576683,86.9458450197779));
#11474=CARTESIAN_POINT('Ctrl Pts',(-76.1017461061402,14.9999999999986,86.6491918774733));
#11475=CARTESIAN_POINT('Ctrl Pts',(-75.5183105064612,19.6420421935919,81.61574103175));
#11476=CARTESIAN_POINT('Ctrl Pts',(-76.4601546229875,19.4223719464351,82.0025392775951));
#11477=CARTESIAN_POINT('Ctrl Pts',(-79.1986075826459,18.4512981590988,83.3211825295181));
#11478=CARTESIAN_POINT('Ctrl Pts',(-82.8623672750941,15.1652741250541,85.8879218588276));
#11479=CARTESIAN_POINT('Ctrl Pts',(-85.1436417178041,9.57109303656815,87.9052300118589));
#11480=CARTESIAN_POINT('Ctrl Pts',(-85.4307874242849,5.46860128215813,88.166386433674));
#11481=CARTESIAN_POINT('Ctrl Pts',(-85.3002414210361,3.59366934072429,88.049079534118));
#11482=CARTESIAN_POINT('Origin',(-79.3052921989479,0.,89.859908946466));
#11483=CARTESIAN_POINT('',(-77.846394441162,0.,88.3977455197076));
#11484=CARTESIAN_POINT('',(-77.846394441162,0.,88.3977455197076));
#11485=CARTESIAN_POINT('',(-79.3052921989479,0.,89.859908946466));
#11486=CARTESIAN_POINT('Origin',(-70.7674257867987,0.,95.4609036512052));
#11487=CARTESIAN_POINT('',(-80.7513054623273,0.,96.028483270789));
#11488=CARTESIAN_POINT('',(-80.7513054623273,0.,96.028483270789));
#11489=CARTESIAN_POINT('Origin',(-70.7674257867987,0.,95.4609036512052));
#11490=CARTESIAN_POINT('Origin',(-96.2263189593966,0.,96.9082316811439));
#11491=CARTESIAN_POINT('',(-95.3811740146783,0.,81.4312897990272));
#11492=CARTESIAN_POINT('',(-95.3811740146783,0.,81.4312897990272));
#11493=CARTESIAN_POINT('Origin',(-96.2263189593966,0.,96.9082316811439));
#11494=CARTESIAN_POINT('Origin',(-94.8359192116342,0.,71.4461660041133));
#11495=CARTESIAN_POINT('',(-87.7569505572708,0.,78.5093241356109));
#11496=CARTESIAN_POINT('',(-87.7569505572708,0.,78.5093241356109));
#11497=CARTESIAN_POINT('Origin',(-94.8359192116342,0.,71.4461660041133));
#11498=CARTESIAN_POINT('Origin',(-27.9210317926715,0.,18.5394656879112));
#11499=CARTESIAN_POINT('Ctrl Pts',(-86.012302222249,14.9999999999986,76.7607704933767));
#11500=CARTESIAN_POINT('Ctrl Pts',(-86.308292805006,14.3216842566905,77.057423636109));
#11501=CARTESIAN_POINT('Ctrl Pts',(-86.5596331206161,13.6046700216334,77.3093265643256));
#11502=CARTESIAN_POINT('Ctrl Pts',(-87.0023063898288,12.0659984926695,77.7529907353013));
#11503=CARTESIAN_POINT('Ctrl Pts',(-87.1884901365966,11.2353123975522,77.939591244986));
#11504=CARTESIAN_POINT('Ctrl Pts',(-87.4942151100222,9.49331885556319,78.2460005683289));
#11505=CARTESIAN_POINT('Ctrl Pts',(-87.6097805299287,8.56670691547828,78.3618246755931));
#11506=CARTESIAN_POINT('Ctrl Pts',(-87.7124289509194,7.29607910785785,78.4647028698916));
#11507=CARTESIAN_POINT('Ctrl Pts',(-87.7346978063865,6.95099367080205,78.4870215730674));
#11508=CARTESIAN_POINT('Ctrl Pts',(-87.7533852108823,6.56680561220027,78.5057508083746));
#11509=CARTESIAN_POINT('Ctrl Pts',(-87.7552022263443,6.52803011624043,78.5075718911339));
#11510=CARTESIAN_POINT('Ctrl Pts',(-87.7569505572708,6.48924863933158,78.5093241356109));
#11511=CARTESIAN_POINT('',(-27.9210317926715,0.,18.5394656879112));
#11512=CARTESIAN_POINT('Ctrl Pts',(-87.7569505872905,3.5107513608883,78.5093240983714));
#11513=CARTESIAN_POINT('Ctrl Pts',(-87.7567891826307,3.50717152302924,78.5091623769544));
#11514=CARTESIAN_POINT('Ctrl Pts',(-87.7566272027558,3.50359174409688,78.5090000572749));
#11515=CARTESIAN_POINT('Ctrl Pts',(-87.7564646474924,3.50001202489118,78.5088371392056));
#11516=CARTESIAN_POINT('Ctrl Pts',(-87.3225959125349,2.7501082237379,85.8853494126838));
#11517=CARTESIAN_POINT('Ctrl Pts',(-87.431270092419,3.82121891957908,86.0064548185478));
#11518=CARTESIAN_POINT('Ctrl Pts',(-87.5273323088156,7.08937074137745,86.1074210304089));
#11519=CARTESIAN_POINT('Ctrl Pts',(-86.4852300200906,12.4081965814967,84.9711041616629));
#11520=CARTESIAN_POINT('Ctrl Pts',(-83.7341672650432,17.4379597606841,81.5540189960276));
#11521=CARTESIAN_POINT('Ctrl Pts',(-81.7495512224503,19.2027017005256,78.0514950755194));
#11522=CARTESIAN_POINT('Ctrl Pts',(-80.9801684876147,19.6420421939342,76.1660818354879));
#11523=CARTESIAN_POINT('Ctrl Pts',(-87.9415699970715,2.73768213327662,85.3829503403392));
#11524=CARTESIAN_POINT('Ctrl Pts',(-88.0549655192802,3.81363985130767,85.5029987396102));
#11525=CARTESIAN_POINT('Ctrl Pts',(-88.1573007982153,7.10655881881969,85.6042517726224));
#11526=CARTESIAN_POINT('Ctrl Pts',(-87.0612565482778,12.4342615798324,84.4729353787148));
#11527=CARTESIAN_POINT('Ctrl Pts',(-84.3033751257313,17.3747510046799,81.1531015676334));
#11528=CARTESIAN_POINT('Ctrl Pts',(-82.3926486166263,19.1271472095075,77.7878580474045));
#11529=CARTESIAN_POINT('Ctrl Pts',(-81.6614573953021,19.5867855692643,75.9735707922073));
#11530=CARTESIAN_POINT('Ctrl Pts',(-88.9331496215647,2.77139681590809,84.0816196086789));
#11531=CARTESIAN_POINT('Ctrl Pts',(-89.0507775911616,3.82968024499756,84.1928915008525));
#11532=CARTESIAN_POINT('Ctrl Pts',(-89.1601282260646,7.08343128570499,84.2874305804715));
#11533=CARTESIAN_POINT('Ctrl Pts',(-88.0095265498173,12.3010350049975,83.2345582280505));
#11534=CARTESIAN_POINT('Ctrl Pts',(-85.3301910419046,17.00252497727,80.2170672128093));
#11535=CARTESIAN_POINT('Ctrl Pts',(-83.6130891190697,18.6980929234834,77.1780897369772));
#11536=CARTESIAN_POINT('Ctrl Pts',(-82.9813269992408,19.1755476451864,75.5354607620452));
#11537=CARTESIAN_POINT('Ctrl Pts',(-89.4461224182095,3.02055264434688,81.2628541799302));
#11538=CARTESIAN_POINT('Ctrl Pts',(-89.5477532217197,3.95996738816814,81.344171672232));
#11539=CARTESIAN_POINT('Ctrl Pts',(-89.6441002631997,6.8529388093348,81.4118654799816));
#11540=CARTESIAN_POINT('Ctrl Pts',(-88.6407195163632,11.4774246319523,80.6488500677615));
#11541=CARTESIAN_POINT('Ctrl Pts',(-86.4467956119614,15.6093399133022,78.3743793582942));
#11542=CARTESIAN_POINT('Ctrl Pts',(-85.1737686283593,17.1075831230321,76.0029027778505));
#11543=CARTESIAN_POINT('Ctrl Pts',(-84.748409366189,17.5376785067665,74.7160121393028));
#11544=CARTESIAN_POINT('Ctrl Pts',(-88.5911547034342,3.31972239353923,79.3455766496551));
#11545=CARTESIAN_POINT('Ctrl Pts',(-88.6623175033942,4.11865971411642,79.4045418032036));
#11546=CARTESIAN_POINT('Ctrl Pts',(-88.7293627196611,6.56624755376112,79.4514734813104));
#11547=CARTESIAN_POINT('Ctrl Pts',(-88.030897938773,10.5176920169907,78.9052938945892));
#11548=CARTESIAN_POINT('Ctrl Pts',(-86.4447960933242,14.1625528590244,77.1555074298304));
#11549=CARTESIAN_POINT('Ctrl Pts',(-85.5205419241205,15.4596689660723,75.2530870226981));
#11550=CARTESIAN_POINT('Ctrl Pts',(-85.2253971761208,15.804418435242,74.2182594718721));
#11551=CARTESIAN_POINT('Ctrl Pts',(-87.7561863009081,3.5000721491586,78.5085580856096));
#11552=CARTESIAN_POINT('Ctrl Pts',(-87.8074725579079,4.21414594638605,78.5599702696628));
#11553=CARTESIAN_POINT('Ctrl Pts',(-87.8546056885925,6.39291382758497,78.6011510056269));
#11554=CARTESIAN_POINT('Ctrl Pts',(-87.3550736927839,9.93879772099784,78.1258679455297));
#11555=CARTESIAN_POINT('Ctrl Pts',(-86.1515463361854,13.2919731737894,76.5909994712838));
#11556=CARTESIAN_POINT('Ctrl Pts',(-85.411795291535,14.4684678003504,74.9211279286042));
#11557=CARTESIAN_POINT('Ctrl Pts',(-85.1700405774725,14.7613614626228,74.0095212720499));
#11558=CARTESIAN_POINT('Ctrl Pts',(-87.3920726430512,3.59381397488362,85.9624355467073));
#11559=CARTESIAN_POINT('Ctrl Pts',(-87.4425373285863,4.39048365549622,86.0181102029368));
#11560=CARTESIAN_POINT('Ctrl Pts',(-87.4507035636351,5.19329381072311,86.0261652164851));
#11561=CARTESIAN_POINT('Ctrl Pts',(-87.4151645045021,5.99144720991946,85.9867927005543));
#11562=CARTESIAN_POINT('Ctrl Pts',(-87.3189118510706,8.15313590940131,85.8801576566597));
#11563=CARTESIAN_POINT('Ctrl Pts',(-86.9020709355806,10.280666245449,85.4256309091613));
#11564=CARTESIAN_POINT('Ctrl Pts',(-86.235140018661,12.1827252766708,84.6288533411395));
#11565=CARTESIAN_POINT('Ctrl Pts',(-85.5682091017415,14.0847843078925,83.8320757731178));
#11566=CARTESIAN_POINT('Ctrl Pts',(-84.6511881833923,15.7613720342883,82.6930473845727));
#11567=CARTESIAN_POINT('Ctrl Pts',(-83.6965237135695,17.0408513824466,81.2479022101731));
#11568=CARTESIAN_POINT('Ctrl Pts',(-82.741859243993,18.3203307302748,79.8027570361463));
#11569=CARTESIAN_POINT('Ctrl Pts',(-81.7495512229623,19.2027017000704,78.051495076423));
#11570=CARTESIAN_POINT('Ctrl Pts',(-80.9801684882102,19.6420421935941,76.1660818369471));
#11571=CARTESIAN_POINT('Origin',(-96.2263189593966,5.,96.9082316811439));
#11572=CARTESIAN_POINT('Origin',(-2.23517435671283E-7,0.,-2.23517417907715E-7));
#11573=CARTESIAN_POINT('Origin',(0.,15.0000002980232,-62.5));
#11574=UNCERTAINTY_MEASURE_WITH_UNIT(LENGTH_MEASURE(0.01),#11578,
'DISTANCE_ACCURACY_VALUE',
'Maximum model space distance between geometric entities at asserted c
onnectivities');
#11575=UNCERTAINTY_MEASURE_WITH_UNIT(LENGTH_MEASURE(0.01),#11578,
'DISTANCE_ACCURACY_VALUE',
'Maximum model space distance between geometric entities at asserted c
onnectivities');
#11576=(
GEOMETRIC_REPRESENTATION_CONTEXT(3)
GLOBAL_UNCERTAINTY_ASSIGNED_CONTEXT((#11574))
GLOBAL_UNIT_ASSIGNED_CONTEXT((#11578,#11580,#11581))
REPRESENTATION_CONTEXT('','3D')
);
#11577=(
GEOMETRIC_REPRESENTATION_CONTEXT(3)
GLOBAL_UNCERTAINTY_ASSIGNED_CONTEXT((#11575))
GLOBAL_UNIT_ASSIGNED_CONTEXT((#11578,#11580,#11581))
REPRESENTATION_CONTEXT('','3D')
);
#11578=(
LENGTH_UNIT()
NAMED_UNIT(*)
SI_UNIT(.MILLI.,.METRE.)
);
#11579=(
LENGTH_UNIT()
NAMED_UNIT(*)
SI_UNIT($,.METRE.)
);
#11580=(
NAMED_UNIT(*)
PLANE_ANGLE_UNIT()
SI_UNIT($,.RADIAN.)
);
#11581=(
NAMED_UNIT(*)
SI_UNIT($,.STERADIAN.)
SOLID_ANGLE_UNIT()
);
#11582=SHAPE_DEFINITION_REPRESENTATION(#11583,#11584);
#11583=PRODUCT_DEFINITION_SHAPE('',$,#11586);
#11584=SHAPE_REPRESENTATION('',(#5122),#11576);
#11585=PRODUCT_DEFINITION_CONTEXT('part definition',#11590,'design');
#11586=PRODUCT_DEFINITION('2026-03-24-12-50-11-751',
'Interceptor_Frame_V1',#11587,#11585);
#11587=PRODUCT_DEFINITION_FORMATION('',$,#11592);
#11588=PRODUCT_RELATED_PRODUCT_CATEGORY('Interceptor_Frame_V1',
'Interceptor_Frame_V1',(#11592));
#11589=APPLICATION_PROTOCOL_DEFINITION('international standard',
'automotive_design',2009,#11590);
#11590=APPLICATION_CONTEXT(
'Core Data for Automotive Mechanical Design Process');
#11591=PRODUCT_CONTEXT('part definition',#11590,'mechanical');
#11592=PRODUCT('2026-03-24-12-50-11-751','Interceptor_Frame_V1',$,(#11591));
#11593=PRESENTATION_STYLE_ASSIGNMENT((#11595));
#11594=PRESENTATION_STYLE_ASSIGNMENT((#11596));
#11595=SURFACE_STYLE_USAGE(.BOTH.,#11597);
#11596=SURFACE_STYLE_USAGE(.BOTH.,#11598);
#11597=SURFACE_SIDE_STYLE('',(#11599));
#11598=SURFACE_SIDE_STYLE('',(#11600));
#11599=SURFACE_STYLE_FILL_AREA(#11601);
#11600=SURFACE_STYLE_FILL_AREA(#11602);
#11601=FILL_AREA_STYLE('Steel - Satin',(#11603));
#11602=FILL_AREA_STYLE('Polycarbonate (Clear)',(#11604));
#11603=FILL_AREA_STYLE_COLOUR('Steel - Satin',#11605);
#11604=FILL_AREA_STYLE_COLOUR('Polycarbonate (Clear)',#11606);
#11605=COLOUR_RGB('Steel - Satin',0.627450980392157,0.627450980392157,0.627450980392157);
#11606=COLOUR_RGB('Polycarbonate (Clear)',0.964705882352941,0.964705882352941,
0.952941176470588);
ENDSEC;
END-ISO-10303-21;
